"file_id","file_name","platform","data_format","file_size","case_submitter_id","sample_submitter_id","sample_type"
"4a40cc85-49e8-40fa-9d80-df7aa859b6f9","6aceb16e-2157-4e6d-b01a-035edac0f3f0_noid_Grn.idat","Illumina Human Methylation 27","IDAT","719562","TCGA-02-0047","TCGA-02-0047-01A","Primary Tumor"
"7dc9bc35-96a5-4309-88de-f381a74c7567","6aceb16e-2157-4e6d-b01a-035edac0f3f0_noid_Red.idat","Illumina Human Methylation 27","IDAT","719562","TCGA-02-0047","TCGA-02-0047-01A","Primary Tumor"
"decff157-e7a6-477e-b7ad-3f61072ad381","e53c7374-67b1-4950-9459-55d0080ba730_noid_Red.idat","Illumina Human Methylation 450","IDAT","8091452","TCGA-06-6390","TCGA-06-6390-01A","Primary Tumor"
"86540fdf-0676-4b45-bfbc-37beb15a6fd5","e53c7374-67b1-4950-9459-55d0080ba730.methylation_array.sesame.level3betas.txt","Illumina Human Methylation 450","TXT","13158488","TCGA-06-6390","TCGA-06-6390-01A","Primary Tumor"
"c01867ca-50f6-4b8c-8b88-65c39891bda7","e53c7374-67b1-4950-9459-55d0080ba730_noid_Grn.idat","Illumina Human Methylation 450","IDAT","8091452","TCGA-06-6390","TCGA-06-6390-01A","Primary Tumor"
"dab3f131-430e-4f1b-8d7a-2bdc25bdf741","6c2c5c0e-1012-47e5-9e70-6692440c33cd_noid_Red.idat","Illumina Human Methylation 27","IDAT","719555","TCGA-16-1048","TCGA-16-1048-01B","Primary Tumor"
"1696bb70-232b-4e90-98d8-e27e823b99fe","6c2c5c0e-1012-47e5-9e70-6692440c33cd_noid_Grn.idat","Illumina Human Methylation 27","IDAT","719555","TCGA-16-1048","TCGA-16-1048-01B","Primary Tumor"
"02b92dc9-bb86-4079-a05f-8ae3c7ef87da","6c2c5c0e-1012-47e5-9e70-6692440c33cd.methylation_array.sesame.level3betas.txt","Illumina Human Methylation 27","TXT","775262","TCGA-16-1048","TCGA-16-1048-01B","Primary Tumor"
"db9552cf-307b-48d8-a317-10d176842fc5","e7aa5415-73d2-4023-b622-bb1d3a6bf530_noid_Grn.idat","Illumina Human Methylation 450","IDAT","8091452","TCGA-06-5411","TCGA-06-5411-01A","Primary Tumor"
"305038a8-1fa0-431e-a8bf-b70c64b1c530","e7aa5415-73d2-4023-b622-bb1d3a6bf530.methylation_array.sesame.level3betas.txt","Illumina Human Methylation 450","TXT","13095956","TCGA-06-5411","TCGA-06-5411-01A","Primary Tumor"
"1e75b973-9a34-4921-96a0-386c6300ffd8","e7aa5415-73d2-4023-b622-bb1d3a6bf530_noid_Red.idat","Illumina Human Methylation 450","IDAT","8091452","TCGA-06-5411","TCGA-06-5411-01A","Primary Tumor"
"685e8445-e320-4f93-8af9-4ded2c635312","1ac5bdc3-aa3d-446e-a11c-2090c5af34ab_noid_Red.idat","Illumina Human Methylation 27","IDAT","719549","TCGA-12-3648","TCGA-12-3648-01A","Primary Tumor"
"ee37152b-cb4d-4582-994a-4a2d1fd7d62b","1ac5bdc3-aa3d-446e-a11c-2090c5af34ab_noid_Grn.idat","Illumina Human Methylation 27","IDAT","719549","TCGA-12-3648","TCGA-12-3648-01A","Primary Tumor"
"05c4e018-1c6a-4b64-b33b-5e4325610e3c","1ac5bdc3-aa3d-446e-a11c-2090c5af34ab.methylation_array.sesame.level3betas.txt","Illumina Human Methylation 27","TXT","767421","TCGA-12-3648","TCGA-12-3648-01A","Primary Tumor"
"625969e4-d06a-4fae-a1fc-917542aa5727","bfc9c855-a10e-41ad-8c03-96b3e7c8a340_noid_Red.idat","Illumina Human Methylation 450","IDAT","8095288","TCGA-06-A7TK","TCGA-06-A7TK-01A","Primary Tumor"
"643b6999-0a77-467c-86de-d8da63a74871","3f28c95e-c823-43fe-92b4-0f3f708db891.methylation_array.sesame.level3betas.txt","Illumina Human Methylation 450","TXT","13199202","TCGA-14-0862","TCGA-14-0862-01B","Primary Tumor"
"ca4383f3-b9e4-4b50-95f4-779bf78ea6c0","3f28c95e-c823-43fe-92b4-0f3f708db891_noid_Grn.idat","Illumina Human Methylation 450","IDAT","8095260","TCGA-14-0862","TCGA-14-0862-01B","Primary Tumor"
"b491d0dc-f896-4b0a-955f-d0c408783932","57500859-7ecd-41e9-a04b-3f67c8cfac27_noid_Grn.idat","Illumina Human Methylation 27","IDAT","719556","TCGA-32-1977","TCGA-32-1977-01A","Primary Tumor"
"12757ac8-89a9-4922-9c2d-90cb29f7c517","ca3252f7-0bf2-4990-994f-e5c3c55af321_noid_Red.idat","Illumina Human Methylation 450","IDAT","8091452","TCGA-19-5959","TCGA-19-5959-01A","Primary Tumor"
"c23dd3b7-cbfe-45a8-8f90-d46187147d23","64290030-6f1c-406b-a4c9-f3d461ac1149.methylation_array.sesame.level3betas.txt","Illumina Human Methylation 27","TXT","776671","TCGA-41-3915","TCGA-41-3915-01A","Primary Tumor"
"cede174d-4998-4d19-8bf2-c554b5f35d0f","ca3252f7-0bf2-4990-994f-e5c3c55af321_noid_Grn.idat","Illumina Human Methylation 450","IDAT","8091452","TCGA-19-5959","TCGA-19-5959-01A","Primary Tumor"
"0d0f21fa-6323-4bd7-8ae3-6ae25585f1ef","4cfee232-dedf-4a70-8a29-bf4ad0de9afd_noid_Grn.idat","Illumina Human Methylation 27","IDAT","719549","TCGA-19-1787","TCGA-19-1787-01B","Primary Tumor"
"a7352b9c-6252-467b-885d-0649d672512c","151dc293-be67-469f-8fcc-c85798c6d4f8_noid_Red.idat","Illumina Human Methylation 27","IDAT","719560","TCGA-06-0141","TCGA-06-0141-01A","Primary Tumor"
"cbc0c286-7548-4609-8211-e9301bd696f4","30ef2ff4-0d88-420e-a828-02a2f933176e.methylation_array.sesame.level3betas.txt","Illumina Human Methylation 450","TXT","13078863","TCGA-28-5208","TCGA-28-5208-01A","Primary Tumor"
"67d0cc42-1381-436f-974f-cfdaa2b0fd2d","151dc293-be67-469f-8fcc-c85798c6d4f8.methylation_array.sesame.level3betas.txt","Illumina Human Methylation 27","TXT","762287","TCGA-06-0141","TCGA-06-0141-01A","Primary Tumor"
"41704b83-e3b7-44b7-9a20-1d344b4a6270","95b87034-0624-4706-823d-ab6570593faf.methylation_array.sesame.level3betas.txt","Illumina Human Methylation 27","TXT","761353","TCGA-12-1092","TCGA-12-1092-01B","Primary Tumor"
"86b1d05d-4c67-4643-b21c-a5be5d67d3a1","1b8aee34-7605-49ff-94cf-3f6b4a90d7bc_noid_Grn.idat","Illumina Human Methylation 27","IDAT","719554","TCGA-27-2521","TCGA-27-2521-01A","Primary Tumor"
"62caaf00-e19c-4847-b8bf-eee272999153","f9424b12-5861-485d-b4fd-6f2146cfdea1_noid_Grn.idat","Illumina Human Methylation 27","IDAT","719553","TCGA-12-1089","TCGA-12-1089-01A","Primary Tumor"
"af969db1-1a03-44e2-b028-c2d676eb8515","f9424b12-5861-485d-b4fd-6f2146cfdea1.methylation_array.sesame.level3betas.txt","Illumina Human Methylation 27","TXT","758579","TCGA-12-1089","TCGA-12-1089-01A","Primary Tumor"
"dddfb44e-abc4-46c1-ae44-83fcf2f71f77","ff47dd82-1c43-43f9-bcd9-6645dd7b37cc_noid_Grn.idat","Illumina Human Methylation 27","IDAT","719552","TCGA-16-0850","TCGA-16-0850-01A","Primary Tumor"
"bae8d325-6d47-49a9-9071-1d1ebaeec2eb","daac12bc-d6ad-4723-91f9-218ca830eaaf_noid_Grn.idat","Illumina Human Methylation 27","IDAT","719556","TCGA-32-4211","TCGA-32-4211-01A","Primary Tumor"
"90c8f84d-274c-4dbd-a5f9-027b60ca6ba4","c8a4dec9-686c-43e1-9a06-62a51aa64d87.methylation_array.sesame.level3betas.txt","Illumina Human Methylation 450","TXT","13131868","TCGA-06-5418","TCGA-06-5418-01A","Primary Tumor"
"493188dd-e49a-4b1a-8cb9-ef2099fc7abe","c8a4dec9-686c-43e1-9a06-62a51aa64d87_noid_Red.idat","Illumina Human Methylation 450","IDAT","8095285","TCGA-06-5418","TCGA-06-5418-01A","Primary Tumor"
"51a4af5b-673b-4edf-b76a-29a68f27d113","c8a4dec9-686c-43e1-9a06-62a51aa64d87_noid_Grn.idat","Illumina Human Methylation 450","IDAT","8095285","TCGA-06-5418","TCGA-06-5418-01A","Primary Tumor"
"88d9811f-5466-4a61-b9c4-b91744e1664d","a526753d-c5c1-4d94-9eeb-910a7cb62c8f_noid_Red.idat","Illumina Human Methylation 27","IDAT","719554","TCGA-14-1821","TCGA-14-1821-01A","Primary Tumor"
"28f28fe8-1052-403b-aa90-a38d91d01893","a526753d-c5c1-4d94-9eeb-910a7cb62c8f.methylation_array.sesame.level3betas.txt","Illumina Human Methylation 27","TXT","775657","TCGA-14-1821","TCGA-14-1821-01A","Primary Tumor"
"637f6be5-2097-48a6-b7a4-decb651be12c","e234df16-8669-4cc3-b316-dc23f1bf2121_noid_Grn.idat","Illumina Human Methylation 27","IDAT","719557","TCGA-02-2485","TCGA-02-2485-01A","Primary Tumor"
"5338fdc4-6dd9-43a3-ba9f-5152cbf73c93","e5571b0a-2232-449e-8372-eafa56aa0ea8_noid_Red.idat","Illumina Human Methylation 450","IDAT","8095291","TCGA-12-5299","TCGA-12-5299-01A","Primary Tumor"
"79724294-a716-4335-8fed-489f0aefe0c9","43d11bf8-5fba-4dac-be15-15d973da51cc_noid_Grn.idat","Illumina Human Methylation 27","IDAT","719557","TCGA-32-1976","TCGA-32-1976-01A","Primary Tumor"
"309e53b9-3a21-4603-9b0e-5d9418795116","1243c462-0e5e-407a-b0b8-f4231185015d.methylation_array.sesame.level3betas.txt","Illumina Human Methylation 450","TXT","13103674","TCGA-06-0650","TCGA-06-0650-01A","Primary Tumor"
"440dbed6-530b-487e-a085-2beab7d66d97","43d11bf8-5fba-4dac-be15-15d973da51cc_noid_Red.idat","Illumina Human Methylation 27","IDAT","719557","TCGA-32-1976","TCGA-32-1976-01A","Primary Tumor"
"83e601c5-3a72-4732-8de0-4bab55762304","e5571b0a-2232-449e-8372-eafa56aa0ea8.methylation_array.sesame.level3betas.txt","Illumina Human Methylation 450","TXT","12942792","TCGA-12-5299","TCGA-12-5299-01A","Primary Tumor"
"bb462942-f6c9-4012-b924-473148217b15","1243c462-0e5e-407a-b0b8-f4231185015d_noid_Red.idat","Illumina Human Methylation 450","IDAT","8095239","TCGA-06-0650","TCGA-06-0650-01A","Primary Tumor"
"a55ada53-b3ed-4531-90e0-6a14e0b25fb2","36218eec-eef7-49f8-a315-aa63a5957f20_noid_Grn.idat","Illumina Human Methylation 27","IDAT","719552","TCGA-16-0848","TCGA-16-0848-01A","Primary Tumor"
"39e1b733-db99-483d-a1ee-207dc914e28c","36218eec-eef7-49f8-a315-aa63a5957f20_noid_Red.idat","Illumina Human Methylation 27","IDAT","719552","TCGA-16-0848","TCGA-16-0848-01A","Primary Tumor"
"d663096c-aac0-4e48-98d7-0ae29824daa3","4c148f26-5cc1-4c64-8a42-379a7bb93f48_noid_Grn.idat","Illumina Human Methylation 450","IDAT","8095293","TCGA-06-5416","TCGA-06-5416-01A","Primary Tumor"
"b23909ce-03b7-4aa4-8f3a-9bfc3f5a7a7d","36218eec-eef7-49f8-a315-aa63a5957f20.methylation_array.sesame.level3betas.txt","Illumina Human Methylation 27","TXT","753403","TCGA-16-0848","TCGA-16-0848-01A","Primary Tumor"
"c07608e4-5e8c-41c7-92d2-5567e51ecaf4","24ab98eb-02eb-4866-b107-cc5967eedc58.methylation_array.sesame.level3betas.txt","Illumina Human Methylation 27","TXT","748888","TCGA-16-0846","TCGA-16-0846-01A","Primary Tumor"
"f313d72f-4919-430e-9770-28faa1805254","e676253e-b12d-41bc-968f-71fce924da41_noid_Grn.idat","Illumina Human Methylation 27","IDAT","719554","TCGA-28-1755","TCGA-28-1755-01A","Primary Tumor"
"68c3a98a-1fae-4f04-87e9-ed0a9e41190c","e676253e-b12d-41bc-968f-71fce924da41_noid_Red.idat","Illumina Human Methylation 27","IDAT","719554","TCGA-28-1755","TCGA-28-1755-01A","Primary Tumor"
"78a0c27a-c73a-49b4-b314-ab130833519d","59aac981-0387-4154-8570-d1647fd09851.methylation_array.sesame.level3betas.txt","Illumina Human Methylation 27","TXT","772793","TCGA-32-4208","TCGA-32-4208-01A","Primary Tumor"
"958638f5-538d-44f4-93a9-6a0dde6608e9","10e039d1-3d95-4082-bbdf-ca228d1ac12a.methylation_array.sesame.level3betas.txt","Illumina Human Methylation 27","TXT","771753","TCGA-02-0011","TCGA-02-0011-01B","Primary Tumor"
"06779976-5c2d-434e-876e-012e2b2f797f","b9cebe21-a0e1-44a4-9364-652e85e7a3d1_noid_Grn.idat","Illumina Human Methylation 27","IDAT","719554","TCGA-28-1757","TCGA-28-1757-01A","Primary Tumor"
"e72cdeec-e973-4293-99c0-dd6d20880eb6","789283ce-5e62-4652-81d1-806eab084d9f_noid_Red.idat","Illumina Human Methylation 450","IDAT","8095279","TCGA-26-5136","TCGA-26-5136-01B","Primary Tumor"
"658cec0f-66ef-4787-bc60-52d52b0713c6","d5c350db-c556-425d-9799-a410325b3119_noid_Grn.idat","Illumina Human Methylation 27","IDAT","719553","TCGA-28-2514","TCGA-28-2514-01A","Primary Tumor"
"c5f23869-ef39-463f-8a0b-cd8683dfe939","002b2acb-0c9d-4475-aa21-9f46812b3d6c.methylation_array.sesame.level3betas.txt","Illumina Human Methylation 27","TXT","764367","TCGA-14-0867","TCGA-14-0867-01A","Primary Tumor"
"db4d92b0-b70e-4c57-ad61-d6df8e6f12f2","d5c350db-c556-425d-9799-a410325b3119.methylation_array.sesame.level3betas.txt","Illumina Human Methylation 27","TXT","776637","TCGA-28-2514","TCGA-28-2514-01A","Primary Tumor"
"ae9c64b4-dc0a-484d-a8b3-5d3852bab68b","39eedeaf-29ed-48cb-b545-33b6cd04167c_noid_Red.idat","Illumina Human Methylation 27","IDAT","719555","TCGA-14-1458","TCGA-14-1458-01A","Primary Tumor"
"ff978a23-b939-41f2-af3b-70e33cbf1f50","1b9dea2b-a7bd-4284-b483-1a2a08773fc4_noid_Grn.idat","Illumina Human Methylation 27","IDAT","719549","TCGA-14-3477","TCGA-14-3477-01A","Primary Tumor"
"2908ce8f-0a5b-40bc-95b8-b8bfbea0a46b","9a8315ba-db55-426e-8a3c-14947651d063_noid_Grn.idat","Illumina Human Methylation 27","IDAT","719549","TCGA-12-3650","TCGA-12-3650-01A","Primary Tumor"
"87e2416e-b77e-43bc-aa35-a7803c7305de","ecb3fd00-1b80-4914-a9ab-38e6a3108be0_noid_Red.idat","Illumina Human Methylation 27","IDAT","719553","TCGA-14-1401","TCGA-14-1401-01A","Primary Tumor"
"4814c143-1cb9-4f03-be6f-83bc2d2cce34","12807c1a-e977-4dcb-a9da-058690c31884_noid_Red.idat","Illumina Human Methylation 27","IDAT","719562","TCGA-06-0143","TCGA-06-0143-01A","Primary Tumor"
"97756dc5-45a6-4fce-b780-1e0a3368b59d","ecb3fd00-1b80-4914-a9ab-38e6a3108be0.methylation_array.sesame.level3betas.txt","Illumina Human Methylation 27","TXT","761488","TCGA-14-1401","TCGA-14-1401-01A","Primary Tumor"
"4882d8d7-49b8-4152-8b38-807bf65479d1","9a8315ba-db55-426e-8a3c-14947651d063.methylation_array.sesame.level3betas.txt","Illumina Human Methylation 27","TXT","763170","TCGA-12-3650","TCGA-12-3650-01A","Primary Tumor"
"d5ed8831-d48d-48ce-a8ca-7e06fc7bdb4d","d94e747d-d92c-4c14-b4c6-39c918129d3d.methylation_array.sesame.level3betas.txt","Illumina Human Methylation 450","TXT","12598388","TCGA-19-5951","TCGA-19-5951-01A","Primary Tumor"
"afcd9935-aaab-4dae-81a0-a61a798c7a0b","ff78d2c4-c3bf-4f40-85d5-e37153176f1f_noid_Grn.idat","Illumina Human Methylation 27","IDAT","719554","TCGA-06-2569","TCGA-06-2569-01A","Primary Tumor"
"ff752983-9c18-42b3-b141-e9ba750ea7a5","d7052115-1c34-48d5-99d3-0aae220c0f70.methylation_array.sesame.level3betas.txt","Illumina Human Methylation 27","TXT","773544","TCGA-19-1791","TCGA-19-1791-01A","Primary Tumor"
"8052ae3e-cfa2-4ac3-a8de-d46c44f49bd1","2a26fe88-7d2d-406e-b771-041bc179d8d6_noid_Red.idat","Illumina Human Methylation 450","IDAT","8091452","TCGA-76-6192","TCGA-76-6192-01A","Primary Tumor"
"c971ebb6-12cc-47f4-8e70-c75b2ae2924c","62dfb7d8-3d8b-4ab5-ad88-f80f884ac502.methylation_array.sesame.level3betas.txt","Illumina Human Methylation 27","TXT","774352","TCGA-28-1752","TCGA-28-1752-01A","Primary Tumor"
"3d4759bb-f620-4d99-ae7e-19452859461c","acce9213-4e97-40a8-bc56-9a685bd9d83d_noid_Grn.idat","Illumina Human Methylation 27","IDAT","719562","TCGA-02-0034","TCGA-02-0034-01A","Primary Tumor"
"f8ff5ddb-a378-4efb-a28d-ad0b7091d55d","38f574d5-c3f3-4ec7-af0f-bfc91a7827f9_noid_Red.idat","Illumina Human Methylation 27","IDAT","719556","TCGA-41-4097","TCGA-41-4097-01A","Primary Tumor"
"d9082a30-d8d3-4c79-9eaf-ee38dbb38c23","1254942e-3742-48d2-9322-1169a446ebcc_noid_Red.idat","Illumina Human Methylation 450","IDAT","8095284","TCGA-26-5135","TCGA-26-5135-01A","Primary Tumor"
"fa364fc5-facb-4f8b-aa31-ba1d42ca53fc","7dafceee-b9bd-4ca7-8482-14c7250ad45b_noid_Red.idat","Illumina Human Methylation 27","IDAT","719552","TCGA-19-1392","TCGA-19-1392-01A","Primary Tumor"
"da77fb4e-246b-44bb-ba40-c9b4bf348fa9","7dafceee-b9bd-4ca7-8482-14c7250ad45b.methylation_array.sesame.level3betas.txt","Illumina Human Methylation 27","TXT","754579","TCGA-19-1392","TCGA-19-1392-01A","Primary Tumor"
"fe4c05d2-d952-481d-81ef-4330ceeeaa77","ca688307-063d-4d6f-973d-98efc11cfd85.methylation_array.sesame.level3betas.txt","Illumina Human Methylation 27","TXT","774836","TCGA-14-1037","TCGA-14-1037-01A","Primary Tumor"
"8c7acebc-3009-4581-a1b5-2cdd3e0c7708","ca688307-063d-4d6f-973d-98efc11cfd85_noid_Red.idat","Illumina Human Methylation 27","IDAT","719554","TCGA-14-1037","TCGA-14-1037-01A","Primary Tumor"
"0663415e-6930-45db-87f9-6ac96ee24fbc","43dacc82-db30-4ebf-8652-9f6ba1e0a70a_noid_Red.idat","Illumina Human Methylation 27","IDAT","719553","TCGA-16-1063","TCGA-16-1063-01B","Primary Tumor"
"9372aafb-1678-4a35-9700-aad3bd78edec","90b5abf9-0f75-4c7d-aca7-9164a1aecb74_noid_Grn.idat","Illumina Human Methylation 27","IDAT","719554","TCGA-32-1970","TCGA-32-1970-01A","Primary Tumor"
"80bdad60-fe42-4916-b80a-0d9f6f1fe933","e5551b90-d783-4604-b4d3-7ba42f9e19ce_noid_Red.idat","Illumina Human Methylation 27","IDAT","719558","TCGA-02-0060","TCGA-02-0060-01A","Primary Tumor"
"099e6a8d-eda0-4d0e-9ee1-6b1adcaf3721","e5551b90-d783-4604-b4d3-7ba42f9e19ce_noid_Grn.idat","Illumina Human Methylation 27","IDAT","719558","TCGA-02-0060","TCGA-02-0060-01A","Primary Tumor"
"c6fa385e-6855-4be6-89a2-fbee6611a2ec","1fea0b6e-29c2-45e3-934a-0687153dbaa8.methylation_array.sesame.level3betas.txt","Illumina Human Methylation 27","TXT","767206","TCGA-27-1830","TCGA-27-1830-01A","Primary Tumor"
"57d0fc86-f78b-4260-b34c-e9d17d1245a4","5e0c5d31-f3d6-4dc2-af42-28a57d19cfb7.methylation_array.sesame.level3betas.txt","Illumina Human Methylation 27","TXT","772247","TCGA-32-4719","TCGA-32-4719-01A","Primary Tumor"
"0577acef-502f-42ec-a859-98029fd293a3","5e0c5d31-f3d6-4dc2-af42-28a57d19cfb7_noid_Grn.idat","Illumina Human Methylation 27","IDAT","719554","TCGA-32-4719","TCGA-32-4719-01A","Primary Tumor"
"dcc1f44a-3c67-441d-bce0-f758ec7af34c","a17c84ce-f10d-445b-8c78-c87bfb072218_noid_Grn.idat","Illumina Human Methylation 27","IDAT","719549","TCGA-41-2571","TCGA-41-2571-01A","Primary Tumor"
"07e0615e-4129-4130-a7dd-669be4457742","aa9cd003-ea5c-44ce-ac0f-08975ada62cc.methylation_array.sesame.level3betas.txt","Illumina Human Methylation 450","TXT","13084084","TCGA-28-2510","TCGA-28-2510-01A","Primary Tumor"
"888113e7-1d84-4142-86f4-f0e89d77fd6f","aa9cd003-ea5c-44ce-ac0f-08975ada62cc_noid_Grn.idat","Illumina Human Methylation 450","IDAT","8091452","TCGA-28-2510","TCGA-28-2510-01A","Primary Tumor"
"c6ac0210-aa8d-4640-a300-cf75b40f8ba5","839c6309-c201-4503-a5f9-b470b30f38b3.methylation_array.sesame.level3betas.txt","Illumina Human Methylation 27","TXT","766324","TCGA-14-0871","TCGA-14-0871-01A","Primary Tumor"
"28480586-f8f6-434d-8853-005bde05ff87","c42d0753-3bd1-4d44-b3a0-eaba68cae2ea_noid_Grn.idat","Illumina Human Methylation 450","IDAT","8095263","TCGA-14-0740","TCGA-14-0740-01B","Primary Tumor"
"a8fededd-9943-4570-8082-932282997d1f","839c6309-c201-4503-a5f9-b470b30f38b3_noid_Red.idat","Illumina Human Methylation 27","IDAT","719554","TCGA-14-0871","TCGA-14-0871-01A","Primary Tumor"
"e4a98acd-6c2d-42e1-b34a-1e58b41889f4","b1778b3d-9b03-4bae-be95-5e88bda032f8.methylation_array.sesame.level3betas.txt","Illumina Human Methylation 27","TXT","764912","TCGA-06-0142","TCGA-06-0142-01A","Primary Tumor"
"3ec020c7-5332-436d-bd60-2fcb884c0aa6","b1778b3d-9b03-4bae-be95-5e88bda032f8_noid_Red.idat","Illumina Human Methylation 27","IDAT","719558","TCGA-06-0142","TCGA-06-0142-01A","Primary Tumor"
"cf5840d0-7f81-4e0c-9c34-90fad75e483a","b1778b3d-9b03-4bae-be95-5e88bda032f8_noid_Grn.idat","Illumina Human Methylation 27","IDAT","719558","TCGA-06-0142","TCGA-06-0142-01A","Primary Tumor"
"786058a5-5f45-4ab7-b1fe-eeb5a920d9be","6f386377-954e-41d2-8b75-970aac05cb0c_noid_Grn.idat","Illumina Human Methylation 450","IDAT","8095285","TCGA-06-5415","TCGA-06-5415-01A","Primary Tumor"
"374eacd9-103e-40fa-bdf5-8fff889df304","61da217e-f98b-43b2-aa5e-d8329fc5b671_noid_Grn.idat","Illumina Human Methylation 450","IDAT","8095293","TCGA-76-4931","TCGA-76-4931-01A","Primary Tumor"
"893c7286-01d0-45ea-ab7a-52768a93eb14","e35c26c2-5fd1-4e68-9bb7-d5d586c16c76_noid_Grn.idat","Illumina Human Methylation 27","IDAT","719554","TCGA-27-1834","TCGA-27-1834-01A","Primary Tumor"
"2285ba9d-8519-4eb4-b893-93f687fc4988","e35c26c2-5fd1-4e68-9bb7-d5d586c16c76_noid_Red.idat","Illumina Human Methylation 27","IDAT","719554","TCGA-27-1834","TCGA-27-1834-01A","Primary Tumor"
"80b084a1-4068-409b-9163-d856b98c0ab4","e2336b05-ab9d-4328-95ad-6e0714ffde09_noid_Grn.idat","Illumina Human Methylation 450","IDAT","8095266","TCGA-76-6656","TCGA-76-6656-01A","Primary Tumor"
"65673dfc-f310-4b82-9307-476da9e78e00","fe6901d3-efc3-4cd8-bdc7-8bc6c19236a9_noid_Red.idat","Illumina Human Methylation 27","IDAT","719559","TCGA-02-0069","TCGA-02-0069-01A","Primary Tumor"
"37a462ea-cf57-4a29-9334-6398f0bb04cd","da32f5ad-d46b-487a-87bb-7746cd74f984_noid_Grn.idat","Illumina Human Methylation 450","IDAT","8095302","TCGA-06-0190","TCGA-06-0190-01A","Primary Tumor"
"d8efc508-a65c-48ee-a2c8-9733a004423b","da32f5ad-d46b-487a-87bb-7746cd74f984_noid_Red.idat","Illumina Human Methylation 450","IDAT","8095302","TCGA-06-0190","TCGA-06-0190-01A","Primary Tumor"
"cc020d49-2d82-4692-941f-0354e40421b3","a03f8b10-3148-4256-a017-20fdc889baef_noid_Grn.idat","Illumina Human Methylation 27","IDAT","719554","TCGA-12-1093","TCGA-12-1093-01A","Primary Tumor"
"06b8f2b0-dd24-48eb-845a-d470a459526c","a03f8b10-3148-4256-a017-20fdc889baef.methylation_array.sesame.level3betas.txt","Illumina Human Methylation 27","TXT","760278","TCGA-12-1093","TCGA-12-1093-01A","Primary Tumor"
"b336233e-58a4-405f-9296-9b05b6418a4e","4aa1983f-b7db-48ec-ac96-42f5fd05b988_noid_Red.idat","Illumina Human Methylation 450","IDAT","8095268","TCGA-06-6388","TCGA-06-6388-01A","Primary Tumor"
"01b27661-e747-4ba6-b1c6-5b93858f889e","f97cc48f-b507-4699-9613-c4f58bb07fb5_noid_Grn.idat","Illumina Human Methylation 27","IDAT","719556","TCGA-02-2486","TCGA-02-2486-01A","Primary Tumor"
"13460246-b020-4f91-a537-d989183f9b81","2b0a0fde-69d9-44f1-885c-b5bbd5302546_noid_Red.idat","Illumina Human Methylation 27","IDAT","719551","TCGA-14-0789","TCGA-14-0789-01A","Primary Tumor"
"205a7ad2-81c4-4730-968e-72610d91f630","91f982ce-d8d4-44e1-9f49-8b20852fe5c6_noid_Grn.idat","Illumina Human Methylation 450","IDAT","8095277","TCGA-06-5414","TCGA-06-5414-01A","Primary Tumor"
"142b8a16-6763-463e-8006-0d82180e81e8","a75b8d6b-2f82-4328-9778-583d8f2024e9.methylation_array.sesame.level3betas.txt","Illumina Human Methylation 27","TXT","761907","TCGA-16-1055","TCGA-16-1055-01B","Primary Tumor"
"30944bb7-3bae-4fd4-9050-e8ed93d03278","6595e567-63c1-4536-a7f3-7d48e8f78e7e_noid_Red.idat","Illumina Human Methylation 27","IDAT","719554","TCGA-14-0865","TCGA-14-0865-01B","Primary Tumor"
"c0147973-342a-43d2-8393-4972314365fe","97005f8f-967c-4326-aac4-e81844d8c74c_noid_Red.idat","Illumina Human Methylation 450","IDAT","8095314","TCGA-06-A5U1","TCGA-06-A5U1-01A","Primary Tumor"
"519be1d0-c5d1-4620-bf3d-064c69913ebd","10126ac2-f47b-4140-85d3-076880cd1b65.methylation_array.sesame.level3betas.txt","Illumina Human Methylation 27","TXT","776731","TCGA-14-1795","TCGA-14-1795-01A","Primary Tumor"
"32324605-32bf-400c-92a3-adf1fa357603","39c74999-7750-4d1a-9bd6-7637a2692e67_noid_Red.idat","Illumina Human Methylation 450","IDAT","8095316","TCGA-06-A6S0","TCGA-06-A6S0-01A","Primary Tumor"
"2fe9cd97-26b9-4066-8314-de1d15091a4a","6ee55b5f-d616-4a46-9fd9-fe591dcd4d7d_noid_Grn.idat","Illumina Human Methylation 450","IDAT","8091452","TCGA-19-5956","TCGA-19-5956-01A","Primary Tumor"
"ae177707-45c6-464f-a52d-66ebd8afb8bb","f4fc375f-ba8c-4f72-bc61-352d63f4bd93_noid_Grn.idat","Illumina Human Methylation 450","IDAT","8091452","TCGA-28-6450","TCGA-28-6450-01A","Primary Tumor"
"92501e60-51f7-4cbb-b3b1-95d5dd2b8311","aff6d45c-b661-496d-b1b4-b17cb6f21915_noid_Red.idat","Illumina Human Methylation 27","IDAT","719559","TCGA-02-0014","TCGA-02-0014-01A","Primary Tumor"
"b1982b2f-cc29-459d-b02b-c63e55b66699","aff6d45c-b661-496d-b1b4-b17cb6f21915_noid_Grn.idat","Illumina Human Methylation 27","IDAT","719559","TCGA-02-0014","TCGA-02-0014-01A","Primary Tumor"
"d3698013-a82b-4c62-bd49-448af1edaff8","a75b8d6b-2f82-4328-9778-583d8f2024e9_noid_Red.idat","Illumina Human Methylation 27","IDAT","719553","TCGA-16-1055","TCGA-16-1055-01B","Primary Tumor"
"f966f598-c509-4179-b949-45206705bc9d","934f5e6a-5c3e-4438-aeb0-eb3c0bf9a6ae_noid_Grn.idat","Illumina Human Methylation 450","IDAT","8095293","TCGA-76-4935","TCGA-76-4935-01A","Primary Tumor"
"9ced2708-ebd9-47ec-a0c8-6e7db94bff05","05a58db0-dede-4344-8c5e-05d2df70b509_noid_Grn.idat","Illumina Human Methylation 450","IDAT","8091452","TCGA-76-6191","TCGA-76-6191-01A","Primary Tumor"
"898e6b7a-aef4-42d7-8582-dccffb95f2f5","75b91801-d53b-42a3-b202-09e59c350eb8_noid_Grn.idat","Illumina Human Methylation 450","IDAT","8091452","TCGA-06-5410","TCGA-06-5410-01A","Primary Tumor"
"9d7c76da-f164-4792-9e60-1b9d38c628b6","44b19c6c-8ea4-4e67-83e1-9a10ea9fe804_noid_Grn.idat","Illumina Human Methylation 450","IDAT","8095263","TCGA-74-6573","TCGA-74-6573-01A","Primary Tumor"
"74c4508f-40e6-4798-8974-e4e916abd97c","44b19c6c-8ea4-4e67-83e1-9a10ea9fe804.methylation_array.sesame.level3betas.txt","Illumina Human Methylation 450","TXT","13202048","TCGA-74-6573","TCGA-74-6573-01A","Primary Tumor"
"06075f58-3ffb-4aeb-885b-120a13dd751f","44b19c6c-8ea4-4e67-83e1-9a10ea9fe804_noid_Red.idat","Illumina Human Methylation 450","IDAT","8095263","TCGA-74-6573","TCGA-74-6573-01A","Primary Tumor"
"d41d31af-0115-4227-b914-b93b525c0f27","ec39b883-c004-4db1-a08c-17185b518818.methylation_array.sesame.level3betas.txt","Illumina Human Methylation 27","TXT","776313","TCGA-28-2502","TCGA-28-2502-01B","Primary Tumor"
"46d9c673-364a-4c31-816e-60c5f987b144","6aa3b9fc-a0c9-4ad1-93fb-da8505901837_noid_Grn.idat","Illumina Human Methylation 450","IDAT","8095260","TCGA-76-6662","TCGA-76-6662-01A","Primary Tumor"
"c58f5a19-8207-4f07-bf76-e7cb7cd92897","20cf2d85-72c8-458f-95ec-c4084936e849_noid_Grn.idat","Illumina Human Methylation 450","IDAT","8095278","TCGA-76-4926","TCGA-76-4926-01B","Primary Tumor"
"abbfcb45-92ce-4502-a145-cff5dd8bdd12","20cf2d85-72c8-458f-95ec-c4084936e849.methylation_array.sesame.level3betas.txt","Illumina Human Methylation 450","TXT","13058273","TCGA-76-4926","TCGA-76-4926-01B","Primary Tumor"
"2c949dde-87de-4823-af2e-744961ede74d","e6eff422-b906-48d0-94c6-6b7ddb157f58.methylation_array.sesame.level3betas.txt","Illumina Human Methylation 450","TXT","13195751","TCGA-76-6663","TCGA-76-6663-01A","Primary Tumor"
"171a97b4-5bb3-4eff-bf9a-2fa636ca68a3","13e2cd72-c835-4a7c-92a9-9a3744999e60_noid_Red.idat","Illumina Human Methylation 27","IDAT","719554","TCGA-12-1602","TCGA-12-1602-01A","Primary Tumor"
"fc860a9c-1630-49da-acfd-8010e098d724","3bdbbcc5-2d3a-4290-9825-b8de6976a513_noid_Red.idat","Illumina Human Methylation 27","IDAT","719556","TCGA-02-0086","TCGA-02-0086-01A","Primary Tumor"
"96d50ae4-9cd3-4312-9bc6-3a4c85753d7a","8bc41e3e-6500-4d3c-9775-6101f572deb6_noid_Grn.idat","Illumina Human Methylation 450","IDAT","8095267","TCGA-76-6664","TCGA-76-6664-01A","Primary Tumor"
"3fdd192d-eb32-49e8-b605-7cdccb6ecef1","8bc41e3e-6500-4d3c-9775-6101f572deb6.methylation_array.sesame.level3betas.txt","Illumina Human Methylation 450","TXT","13190214","TCGA-76-6664","TCGA-76-6664-01A","Primary Tumor"
"3844a7f0-a1a9-4fb6-b515-67eae0230514","1e9dcf52-0142-4add-b862-33aa35604179_noid_Red.idat","Illumina Human Methylation 450","IDAT","8091452","TCGA-19-5960","TCGA-19-5960-01A","Primary Tumor"
"cdce0b1b-8ef4-4fd2-8ff0-4930f6b531f5","6dfc7c02-8d63-4039-b6cf-d5fdd9af7518_noid_Grn.idat","Illumina Human Methylation 450","IDAT","8095263","TCGA-06-6699","TCGA-06-6699-01A","Primary Tumor"
"09d546d8-c2e4-4460-9172-c9643f51c7d3","1e9dcf52-0142-4add-b862-33aa35604179_noid_Grn.idat","Illumina Human Methylation 450","IDAT","8091452","TCGA-19-5960","TCGA-19-5960-01A","Primary Tumor"
"3afc848f-ef58-4378-9bcf-0291b945a56d","6dfc7c02-8d63-4039-b6cf-d5fdd9af7518_noid_Red.idat","Illumina Human Methylation 450","IDAT","8095263","TCGA-06-6699","TCGA-06-6699-01A","Primary Tumor"
"d0a9e075-4295-4c29-ac91-2b3f2d619d20","62d2be13-55f8-4c16-84ad-557a09b85b8a.methylation_array.sesame.level3betas.txt","Illumina Human Methylation 27","TXT","765128","TCGA-06-0878","TCGA-06-0878-01A","Primary Tumor"
"e3d06d74-fa0b-48bb-aa07-480574d92564","667e90bb-eb62-4ef2-bac1-4aa1fedf501c.methylation_array.sesame.level3betas.txt","Illumina Human Methylation 27","TXT","776981","TCGA-06-2564","TCGA-06-2564-01A","Primary Tumor"
"22cbbaa2-f189-4262-8d2f-ebc983ed5650","98a4eca3-b597-438b-9d8d-4066f86786f2_noid_Grn.idat","Illumina Human Methylation 27","IDAT","719553","TCGA-19-1788","TCGA-19-1788-01A","Primary Tumor"
"b0a8e547-b0d3-42a5-9d2a-9094f43d79cd","b8d34ba0-2ecf-4fca-ad90-513f5c1e64bc_noid_Grn.idat","Illumina Human Methylation 27","IDAT","719559","TCGA-02-0006","TCGA-02-0006-01B","Primary Tumor"
"b222d8c4-46a0-4ab3-a88b-af89a3d56967","b8d34ba0-2ecf-4fca-ad90-513f5c1e64bc_noid_Red.idat","Illumina Human Methylation 27","IDAT","719559","TCGA-02-0006","TCGA-02-0006-01B","Primary Tumor"
"4ff2fb8a-cc9f-4a89-a196-b73fb0bb4ba7","a5ea96ff-aa14-40c7-9bf8-e813e7120d5d_noid_Grn.idat","Illumina Human Methylation 27","IDAT","719554","TCGA-26-1440","TCGA-26-1440-01A","Primary Tumor"
"913b5aea-5054-4d5a-8b72-aec9c31443f9","ac979beb-b2c3-4c6d-9532-6aaf4909c898_noid_Red.idat","Illumina Human Methylation 450","IDAT","8095267","TCGA-74-6577","TCGA-74-6577-01A","Primary Tumor"
"9504258a-322d-454e-9f06-2a746ab473f7","f4e98d67-beac-481c-89fb-4c108221d792.methylation_array.sesame.level3betas.txt","Illumina Human Methylation 27","TXT","765867","TCGA-02-0027","TCGA-02-0027-01A","Primary Tumor"
"ec755349-aa24-4f62-828c-bf83dffb7f22","ac979beb-b2c3-4c6d-9532-6aaf4909c898_noid_Grn.idat","Illumina Human Methylation 450","IDAT","8095267","TCGA-74-6577","TCGA-74-6577-01A","Primary Tumor"
"3e3db074-35bf-4a75-bc88-588b69be86b2","b8535f6c-eaf1-4259-9ab4-83ee93e14236.methylation_array.sesame.level3betas.txt","Illumina Human Methylation 27","TXT","764280","TCGA-16-0849","TCGA-16-0849-01A","Primary Tumor"
"cf27e8b2-89b5-4ff5-bdd6-9d210cb77d62","d06bb036-3577-4faa-bc21-664e9e322c6b_noid_Grn.idat","Illumina Human Methylation 450","IDAT","8095282","TCGA-76-4927","TCGA-76-4927-01A","Primary Tumor"
"8d2e0f12-e382-493b-8d9c-c8869f17586d","fd1009dc-9b57-490d-9d38-f10710c45d22_noid_Grn.idat","Illumina Human Methylation 450","IDAT","8091452","TCGA-76-6285","TCGA-76-6285-01A","Primary Tumor"
"68812075-91fb-4ff9-8fd2-e8dfc70c227c","df7315d6-f9a5-4370-9ae9-f5c35ae14022_noid_Red.idat","Illumina Human Methylation 450","IDAT","8095298","TCGA-19-0957","TCGA-19-0957-01C","Primary Tumor"
"fcfbbf0c-9ab6-40df-8238-a10d7e76ebd0","3b40b113-19d9-4c0e-a948-53aedc88beac_noid_Grn.idat","Illumina Human Methylation 27","IDAT","719553","TCGA-06-0875","TCGA-06-0875-01A","Primary Tumor"
"42029144-741b-4171-b8b0-71ec81b3bb41","67f85afa-477f-493c-9510-58595f3680f0.methylation_array.sesame.level3betas.txt","Illumina Human Methylation 27","TXT","771305","TCGA-19-0957","TCGA-19-0957-01C","Primary Tumor"
"ab02ee9c-5e7d-4100-bc90-beaa7cb1400e","8932f41f-1fe2-46de-a29a-5f2284f2d55c.methylation_array.sesame.level3betas.txt","Illumina Human Methylation 450","TXT","13201143","TCGA-41-6646","TCGA-41-6646-01A","Primary Tumor"
"a87ae5b3-a007-488e-880f-f05577b6969b","ca84ccf3-7d17-4917-a1e4-7fc7e8bfe046.methylation_array.sesame.level3betas.txt","Illumina Human Methylation 27","TXT","774608","TCGA-27-2524","TCGA-27-2524-01A","Primary Tumor"
"db034832-7a86-4433-82ea-3cde48ee3095","eee1a3b3-af90-4f05-a26d-b8a1bce531f0_noid_Grn.idat","Illumina Human Methylation 450","IDAT","8091452","TCGA-76-6193","TCGA-76-6193-01A","Primary Tumor"
"b9cbac7f-e401-4421-be94-c9634f17ded7","eee1a3b3-af90-4f05-a26d-b8a1bce531f0_noid_Red.idat","Illumina Human Methylation 450","IDAT","8091452","TCGA-76-6193","TCGA-76-6193-01A","Primary Tumor"
"1c4f0d50-4494-4f51-8709-719cffc44c87","82c95944-9bb1-45bb-907f-a24158399335_noid_Red.idat","Illumina Human Methylation 450","IDAT","8095301","TCGA-26-5133","TCGA-26-5133-01A","Primary Tumor"
"b534bca1-8e1e-4831-96df-fea04415cf42","4930e09e-5349-4289-b0f7-d72684b13c9c_noid_Grn.idat","Illumina Human Methylation 450","IDAT","8095242","TCGA-81-5910","TCGA-81-5910-01A","Primary Tumor"
"c4c168d4-5dcf-445b-909b-30797dce9828","e0e9c5a0-1e0e-4b5d-b200-218da49426c4_noid_Grn.idat","Illumina Human Methylation 27","IDAT","719557","TCGA-28-2509","TCGA-28-2509-01A","Primary Tumor"
"7580b32f-8962-4c76-aaeb-6831225fbe3f","e0e9c5a0-1e0e-4b5d-b200-218da49426c4_noid_Red.idat","Illumina Human Methylation 27","IDAT","719557","TCGA-28-2509","TCGA-28-2509-01A","Primary Tumor"
"d08dc984-5b8d-4d52-a2ec-b91ddbd0d94f","65961cb7-5998-4d94-af2f-1c296fd6b674_noid_Grn.idat","Illumina Human Methylation 450","IDAT","8095268","TCGA-14-1043","TCGA-14-1043-01B","Primary Tumor"
"133b8234-74c7-4b21-b007-83f5893c573c","0e62b49f-0049-4356-bf46-9d803e5a6a02_noid_Red.idat","Illumina Human Methylation 27","IDAT","719553","TCGA-12-1088","TCGA-12-1088-01A","Primary Tumor"
"d6cf68db-1899-47c4-8136-023361dfe7a1","74af2be2-3bb8-44d3-8e3a-5fa9c3db5335_noid_Grn.idat","Illumina Human Methylation 27","IDAT","719554","TCGA-14-1396","TCGA-14-1396-01A","Primary Tumor"
"0c566f2d-2a1f-4559-bee4-1783645ebe6d","90b52216-b5bc-47bc-8b80-0c4da9c3070b_noid_Grn.idat","Illumina Human Methylation 27","IDAT","719556","TCGA-32-2491","TCGA-32-2491-01A","Primary Tumor"
"dddd0f9e-fa3d-4dfb-b7e1-85083576bbcd","2084fd32-9a5b-4e75-8b81-7ff082b7139e_noid_Red.idat","Illumina Human Methylation 27","IDAT","719556","TCGA-19-2631","TCGA-19-2631-01A","Primary Tumor"
"392ae9a2-2bde-4dd8-9358-8076887fdece","bacde718-806a-4ca1-853e-e76b5329d69d_noid_Red.idat","Illumina Human Methylation 27","IDAT","719562","TCGA-06-0122","TCGA-06-0122-01A","Primary Tumor"
"dcda488c-c78c-4372-a28a-7df5264cff46","bacde718-806a-4ca1-853e-e76b5329d69d_noid_Grn.idat","Illumina Human Methylation 27","IDAT","719562","TCGA-06-0122","TCGA-06-0122-01A","Primary Tumor"
"fc5477e3-a6e0-44d7-97e8-763650dee8c3","86fbdf21-837b-4fcc-9399-8cb8ae00499e_noid_Grn.idat","Illumina Human Methylation 450","IDAT","8095320","TCGA-19-A6J4","TCGA-19-A6J4-01A","Primary Tumor"
"a451bd03-46b5-4495-8231-88a06f4edad3","3f28c95e-c823-43fe-92b4-0f3f708db891_noid_Red.idat","Illumina Human Methylation 450","IDAT","8095260","TCGA-14-0862","TCGA-14-0862-01B","Primary Tumor"
"e3f7f54d-b705-4286-951c-20c78353caef","bfc9c855-a10e-41ad-8c03-96b3e7c8a340.methylation_array.sesame.level3betas.txt","Illumina Human Methylation 450","TXT","12813220","TCGA-06-A7TK","TCGA-06-A7TK-01A","Primary Tumor"
"2d5914d1-4577-4ca5-add9-e69dceabaf6b","bfc9c855-a10e-41ad-8c03-96b3e7c8a340_noid_Grn.idat","Illumina Human Methylation 450","IDAT","8095288","TCGA-06-A7TK","TCGA-06-A7TK-01A","Primary Tumor"
"3f834b09-6d9a-4398-b7ca-4783a71dcab2","35c7cd2a-019f-42ab-ac9c-38a62df9c242_noid_Grn.idat","Illumina Human Methylation 27","IDAT","719552","TCGA-06-0877","TCGA-06-0877-01A","Primary Tumor"
"6fec5e32-3b7e-4acd-bb09-1f10e0627cbe","57500859-7ecd-41e9-a04b-3f67c8cfac27.methylation_array.sesame.level3betas.txt","Illumina Human Methylation 27","TXT","775509","TCGA-32-1977","TCGA-32-1977-01A","Primary Tumor"
"e6f1f0c5-0503-4fa1-92bd-2d080d46b462","35c7cd2a-019f-42ab-ac9c-38a62df9c242_noid_Red.idat","Illumina Human Methylation 27","IDAT","719552","TCGA-06-0877","TCGA-06-0877-01A","Primary Tumor"
"da418df8-e5b5-438e-b30d-93eb462d05e2","35c7cd2a-019f-42ab-ac9c-38a62df9c242.methylation_array.sesame.level3betas.txt","Illumina Human Methylation 27","TXT","748123","TCGA-06-0877","TCGA-06-0877-01A","Primary Tumor"
"331f0af0-2537-4fc9-82ac-e883b5ca5fc5","57500859-7ecd-41e9-a04b-3f67c8cfac27_noid_Red.idat","Illumina Human Methylation 27","IDAT","719556","TCGA-32-1977","TCGA-32-1977-01A","Primary Tumor"
"e3c3a05b-ea9b-4198-ae9c-090e37b4a30a","ca3252f7-0bf2-4990-994f-e5c3c55af321.methylation_array.sesame.level3betas.txt","Illumina Human Methylation 450","TXT","13112553","TCGA-19-5959","TCGA-19-5959-01A","Primary Tumor"
"70c57e07-f36f-40fb-83ed-f864bb0033fe","64290030-6f1c-406b-a4c9-f3d461ac1149_noid_Red.idat","Illumina Human Methylation 27","IDAT","719555","TCGA-41-3915","TCGA-41-3915-01A","Primary Tumor"
"19a05713-a7f9-4270-8fed-9262bd28ae5f","64290030-6f1c-406b-a4c9-f3d461ac1149_noid_Grn.idat","Illumina Human Methylation 27","IDAT","719555","TCGA-41-3915","TCGA-41-3915-01A","Primary Tumor"
"5d453fcd-11ed-48a4-a4dc-cc269f85d7c0","4cfee232-dedf-4a70-8a29-bf4ad0de9afd_noid_Red.idat","Illumina Human Methylation 27","IDAT","719549","TCGA-19-1787","TCGA-19-1787-01B","Primary Tumor"
"7581b6c6-f41b-409c-8a27-708b32533b09","4cfee232-dedf-4a70-8a29-bf4ad0de9afd.methylation_array.sesame.level3betas.txt","Illumina Human Methylation 27","TXT","767528","TCGA-19-1787","TCGA-19-1787-01B","Primary Tumor"
"f300d7a1-a46e-41a4-9ca0-6f6b346c0d89","2ca02105-233b-4632-bb60-ea3fc46169dc.methylation_array.sesame.level3betas.txt","Illumina Human Methylation 450","TXT","13059200","TCGA-06-5859","TCGA-06-5859-01A","Primary Tumor"
"a5ce1728-af2b-4256-8685-a519eda70e8b","2ca02105-233b-4632-bb60-ea3fc46169dc_noid_Grn.idat","Illumina Human Methylation 450","IDAT","8091452","TCGA-06-5859","TCGA-06-5859-01A","Primary Tumor"
"40d18d60-842f-4015-953e-bb65d220d7cd","2ca02105-233b-4632-bb60-ea3fc46169dc_noid_Red.idat","Illumina Human Methylation 450","IDAT","8091452","TCGA-06-5859","TCGA-06-5859-01A","Primary Tumor"
"469e186b-a44b-48fc-8cca-9f70e024551d","151dc293-be67-469f-8fcc-c85798c6d4f8_noid_Grn.idat","Illumina Human Methylation 27","IDAT","719560","TCGA-06-0141","TCGA-06-0141-01A","Primary Tumor"
"bce90d7d-5aa7-427d-9b78-fcc408b5ebc2","30ef2ff4-0d88-420e-a828-02a2f933176e_noid_Red.idat","Illumina Human Methylation 450","IDAT","8095293","TCGA-28-5208","TCGA-28-5208-01A","Primary Tumor"
"ce441988-4a48-4dd0-ba4c-cf4abff5168f","30ef2ff4-0d88-420e-a828-02a2f933176e_noid_Grn.idat","Illumina Human Methylation 450","IDAT","8095293","TCGA-28-5208","TCGA-28-5208-01A","Primary Tumor"
"c76ba11c-775c-4e07-841e-20c58f837d17","95b87034-0624-4706-823d-ab6570593faf_noid_Grn.idat","Illumina Human Methylation 27","IDAT","719556","TCGA-12-1092","TCGA-12-1092-01B","Primary Tumor"
"2f80518d-6608-4551-9cb2-2ed9ceeeceef","95b87034-0624-4706-823d-ab6570593faf_noid_Red.idat","Illumina Human Methylation 27","IDAT","719556","TCGA-12-1092","TCGA-12-1092-01B","Primary Tumor"
"1b92b31d-2c16-487a-908e-e6bc30ecdacf","a48c8651-0045-4bb7-a80e-f0811a7da16f_noid_Grn.idat","Illumina Human Methylation 27","IDAT","719557","TCGA-27-1836","TCGA-27-1836-01A","Primary Tumor"
"f4541be8-34b4-49a1-9c73-ae24aeb2ba50","a48c8651-0045-4bb7-a80e-f0811a7da16f.methylation_array.sesame.level3betas.txt","Illumina Human Methylation 27","TXT","774884","TCGA-27-1836","TCGA-27-1836-01A","Primary Tumor"
"0aaf79bd-905a-42a2-87fe-16bba8bb8ed0","1b8aee34-7605-49ff-94cf-3f6b4a90d7bc.methylation_array.sesame.level3betas.txt","Illumina Human Methylation 27","TXT","776649","TCGA-27-2521","TCGA-27-2521-01A","Primary Tumor"
"e65096f0-ad03-4a32-a549-a9662ef4b0fc","1b8aee34-7605-49ff-94cf-3f6b4a90d7bc_noid_Red.idat","Illumina Human Methylation 27","IDAT","719554","TCGA-27-2521","TCGA-27-2521-01A","Primary Tumor"
"35106b38-c71c-41e2-8a50-fd28830a99e0","a48c8651-0045-4bb7-a80e-f0811a7da16f_noid_Red.idat","Illumina Human Methylation 27","IDAT","719557","TCGA-27-1836","TCGA-27-1836-01A","Primary Tumor"
"71b42c40-6b14-4cd8-a61a-01594b33a530","ef365a22-638b-41bc-98dd-1cc533bb74c0.methylation_array.sesame.level3betas.txt","Illumina Human Methylation 450","TXT","13200143","TCGA-76-6660","TCGA-76-6660-01A","Primary Tumor"
"f26dec78-6b0b-4849-9362-c876bb222d90","ef365a22-638b-41bc-98dd-1cc533bb74c0_noid_Grn.idat","Illumina Human Methylation 450","IDAT","8095266","TCGA-76-6660","TCGA-76-6660-01A","Primary Tumor"
"f71c6a93-7768-416f-8c43-7e856e4ae8a2","ef365a22-638b-41bc-98dd-1cc533bb74c0_noid_Red.idat","Illumina Human Methylation 450","IDAT","8095266","TCGA-76-6660","TCGA-76-6660-01A","Primary Tumor"
"1f00c319-b27a-4eb0-be5f-f8558a80ff1e","626f89a3-3d72-4c1b-b222-0af5d53b88b3_noid_Grn.idat","Illumina Human Methylation 450","IDAT","8095266","TCGA-74-6578","TCGA-74-6578-01A","Primary Tumor"
"06e0a645-7516-4126-8c98-9a2c8eb2724a","626f89a3-3d72-4c1b-b222-0af5d53b88b3_noid_Red.idat","Illumina Human Methylation 450","IDAT","8095266","TCGA-74-6578","TCGA-74-6578-01A","Primary Tumor"
"edc35632-780a-40bb-acb4-09ab82acad6d","626f89a3-3d72-4c1b-b222-0af5d53b88b3.methylation_array.sesame.level3betas.txt","Illumina Human Methylation 450","TXT","13207026","TCGA-74-6578","TCGA-74-6578-01A","Primary Tumor"
"2437185b-c0f2-46a7-826a-4deab91ce75f","70631f26-0d47-46cf-8d73-1a5cb184cfac.methylation_array.sesame.level3betas.txt","Illumina Human Methylation 27","TXT","768654","TCGA-32-2632","TCGA-32-2632-01A","Primary Tumor"
"956d67ae-f544-4a2f-ac41-927a5e990dee","70631f26-0d47-46cf-8d73-1a5cb184cfac_noid_Red.idat","Illumina Human Methylation 27","IDAT","719549","TCGA-32-2632","TCGA-32-2632-01A","Primary Tumor"
"844f5c1d-2127-4a5d-8dfa-ea94818df14e","ca3ccee4-3004-4ffb-a0f9-aabe6fb32c77_noid_Red.idat","Illumina Human Methylation 27","IDAT","719558","TCGA-02-0054","TCGA-02-0054-01A","Primary Tumor"
"2ce654df-e38f-40dd-8073-348afc6ab2de","83af5d5c-beb6-452b-8f0e-b98b332656b1_noid_Red.idat","Illumina Human Methylation 450","IDAT","8095319","TCGA-RR-A6KC","TCGA-RR-A6KC-01A","Primary Tumor"
"75198f75-cc0d-4d60-aefe-0367ba606142","83af5d5c-beb6-452b-8f0e-b98b332656b1.methylation_array.sesame.level3betas.txt","Illumina Human Methylation 450","TXT","12898984","TCGA-RR-A6KC","TCGA-RR-A6KC-01A","Primary Tumor"
"a3cc24a0-a8b3-44cf-8ce9-01e2913f0157","daac12bc-d6ad-4723-91f9-218ca830eaaf.methylation_array.sesame.level3betas.txt","Illumina Human Methylation 27","TXT","773486","TCGA-32-4211","TCGA-32-4211-01A","Primary Tumor"
"84109bca-f449-4780-8ed5-81f8367f2498","daac12bc-d6ad-4723-91f9-218ca830eaaf_noid_Red.idat","Illumina Human Methylation 27","IDAT","719556","TCGA-32-4211","TCGA-32-4211-01A","Primary Tumor"
"7319f34f-7bfc-429c-ba9e-83257888cba5","ff47dd82-1c43-43f9-bcd9-6645dd7b37cc.methylation_array.sesame.level3betas.txt","Illumina Human Methylation 27","TXT","762257","TCGA-16-0850","TCGA-16-0850-01A","Primary Tumor"
"f94ff659-6449-4f8a-96ed-22e125e17dea","43d11bf8-5fba-4dac-be15-15d973da51cc.methylation_array.sesame.level3betas.txt","Illumina Human Methylation 27","TXT","776926","TCGA-32-1976","TCGA-32-1976-01A","Primary Tumor"
"807c2e8a-298d-49c8-9a74-827654d0bdf1","1243c462-0e5e-407a-b0b8-f4231185015d_noid_Grn.idat","Illumina Human Methylation 450","IDAT","8095239","TCGA-06-0650","TCGA-06-0650-01A","Primary Tumor"
"fb7573e4-1145-4780-9d4c-2b20a80a3ed6","4cd32acb-315c-4af3-8750-9e258ec67446_noid_Grn.idat","Illumina Human Methylation 27","IDAT","719552","TCGA-16-1056","TCGA-16-1056-01B","Primary Tumor"
"bc054922-abb2-472b-a80d-ac42baba42eb","32019f0d-b756-48f2-bbba-917cb23fa2fa_noid_Red.idat","Illumina Human Methylation 27","IDAT","719550","TCGA-19-1390","TCGA-19-1390-01A","Primary Tumor"
"cdbd2a11-973e-4103-8515-be58d137637c","ff85c3cf-cfb7-4e5c-993a-99adf02b1408_noid_Grn.idat","Illumina Human Methylation 27","IDAT","719553","TCGA-19-1789","TCGA-19-1789-01A","Primary Tumor"
"c9a51995-60d8-4062-bae3-4ee596a4212a","551306ce-7011-4855-b4b8-c73951a63cfd.methylation_array.sesame.level3betas.txt","Illumina Human Methylation 27","TXT","775562","TCGA-06-2567","TCGA-06-2567-01A","Primary Tumor"
"bdbf82ba-d95a-47fa-a38b-f99cf3addf9a","59aac981-0387-4154-8570-d1647fd09851_noid_Red.idat","Illumina Human Methylation 27","IDAT","719555","TCGA-32-4208","TCGA-32-4208-01A","Primary Tumor"
"c886550c-caf0-48d4-83c7-d2bddbf01e21","16cfa4e1-ff79-4f73-bba0-0d7932ff19c6_noid_Grn.idat","Illumina Human Methylation 27","IDAT","719556","TCGA-32-1987","TCGA-32-1987-01A","Primary Tumor"
"115839f5-7fff-4eca-9686-7c77bd1ecb15","16cfa4e1-ff79-4f73-bba0-0d7932ff19c6_noid_Red.idat","Illumina Human Methylation 27","IDAT","719556","TCGA-32-1987","TCGA-32-1987-01A","Primary Tumor"
"87f0c82b-bdc6-4e51-ab84-caffbd494aac","16cfa4e1-ff79-4f73-bba0-0d7932ff19c6.methylation_array.sesame.level3betas.txt","Illumina Human Methylation 27","TXT","775540","TCGA-32-1987","TCGA-32-1987-01A","Primary Tumor"
"af604d6a-2de4-4dd3-92fd-2f61e9470a7c","3fde76ee-1b5d-41f3-bbf1-4488cdabe28f.methylation_array.sesame.level3betas.txt","Illumina Human Methylation 27","TXT","768940","TCGA-02-0052","TCGA-02-0052-01A","Primary Tumor"
"1d64ce0b-02bf-4ea4-ab24-9308d5c19134","0473ced5-ec50-4a15-8d6f-6ce62c2364ce_noid_Red.idat","Illumina Human Methylation 450","IDAT","8095286","TCGA-28-5219","TCGA-28-5219-01A","Primary Tumor"
"1dd1dff1-9c52-4523-8d6b-9f0051c0ef75","0473ced5-ec50-4a15-8d6f-6ce62c2364ce.methylation_array.sesame.level3betas.txt","Illumina Human Methylation 450","TXT","12900738","TCGA-28-5219","TCGA-28-5219-01A","Primary Tumor"
"27d9eef8-ab9f-4b13-9bc0-c0b1d1e0d61b","b9cebe21-a0e1-44a4-9364-652e85e7a3d1_noid_Red.idat","Illumina Human Methylation 27","IDAT","719554","TCGA-28-1757","TCGA-28-1757-01A","Primary Tumor"
"9da459fd-106a-456a-9274-0103c96f86ef","10e039d1-3d95-4082-bbdf-ca228d1ac12a_noid_Grn.idat","Illumina Human Methylation 27","IDAT","719556","TCGA-02-0011","TCGA-02-0011-01B","Primary Tumor"
"cf093041-662a-4979-afe9-89c397031d81","002b2acb-0c9d-4475-aa21-9f46812b3d6c_noid_Grn.idat","Illumina Human Methylation 27","IDAT","719553","TCGA-14-0867","TCGA-14-0867-01A","Primary Tumor"
"91056926-4783-4172-8897-162a680e0c7a","002b2acb-0c9d-4475-aa21-9f46812b3d6c_noid_Red.idat","Illumina Human Methylation 27","IDAT","719553","TCGA-14-0867","TCGA-14-0867-01A","Primary Tumor"
"6bf645a7-4940-4ab1-98fe-274121ccf085","39eedeaf-29ed-48cb-b545-33b6cd04167c_noid_Grn.idat","Illumina Human Methylation 27","IDAT","719555","TCGA-14-1458","TCGA-14-1458-01A","Primary Tumor"
"c16a2663-6d6c-473a-a1f7-3c10772ad655","c6657006-15b2-4af9-81b9-0cea914c30f2_noid_Grn.idat","Illumina Human Methylation 27","IDAT","719549","TCGA-19-2620","TCGA-19-2620-01A","Primary Tumor"
"8ba93d16-eb6e-4099-a4c5-51bde56b7746","c6657006-15b2-4af9-81b9-0cea914c30f2.methylation_array.sesame.level3betas.txt","Illumina Human Methylation 27","TXT","761869","TCGA-19-2620","TCGA-19-2620-01A","Primary Tumor"
"f2fec68c-e396-4ee2-a192-f19c83fb1d62","1b9dea2b-a7bd-4284-b483-1a2a08773fc4_noid_Red.idat","Illumina Human Methylation 27","IDAT","719549","TCGA-14-3477","TCGA-14-3477-01A","Primary Tumor"
"c3b88872-2efe-47fb-8e81-94a4ae7726e5","ecb3fd00-1b80-4914-a9ab-38e6a3108be0_noid_Grn.idat","Illumina Human Methylation 27","IDAT","719553","TCGA-14-1401","TCGA-14-1401-01A","Primary Tumor"
"c5b04e9b-12fc-44fb-b4d9-6c43afdd6ea5","12807c1a-e977-4dcb-a9da-058690c31884.methylation_array.sesame.level3betas.txt","Illumina Human Methylation 27","TXT","744449","TCGA-06-0143","TCGA-06-0143-01A","Primary Tumor"
"e4b8a4b1-b105-49c3-bd00-b10bf2b555a9","c8d3e492-ac29-47c5-ae80-c38b15051c7a.methylation_array.sesame.level3betas.txt","Illumina Human Methylation 450","TXT","13062348","TCGA-26-A7UX","TCGA-26-A7UX-01B","Primary Tumor"
"3b32e744-6e53-4d0b-9c7f-4557f032d8f2","c4af09fa-49b6-4a34-90f7-409969666435.methylation_array.sesame.level3betas.txt","Illumina Human Methylation 27","TXT","773515","TCGA-14-1827","TCGA-14-1827-01A","Primary Tumor"
"f8c5f5df-8ef9-48ef-b167-46d9482edfb7","c4af09fa-49b6-4a34-90f7-409969666435_noid_Grn.idat","Illumina Human Methylation 27","IDAT","719554","TCGA-14-1827","TCGA-14-1827-01A","Primary Tumor"
"88b02c32-064b-45ab-96d9-ae6807123afd","38f574d5-c3f3-4ec7-af0f-bfc91a7827f9.methylation_array.sesame.level3betas.txt","Illumina Human Methylation 27","TXT","773617","TCGA-41-4097","TCGA-41-4097-01A","Primary Tumor"
"d399cf5e-9d51-4002-a417-0c199f120299","1254942e-3742-48d2-9322-1169a446ebcc.methylation_array.sesame.level3betas.txt","Illumina Human Methylation 450","TXT","12981710","TCGA-26-5135","TCGA-26-5135-01A","Primary Tumor"
"b8087dc0-b3a5-42da-b32b-688b0292c209","ca688307-063d-4d6f-973d-98efc11cfd85_noid_Grn.idat","Illumina Human Methylation 27","IDAT","719554","TCGA-14-1037","TCGA-14-1037-01A","Primary Tumor"
"d42b6e0e-243d-42c4-9a99-2ad4249292a7","43dacc82-db30-4ebf-8652-9f6ba1e0a70a_noid_Grn.idat","Illumina Human Methylation 27","IDAT","719553","TCGA-16-1063","TCGA-16-1063-01B","Primary Tumor"
"86d45755-eba6-47d5-b2c6-58a9a7ca1b4d","90b5abf9-0f75-4c7d-aca7-9164a1aecb74_noid_Red.idat","Illumina Human Methylation 27","IDAT","719554","TCGA-32-1970","TCGA-32-1970-01A","Primary Tumor"
"f133c12e-cac1-4dc9-89a6-686f7f6e5fe9","1fea0b6e-29c2-45e3-934a-0687153dbaa8_noid_Grn.idat","Illumina Human Methylation 27","IDAT","719555","TCGA-27-1830","TCGA-27-1830-01A","Primary Tumor"
"6b472782-a7dc-4f56-b493-9a09670239c0","d6d80441-ccf4-4468-9c4c-ac3931023e21_noid_Red.idat","Illumina Human Methylation 27","IDAT","719556","TCGA-41-3393","TCGA-41-3393-01A","Primary Tumor"
"777cefdd-8077-487c-8f42-f594d38d6b07","6b5c3cc5-1f11-444c-8b03-ad15e312fef7_noid_Red.idat","Illumina Human Methylation 450","IDAT","8095267","TCGA-76-6280","TCGA-76-6280-01A","Primary Tumor"
"bc56dde4-87a4-4249-acf8-2f237cd99906","a17c84ce-f10d-445b-8c78-c87bfb072218.methylation_array.sesame.level3betas.txt","Illumina Human Methylation 27","TXT","764835","TCGA-41-2571","TCGA-41-2571-01A","Primary Tumor"
"b585c99d-5389-42a4-93b0-355addece78e","aa9cd003-ea5c-44ce-ac0f-08975ada62cc_noid_Red.idat","Illumina Human Methylation 450","IDAT","8091452","TCGA-28-2510","TCGA-28-2510-01A","Primary Tumor"
"ae08c919-5a42-4669-bc60-46f31b8dfe36","fff4f7a4-d30f-4854-a262-9a1c467c0199.methylation_array.sesame.level3betas.txt","Illumina Human Methylation 27","TXT","766519","TCGA-19-0964","TCGA-19-0964-01A","Primary Tumor"
"18d06783-8b32-4d26-b204-6d8887762f04","59d1b598-2de3-43eb-b763-49ee299b54a5.methylation_array.sesame.level3betas.txt","Illumina Human Methylation 450","TXT","13054770","TCGA-06-5417","TCGA-06-5417-01A","Primary Tumor"
"15f6261b-2efd-46ee-a016-837b2d002e3f","6f386377-954e-41d2-8b75-970aac05cb0c.methylation_array.sesame.level3betas.txt","Illumina Human Methylation 450","TXT","12986152","TCGA-06-5415","TCGA-06-5415-01A","Primary Tumor"
"2d6e4afa-65f2-410e-9850-b371aea15695","e0839446-38fd-442e-9eae-2a8f14ca55a1.methylation_array.sesame.level3betas.txt","Illumina Human Methylation 450","TXT","12987739","TCGA-28-5213","TCGA-28-5213-01A","Primary Tumor"
"5b0a134e-ee14-42e7-9c0c-0327ce013bc6","6f386377-954e-41d2-8b75-970aac05cb0c_noid_Red.idat","Illumina Human Methylation 450","IDAT","8095285","TCGA-06-5415","TCGA-06-5415-01A","Primary Tumor"
"9ed0c9af-6255-4a16-b2b9-969503f5d85b","fe6901d3-efc3-4cd8-bdc7-8bc6c19236a9_noid_Grn.idat","Illumina Human Methylation 27","IDAT","719559","TCGA-02-0069","TCGA-02-0069-01A","Primary Tumor"
"f4647797-56d8-46d7-97b4-d7fde78b9fe2","91f982ce-d8d4-44e1-9f49-8b20852fe5c6.methylation_array.sesame.level3betas.txt","Illumina Human Methylation 450","TXT","13075281","TCGA-06-5414","TCGA-06-5414-01A","Primary Tumor"
"2b152b67-ba51-4824-8dae-bb0e88b132cc","a03f8b10-3148-4256-a017-20fdc889baef_noid_Red.idat","Illumina Human Methylation 27","IDAT","719554","TCGA-12-1093","TCGA-12-1093-01A","Primary Tumor"
"bbd8b483-748c-4b0d-90a6-8492c322dc52","a7825675-41d9-4ec0-af01-b0d2daff082e_noid_Red.idat","Illumina Human Methylation 450","IDAT","8095267","TCGA-14-1395","TCGA-14-1395-01B","Primary Tumor"
"cd52f114-860a-4b80-9862-c9fba2dec16a","2034304b-bc4c-4542-935c-3eb6b0b4fba3_noid_Red.idat","Illumina Human Methylation 27","IDAT","719557","TCGA-32-1986","TCGA-32-1986-01A","Primary Tumor"
"4419dec2-5f79-436a-844e-73cd177eb49a","2034304b-bc4c-4542-935c-3eb6b0b4fba3.methylation_array.sesame.level3betas.txt","Illumina Human Methylation 27","TXT","772389","TCGA-32-1986","TCGA-32-1986-01A","Primary Tumor"
"871c1939-69ee-42dd-bd80-8d4c0508c99d","f97cc48f-b507-4699-9613-c4f58bb07fb5_noid_Red.idat","Illumina Human Methylation 27","IDAT","719556","TCGA-02-2486","TCGA-02-2486-01A","Primary Tumor"
"cdb82937-7f7a-4f51-bcbe-510f853c72ec","f97cc48f-b507-4699-9613-c4f58bb07fb5.methylation_array.sesame.level3betas.txt","Illumina Human Methylation 27","TXT","774903","TCGA-02-2486","TCGA-02-2486-01A","Primary Tumor"
"31965107-df9d-4f00-9cb9-3d054916f2ca","14a226e0-1de2-443c-a96b-1941e9627406_noid_Red.idat","Illumina Human Methylation 27","IDAT","719554","TCGA-14-0790","TCGA-14-0790-01B","Primary Tumor"
"b3160152-f2d9-47a9-9095-edebfcdfbbd3","14a226e0-1de2-443c-a96b-1941e9627406_noid_Grn.idat","Illumina Human Methylation 27","IDAT","719554","TCGA-14-0790","TCGA-14-0790-01B","Primary Tumor"
"293f0e3a-3868-452d-b6d6-7a713f0575e8","2b0a0fde-69d9-44f1-885c-b5bbd5302546_noid_Grn.idat","Illumina Human Methylation 27","IDAT","719551","TCGA-14-0789","TCGA-14-0789-01A","Primary Tumor"
"92bf2bd6-590d-4f0b-957c-5752d195933f","14a226e0-1de2-443c-a96b-1941e9627406.methylation_array.sesame.level3betas.txt","Illumina Human Methylation 27","TXT","775450","TCGA-14-0790","TCGA-14-0790-01B","Primary Tumor"
"f62a762a-e4ca-4495-92ec-dbc97417f5c2","2b0a0fde-69d9-44f1-885c-b5bbd5302546.methylation_array.sesame.level3betas.txt","Illumina Human Methylation 27","TXT","764654","TCGA-14-0789","TCGA-14-0789-01A","Primary Tumor"
"16ccf2ad-c9d4-4d6a-a24a-4ce020b07e04","be6ab87d-3de1-4fdd-805d-8731ecbe0d8d.methylation_array.sesame.level3betas.txt","Illumina Human Methylation 450","TXT","13107064","TCGA-19-5958","TCGA-19-5958-01A","Primary Tumor"
"34023c62-ee58-4199-b65f-b6a195f1bb70","6595e567-63c1-4536-a7f3-7d48e8f78e7e.methylation_array.sesame.level3betas.txt","Illumina Human Methylation 27","TXT","770892","TCGA-14-0865","TCGA-14-0865-01B","Primary Tumor"
"eeaaf7db-2508-4a7d-b6d8-c75400ea1522","97005f8f-967c-4326-aac4-e81844d8c74c_noid_Grn.idat","Illumina Human Methylation 450","IDAT","8095314","TCGA-06-A5U1","TCGA-06-A5U1-01A","Primary Tumor"
"62333c7d-7fa3-4539-bc2c-b77b4276c723","a75b8d6b-2f82-4328-9778-583d8f2024e9_noid_Grn.idat","Illumina Human Methylation 27","IDAT","719553","TCGA-16-1055","TCGA-16-1055-01B","Primary Tumor"
"a3500c66-a0b4-45ff-817c-853484d76442","9345fd2a-d838-4206-b9c0-86c0e05f09c5_noid_Grn.idat","Illumina Human Methylation 27","IDAT","719554","TCGA-12-1095","TCGA-12-1095-01A","Primary Tumor"
"6b5018b8-aeb9-40f2-b292-17ec4244d4dc","6ee55b5f-d616-4a46-9fd9-fe591dcd4d7d.methylation_array.sesame.level3betas.txt","Illumina Human Methylation 450","TXT","13160868","TCGA-19-5956","TCGA-19-5956-01A","Primary Tumor"
"6fc15dcf-cf9a-4d71-8bf4-43c055367d6e","d8ef2028-31f8-4653-917c-7f6ed246245f_noid_Red.idat","Illumina Human Methylation 450","IDAT","8095260","TCGA-06-6694","TCGA-06-6694-01A","Primary Tumor"
"a257a71b-5bc8-4b83-ac6d-ed200c6942d9","6ee55b5f-d616-4a46-9fd9-fe591dcd4d7d_noid_Red.idat","Illumina Human Methylation 450","IDAT","8091452","TCGA-19-5956","TCGA-19-5956-01A","Primary Tumor"
"cce041de-1783-4b4a-8b2d-a74f12cde8ef","f4fc375f-ba8c-4f72-bc61-352d63f4bd93.methylation_array.sesame.level3betas.txt","Illumina Human Methylation 450","TXT","13133309","TCGA-28-6450","TCGA-28-6450-01A","Primary Tumor"
"063c2bff-cb72-4826-a8dd-437f30db01af","f4fc375f-ba8c-4f72-bc61-352d63f4bd93_noid_Red.idat","Illumina Human Methylation 450","IDAT","8091452","TCGA-28-6450","TCGA-28-6450-01A","Primary Tumor"
"7ea6434f-8f7d-42a3-8a80-df37b91c87a5","aff6d45c-b661-496d-b1b4-b17cb6f21915.methylation_array.sesame.level3betas.txt","Illumina Human Methylation 27","TXT","764053","TCGA-02-0014","TCGA-02-0014-01A","Primary Tumor"
"f8b19360-b5b8-4cab-b8f7-08d15eaaaba4","934f5e6a-5c3e-4438-aeb0-eb3c0bf9a6ae_noid_Red.idat","Illumina Human Methylation 450","IDAT","8095293","TCGA-76-4935","TCGA-76-4935-01A","Primary Tumor"
"0c52f1ee-d715-4a88-92f9-68e9d69b5451","934f5e6a-5c3e-4438-aeb0-eb3c0bf9a6ae.methylation_array.sesame.level3betas.txt","Illumina Human Methylation 450","TXT","12937347","TCGA-76-4935","TCGA-76-4935-01A","Primary Tumor"
"879aa09e-21fb-4728-a7a1-4f5c2ce09915","05a58db0-dede-4344-8c5e-05d2df70b509_noid_Red.idat","Illumina Human Methylation 450","IDAT","8091452","TCGA-76-6191","TCGA-76-6191-01A","Primary Tumor"
"da9d37e0-8c92-41f0-8c08-5b9fa4fe79ad","75b91801-d53b-42a3-b202-09e59c350eb8.methylation_array.sesame.level3betas.txt","Illumina Human Methylation 450","TXT","13142733","TCGA-06-5410","TCGA-06-5410-01A","Primary Tumor"
"c30be3e2-18e9-4241-bd38-0016ae4080c0","75b91801-d53b-42a3-b202-09e59c350eb8_noid_Red.idat","Illumina Human Methylation 450","IDAT","8091452","TCGA-06-5410","TCGA-06-5410-01A","Primary Tumor"
"a7c9bd49-1a3b-4fbc-bf5b-c1b1233d18c2","9fed810f-84dc-4f0c-951f-6ebb802405ee_noid_Red.idat","Illumina Human Methylation 450","IDAT","8095238","TCGA-06-5413","TCGA-06-5413-01A","Primary Tumor"
"113a3563-1d62-43c8-9a46-04e31f08d3c9","9fed810f-84dc-4f0c-951f-6ebb802405ee.methylation_array.sesame.level3betas.txt","Illumina Human Methylation 450","TXT","12999517","TCGA-06-5413","TCGA-06-5413-01A","Primary Tumor"
"527ecef7-9e06-4162-b3be-43ab91bd492f","9fed810f-84dc-4f0c-951f-6ebb802405ee_noid_Grn.idat","Illumina Human Methylation 450","IDAT","8095238","TCGA-06-5413","TCGA-06-5413-01A","Primary Tumor"
"9b24e815-5144-4b8c-a4fe-8b250a31fe3e","6aa3b9fc-a0c9-4ad1-93fb-da8505901837_noid_Red.idat","Illumina Human Methylation 450","IDAT","8095260","TCGA-76-6662","TCGA-76-6662-01A","Primary Tumor"
"8cde380b-82ef-4f47-8e8a-7b28e43cd67d","9716987a-03f5-44a4-b2f0-7febb63d715a_noid_Grn.idat","Illumina Human Methylation 27","IDAT","719552","TCGA-16-0861","TCGA-16-0861-01A","Primary Tumor"
"4eda5923-fcad-4b18-a0e1-95a68f452ffb","9716987a-03f5-44a4-b2f0-7febb63d715a_noid_Red.idat","Illumina Human Methylation 27","IDAT","719552","TCGA-16-0861","TCGA-16-0861-01A","Primary Tumor"
"82077131-65ca-47c2-8be1-1f754a6f1083","e6eff422-b906-48d0-94c6-6b7ddb157f58_noid_Grn.idat","Illumina Human Methylation 450","IDAT","8095266","TCGA-76-6663","TCGA-76-6663-01A","Primary Tumor"
"0e8f1c51-a56a-4874-8326-181ea3402281","3bdbbcc5-2d3a-4290-9825-b8de6976a513_noid_Grn.idat","Illumina Human Methylation 27","IDAT","719556","TCGA-02-0086","TCGA-02-0086-01A","Primary Tumor"
"17a31ef5-cbec-424f-a8ec-cb5dba479cbb","df47e3fe-5cab-4d0e-8958-f5fd2bb9d2cf_noid_Grn.idat","Illumina Human Methylation 450","IDAT","8095277","TCGA-28-5220","TCGA-28-5220-01A","Primary Tumor"
"47b8a42f-6f4d-4f3c-ae4a-df880212bd91","df47e3fe-5cab-4d0e-8958-f5fd2bb9d2cf_noid_Red.idat","Illumina Human Methylation 450","IDAT","8095277","TCGA-28-5220","TCGA-28-5220-01A","Primary Tumor"
"bcab166c-2d52-4d48-8ad0-b89c16dfbabb","6dfc7c02-8d63-4039-b6cf-d5fdd9af7518.methylation_array.sesame.level3betas.txt","Illumina Human Methylation 450","TXT","13206823","TCGA-06-6699","TCGA-06-6699-01A","Primary Tumor"
"4840217b-7668-4b19-bf46-b541ea1a1085","62d2be13-55f8-4c16-84ad-557a09b85b8a_noid_Red.idat","Illumina Human Methylation 27","IDAT","719550","TCGA-06-0878","TCGA-06-0878-01A","Primary Tumor"
"046cb3d4-6b23-45ce-b8ff-0911d2aaa123","98a4eca3-b597-438b-9d8d-4066f86786f2.methylation_array.sesame.level3betas.txt","Illumina Human Methylation 27","TXT","765657","TCGA-19-1788","TCGA-19-1788-01A","Primary Tumor"
"f6157b09-a00a-4c31-9305-12cf892beed3","b8d34ba0-2ecf-4fca-ad90-513f5c1e64bc.methylation_array.sesame.level3betas.txt","Illumina Human Methylation 27","TXT","748385","TCGA-02-0006","TCGA-02-0006-01B","Primary Tumor"
"70c8e114-595f-4a74-b67d-ca06ddf057d0","a5ea96ff-aa14-40c7-9bf8-e813e7120d5d_noid_Red.idat","Illumina Human Methylation 27","IDAT","719554","TCGA-26-1440","TCGA-26-1440-01A","Primary Tumor"
"27e48a19-192f-4429-af16-243ba94fb127","7933d530-ffda-4b60-b8f7-7777dee107e1_noid_Grn.idat","Illumina Human Methylation 27","IDAT","719557","TCGA-27-1835","TCGA-27-1835-01A","Primary Tumor"
"09718097-93cd-48f1-807c-23ef4a3c761a","d52b10d1-5aa1-4441-9ee1-e064a1c95be1_noid_Grn.idat","Illumina Human Methylation 450","IDAT","8091452","TCGA-14-0781","TCGA-14-0781-01B","Primary Tumor"
"9d03f3de-7a28-45b3-a728-c8a3974aa92e","32b7d520-ec3a-4206-8e58-f2eb43e67490_noid_Red.idat","Illumina Human Methylation 27","IDAT","719553","TCGA-12-1098","TCGA-12-1098-01C","Primary Tumor"
"899e2f5a-962e-4fa5-b046-3151d884a7c5","961a7752-879d-4f3f-b5be-edf2fe849f30.methylation_array.sesame.level3betas.txt","Illumina Human Methylation 27","TXT","763006","TCGA-06-1086","TCGA-06-1086-01A","Primary Tumor"
"f5d96a2d-deb8-4d16-877d-df8f2563eff1","961a7752-879d-4f3f-b5be-edf2fe849f30_noid_Red.idat","Illumina Human Methylation 27","IDAT","719553","TCGA-06-1086","TCGA-06-1086-01A","Primary Tumor"
"46a704cb-22ef-481d-9198-3e094906ef75","67f85afa-477f-493c-9510-58595f3680f0_noid_Grn.idat","Illumina Human Methylation 27","IDAT","719554","TCGA-19-0957","TCGA-19-0957-01C","Primary Tumor"
"4fe7183a-818e-436b-a82b-328ba0ee53a8","3b40b113-19d9-4c0e-a948-53aedc88beac.methylation_array.sesame.level3betas.txt","Illumina Human Methylation 27","TXT","769711","TCGA-06-0875","TCGA-06-0875-01A","Primary Tumor"
"ff717839-d198-4dda-bd6e-14cd1c9e7281","67f85afa-477f-493c-9510-58595f3680f0_noid_Red.idat","Illumina Human Methylation 27","IDAT","719554","TCGA-19-0957","TCGA-19-0957-01C","Primary Tumor"
"c7a26802-d253-4446-9523-c7f559a838a9","c8603c7f-341d-43df-a851-622a04a11661_noid_Red.idat","Illumina Human Methylation 450","IDAT","8095262","TCGA-06-1806","TCGA-06-1806-01A","Primary Tumor"
"a53b4736-0c0a-47a2-a20c-83f58d80d25e","c8603c7f-341d-43df-a851-622a04a11661_noid_Grn.idat","Illumina Human Methylation 450","IDAT","8095262","TCGA-06-1806","TCGA-06-1806-01A","Primary Tumor"
"04bd2a8f-f81c-457a-abb8-efaf4b0c5ef6","4930e09e-5349-4289-b0f7-d72684b13c9c.methylation_array.sesame.level3betas.txt","Illumina Human Methylation 450","TXT","13053733","TCGA-81-5910","TCGA-81-5910-01A","Primary Tumor"
"3a138766-30d8-49e1-b1f2-83f86678ee05","65961cb7-5998-4d94-af2f-1c296fd6b674_noid_Red.idat","Illumina Human Methylation 450","IDAT","8095268","TCGA-14-1043","TCGA-14-1043-01B","Primary Tumor"
"d632c695-089c-43ce-be62-c93a70910b64","65961cb7-5998-4d94-af2f-1c296fd6b674.methylation_array.sesame.level3betas.txt","Illumina Human Methylation 450","TXT","13201192","TCGA-14-1043","TCGA-14-1043-01B","Primary Tumor"
"2b4c34d7-8ac1-4694-a46c-5e6308f72448","62cf29a6-a712-4ccd-9d80-ab28a42e4f3e.methylation_array.sesame.level3betas.txt","Illumina Human Methylation 27","TXT","770586","TCGA-19-1385","TCGA-19-1385-01A","Primary Tumor"
"8b1dc7b0-f1a1-406c-81b1-a17ed0db5ecc","74af2be2-3bb8-44d3-8e3a-5fa9c3db5335_noid_Red.idat","Illumina Human Methylation 27","IDAT","719554","TCGA-14-1396","TCGA-14-1396-01A","Primary Tumor"
"682b1a1c-49b3-467b-82bf-3896b117a78a","62cf29a6-a712-4ccd-9d80-ab28a42e4f3e_noid_Grn.idat","Illumina Human Methylation 27","IDAT","719554","TCGA-19-1385","TCGA-19-1385-01A","Primary Tumor"
"0f3a6216-9d61-4545-9345-4b528b2636a6","e1e9cb6a-c57d-4f8a-a646-91ba70502003.methylation_array.sesame.level3betas.txt","Illumina Human Methylation 450","TXT","13000585","TCGA-19-5955","TCGA-19-5955-01A","Primary Tumor"
"532ac04a-62f2-4605-92e4-b8690e374c17","e1e9cb6a-c57d-4f8a-a646-91ba70502003_noid_Grn.idat","Illumina Human Methylation 450","IDAT","8091452","TCGA-19-5955","TCGA-19-5955-01A","Primary Tumor"
"c06a9973-43a8-469e-ac55-b7744f47a49a","7b8d5379-f180-4566-9085-609a7e392bc9_noid_Red.idat","Illumina Human Methylation 27","IDAT","719557","TCGA-06-0130","TCGA-06-0130-01A","Primary Tumor"
"ac819ead-f40d-4b30-8763-e8a60178bab4","38ce0c14-a11c-4635-ae10-036072f41730_noid_Red.idat","Illumina Human Methylation 27","IDAT","719556","TCGA-06-0124","TCGA-06-0124-01A","Primary Tumor"
"ecb0688c-cc1b-4807-8560-586d64529c12","6832e903-5ec7-4180-b8b6-cb38b7bfc3e7_noid_Grn.idat","Illumina Human Methylation 27","IDAT","719555","TCGA-14-3476","TCGA-14-3476-01B","Primary Tumor"
"104f712a-309a-4c90-8d49-910a559a98e2","4ae6600d-1c20-453d-b1da-d9d87d4a788b.methylation_array.sesame.level3betas.txt","Illumina Human Methylation 27","TXT","764246","TCGA-02-0028","TCGA-02-0028-01A","Primary Tumor"
"afcc7f2d-06ec-4e32-a326-a750412f9469","4ae6600d-1c20-453d-b1da-d9d87d4a788b_noid_Grn.idat","Illumina Human Methylation 27","IDAT","719558","TCGA-02-0028","TCGA-02-0028-01A","Primary Tumor"
"edb72868-98cc-4fb2-990e-dbc26ff6668c","34ec0b97-165a-4ea9-8da0-604106f4ba01.methylation_array.sesame.level3betas.txt","Illumina Human Methylation 27","TXT","728520","TCGA-15-1449","TCGA-15-1449-01A","Primary Tumor"
"9fc4130c-478a-4c42-8188-5a172179a65f","71c38ad4-1e2e-4ac8-a39c-45e4a19016a2_noid_Red.idat","Illumina Human Methylation 27","IDAT","719553","TCGA-16-1045","TCGA-16-1045-01B","Primary Tumor"
"68f41d40-c6be-41b6-b630-c46c72cb039e","8c2e947c-474a-4b0f-adc7-ec304b79060d_noid_Grn.idat","Illumina Human Methylation 27","IDAT","719557","TCGA-06-0126","TCGA-06-0126-01A","Primary Tumor"
"1aa56c80-8c81-4c5e-9c23-a4ec22948637","8c2e947c-474a-4b0f-adc7-ec304b79060d.methylation_array.sesame.level3betas.txt","Illumina Human Methylation 27","TXT","761627","TCGA-06-0126","TCGA-06-0126-01A","Primary Tumor"
"e1eaaff6-395c-4cf8-881a-75d32b5d0a8e","8c2e947c-474a-4b0f-adc7-ec304b79060d_noid_Red.idat","Illumina Human Methylation 27","IDAT","719557","TCGA-06-0126","TCGA-06-0126-01A","Primary Tumor"
"d27980f9-41ae-4d11-8d4d-34a5b42b495a","8e8dc4b7-ce8b-4f7c-999c-e3a64344900f_noid_Red.idat","Illumina Human Methylation 27","IDAT","719558","TCGA-06-0145","TCGA-06-0145-01A","Primary Tumor"
"7b8d894a-e420-4ef4-8b05-10852660b959","f2e2bccd-5646-4174-827f-5be1c4a92232_noid_Grn.idat","Illumina Human Methylation 27","IDAT","719557","TCGA-06-0145","TCGA-06-0145-01A","Primary Tumor"
"80a19bea-f116-4109-b83a-1a378564a37e","b4c86b96-ca2e-4c74-8b4d-4d1c21d636d4_noid_Grn.idat","Illumina Human Methylation 27","IDAT","719556","TCGA-02-0114","TCGA-02-0114-01A","Primary Tumor"
"2282ad4f-67cb-4ddb-a671-6f731d520bf3","7a359510-de4a-497d-827b-57809db1631d.methylation_array.sesame.level3betas.txt","Illumina Human Methylation 450","TXT","13079233","TCGA-06-6391","TCGA-06-6391-01A","Primary Tumor"
"51b1e822-451a-40dc-9759-dd255946c43a","a7b078fc-341c-4e9e-ba61-1548bc4337c4.methylation_array.sesame.level3betas.txt","Illumina Human Methylation 27","TXT","765508","TCGA-06-0145","TCGA-06-0145-01A","Primary Tumor"
"361a86b4-d789-4c1c-94e8-4e0010b7c707","f2e2bccd-5646-4174-827f-5be1c4a92232.methylation_array.sesame.level3betas.txt","Illumina Human Methylation 27","TXT","758763","TCGA-06-0145","TCGA-06-0145-01A","Primary Tumor"
"231802f2-c32f-4aaf-9024-c90c483779fc","8e8dc4b7-ce8b-4f7c-999c-e3a64344900f.methylation_array.sesame.level3betas.txt","Illumina Human Methylation 27","TXT","761043","TCGA-06-0145","TCGA-06-0145-01A","Primary Tumor"
"f22023cd-b94f-469e-825e-af15efdcd381","7b8d5379-f180-4566-9085-609a7e392bc9_noid_Grn.idat","Illumina Human Methylation 27","IDAT","719557","TCGA-06-0130","TCGA-06-0130-01A","Primary Tumor"
"cd8a092c-e403-4f40-b866-7c7d72cb0615","e78565c0-3d3c-4982-9283-7ea032803a67_noid_Red.idat","Illumina Human Methylation 450","IDAT","8095311","TCGA-06-0125","TCGA-06-0125-01A","Primary Tumor"
"3154d7f3-597c-4748-b930-bd00ebb1311b","edfdabe5-7d6a-469a-98ab-697a8881b08e_noid_Red.idat","Illumina Human Methylation 27","IDAT","719557","TCGA-27-2526","TCGA-27-2526-01A","Primary Tumor"
"658df258-b899-48e5-8c7f-fbdc34bcdecf","edfdabe5-7d6a-469a-98ab-697a8881b08e.methylation_array.sesame.level3betas.txt","Illumina Human Methylation 27","TXT","775628","TCGA-27-2526","TCGA-27-2526-01A","Primary Tumor"
"f47284f2-7696-44a9-8f7b-da35f1a61189","8fe412c5-fcc5-40ce-9fc8-9fd918ca6736_noid_Grn.idat","Illumina Human Methylation 27","IDAT","719558","TCGA-06-0125","TCGA-06-0125-01A","Primary Tumor"
"503201e0-7190-461f-ac1c-907be95297e1","edfdabe5-7d6a-469a-98ab-697a8881b08e_noid_Grn.idat","Illumina Human Methylation 27","IDAT","719557","TCGA-27-2526","TCGA-27-2526-01A","Primary Tumor"
"1c783ea6-16bf-4369-b263-66d1c57622be","3f89b03c-484d-46fc-949a-04e9b3c47100_noid_Red.idat","Illumina Human Methylation 450","IDAT","8095303","TCGA-06-0211","TCGA-06-0211-01A","Primary Tumor"
"39504f45-e05a-42c9-946f-5673f3b7f2ba","3f89b03c-484d-46fc-949a-04e9b3c47100_noid_Grn.idat","Illumina Human Methylation 450","IDAT","8095303","TCGA-06-0211","TCGA-06-0211-01A","Primary Tumor"
"7c3a551b-43c0-406c-8b67-e9771ee3aea3","c9eb1c59-3edc-4e8d-9f5b-8aade094f86c.methylation_array.sesame.level3betas.txt","Illumina Human Methylation 27","TXT","751437","TCGA-06-0139","TCGA-06-0139-01A","Primary Tumor"
"3e289779-95a6-486a-8db2-30416b946ef0","566fda93-acef-4cb6-b947-09ad51c52ada.methylation_array.sesame.level3betas.txt","Illumina Human Methylation 27","TXT","755552","TCGA-02-0089","TCGA-02-0089-01A","Primary Tumor"
"6847a0d6-4a4d-4e7e-9a98-249acd5247df","c9eb1c59-3edc-4e8d-9f5b-8aade094f86c_noid_Grn.idat","Illumina Human Methylation 27","IDAT","719556","TCGA-06-0139","TCGA-06-0139-01A","Primary Tumor"
"b1854732-94f4-4c3b-bdb2-330a0821c6dd","2a6aa5a8-1dc9-47a5-8fe1-394641b97009.methylation_array.sesame.level3betas.txt","Illumina Human Methylation 27","TXT","775636","TCGA-32-2498","TCGA-32-2498-01A","Primary Tumor"
"f87ea44d-fa11-4deb-972b-5abc6562f4f4","da2eaba7-7467-428d-87df-fd566af50f2b_noid_Grn.idat","Illumina Human Methylation 27","IDAT","719562","TCGA-02-0010","TCGA-02-0010-01A","Primary Tumor"
"05585153-e259-4535-a0d5-57023c6466b3","da2eaba7-7467-428d-87df-fd566af50f2b_noid_Red.idat","Illumina Human Methylation 27","IDAT","719562","TCGA-02-0010","TCGA-02-0010-01A","Primary Tumor"
"9d89c6d8-f08c-451b-82df-7e59bb8f55f6","57f1dc7f-d728-4253-8b96-d040dc818a11_noid_Grn.idat","Illumina Human Methylation 27","IDAT","719556","TCGA-02-0057","TCGA-02-0057-01A","Primary Tumor"
"64e60246-01e5-458d-91e3-3f8e772d9e19","57f1dc7f-d728-4253-8b96-d040dc818a11_noid_Red.idat","Illumina Human Methylation 27","IDAT","719556","TCGA-02-0057","TCGA-02-0057-01A","Primary Tumor"
"39191032-c796-44a3-83a6-2a5f04935cc9","732547f9-5e8f-449f-9a35-e4fd355a98b6_noid_Red.idat","Illumina Human Methylation 27","IDAT","719557","TCGA-02-0083","TCGA-02-0083-01A","Primary Tumor"
"7f7e3b78-5b87-45e9-9868-f00e60835616","14b4f26d-5ae2-4f9a-8ca7-bfa30ab3c7d5_noid_Red.idat","Illumina Human Methylation 27","IDAT","719557","TCGA-06-2557","TCGA-06-2557-01A","Primary Tumor"
"ed4ddce0-6119-4fe7-b1aa-c9e30ffe0e01","8e9811c9-3ae0-4468-bc96-83da17865f23_noid_Grn.idat","Illumina Human Methylation 27","IDAT","719556","TCGA-02-0001","TCGA-02-0001-01C","Primary Tumor"
"46bc5c35-183d-4b3c-af16-5afaea94f155","67b9524e-f78a-4dfd-a749-9d8aa601ac11.methylation_array.sesame.level3betas.txt","Illumina Human Methylation 27","TXT","763983","TCGA-06-0121","TCGA-06-0121-01A","Primary Tumor"
"8298719f-4ec6-4636-b3ea-edafcd7d5ced","71d265ec-f9e6-455e-a3a6-5b5937b722dd_noid_Grn.idat","Illumina Human Methylation 27","IDAT","719554","TCGA-19-0960","TCGA-19-0960-01A","Primary Tumor"
"78795adf-3feb-4927-ae86-9f91ebf6719f","a8cbc5af-0efc-4630-af8b-058a2dd9919a_noid_Grn.idat","Illumina Human Methylation 27","IDAT","719552","TCGA-12-0818","TCGA-12-0818-01A","Primary Tumor"
"068cfeee-8486-4cdf-b66b-9c9773aaff55","07b63b28-b6fe-41f8-9553-e5c7820805c9.methylation_array.sesame.level3betas.txt","Illumina Human Methylation 27","TXT","773908","TCGA-32-1978","TCGA-32-1978-01A","Primary Tumor"
"1950dff1-e1b6-4c0a-9d80-ea1f08e3ba11","14536e29-83e9-47f4-844c-8a6bac1f0a23.methylation_array.sesame.level3betas.txt","Illumina Human Methylation 27","TXT","736929","TCGA-14-1453","TCGA-14-1453-01A","Primary Tumor"
"e39a9869-23c3-416f-b206-0320072600da","a8cbc5af-0efc-4630-af8b-058a2dd9919a_noid_Red.idat","Illumina Human Methylation 27","IDAT","719552","TCGA-12-0818","TCGA-12-0818-01A","Primary Tumor"
"78057981-ad2d-45e8-80d2-a97c6b1548d9","d7064e54-bde0-41f7-842b-261c3dddbd87_noid_Red.idat","Illumina Human Methylation 27","IDAT","719559","TCGA-02-0043","TCGA-02-0043-01A","Primary Tumor"
"335ddfcb-659d-4501-a82e-29535c0459bb","93f140fb-9698-4a6d-a594-caba9263034b_noid_Grn.idat","Illumina Human Methylation 450","IDAT","8095316","TCGA-19-A6J5","TCGA-19-A6J5-01A","Primary Tumor"
"c86b751f-3725-49a8-a25b-4ed19c17278d","aad4cdb2-c7bf-4d93-935d-6fd5a9566290.methylation_array.sesame.level3betas.txt","Illumina Human Methylation 27","TXT","776387","TCGA-27-2519","TCGA-27-2519-01A","Primary Tumor"
"3b1892da-2b3d-4f33-b9f9-6b21f1dbd5f3","93f140fb-9698-4a6d-a594-caba9263034b_noid_Red.idat","Illumina Human Methylation 450","IDAT","8095316","TCGA-19-A6J5","TCGA-19-A6J5-01A","Primary Tumor"
"28806885-0762-469a-a182-557795c0d727","defddc29-a251-403e-8f28-2ca93dd013aa_noid_Grn.idat","Illumina Human Methylation 450","IDAT","8095311","TCGA-RR-A6KA","TCGA-RR-A6KA-01A","Primary Tumor"
"8a478fd7-e321-4c2d-a831-9249a8a9466c","bd2c32a7-eb05-40f5-bfc1-9c40d19098c2.methylation_array.sesame.level3betas.txt","Illumina Human Methylation 27","TXT","776822","TCGA-14-1829","TCGA-14-1829-01A","Primary Tumor"
"421d8a01-1722-4bd4-a057-203c67635f5e","bd2c32a7-eb05-40f5-bfc1-9c40d19098c2_noid_Red.idat","Illumina Human Methylation 27","IDAT","719554","TCGA-14-1829","TCGA-14-1829-01A","Primary Tumor"
"28f2b01c-6ef9-4f72-9b00-d24ab600adaa","5531476b-01a6-4b83-9b24-42869f2c09c6.methylation_array.sesame.level3betas.txt","Illumina Human Methylation 450","TXT","12887639","TCGA-OX-A56R","TCGA-OX-A56R-01A","Primary Tumor"
"f586c5b1-9021-4725-8f35-4dc839a68bf5","5531476b-01a6-4b83-9b24-42869f2c09c6_noid_Grn.idat","Illumina Human Methylation 450","IDAT","8095320","TCGA-OX-A56R","TCGA-OX-A56R-01A","Primary Tumor"
"b09cb62d-30d9-4750-85d9-6fe95d9a9746","bd2c32a7-eb05-40f5-bfc1-9c40d19098c2_noid_Grn.idat","Illumina Human Methylation 27","IDAT","719554","TCGA-14-1829","TCGA-14-1829-01A","Primary Tumor"
"aa0c8fc0-96df-4fef-a773-f3c537d79c8b","6b0ffce2-6c6e-4bc5-bb9c-2f4e4ad9f15c_noid_Grn.idat","Illumina Human Methylation 450","IDAT","8095320","TCGA-RR-A6KB","TCGA-RR-A6KB-01A","Primary Tumor"
"7a63a06f-3602-4e87-aeab-d5dd0ff46f3d","6b0ffce2-6c6e-4bc5-bb9c-2f4e4ad9f15c_noid_Red.idat","Illumina Human Methylation 450","IDAT","8095320","TCGA-RR-A6KB","TCGA-RR-A6KB-01A","Primary Tumor"
"81f39cc7-a7a9-48b1-9b2e-4a48fa88e75d","858e64bc-196d-4575-9fa8-b1a70f0011d4_noid_Red.idat","Illumina Human Methylation 450","IDAT","8095285","TCGA-76-4925","TCGA-76-4925-01A","Primary Tumor"
"eddf42bc-27b2-4414-9976-ced5712126ee","3ee544b8-184d-48f1-982c-592504a19b66_noid_Grn.idat","Illumina Human Methylation 27","IDAT","719554","TCGA-28-1747","TCGA-28-1747-01C","Primary Tumor"
"c8c688d5-05ef-488f-90d9-d5cc96ca85b2","858e64bc-196d-4575-9fa8-b1a70f0011d4_noid_Grn.idat","Illumina Human Methylation 450","IDAT","8095285","TCGA-76-4925","TCGA-76-4925-01A","Primary Tumor"
"42d71a78-078a-47bf-9987-a3aa77154b1f","f5a31d67-3f9a-4356-a0db-769714cb8e59_noid_Grn.idat","Illumina Human Methylation 27","IDAT","719553","TCGA-14-1034","TCGA-14-1034-01A","Primary Tumor"
"789a900a-a22e-4561-b6d5-d6b28b9028aa","fd10dedc-a5d7-4eb7-8864-c522ce24a058.methylation_array.sesame.level3betas.txt","Illumina Human Methylation 27","TXT","774527","TCGA-32-1991","TCGA-32-1991-01A","Primary Tumor"
"0c8f250b-8431-4b13-8465-7d34d85b0952","0fa632b8-6652-459e-9c04-e90998332fd9.methylation_array.sesame.level3betas.txt","Illumina Human Methylation 27","TXT","761376","TCGA-19-2621","TCGA-19-2621-01B","Primary Tumor"
"07248f0c-b2c6-4ef9-964b-9efd4edc0496","f5a31d67-3f9a-4356-a0db-769714cb8e59.methylation_array.sesame.level3betas.txt","Illumina Human Methylation 27","TXT","770407","TCGA-14-1034","TCGA-14-1034-01A","Primary Tumor"
"35899a3c-fc42-465f-b96c-e73a1a647848","d4732770-436a-47b2-94f0-f284c724c0aa_noid_Red.idat","Illumina Human Methylation 27","IDAT","719555","TCGA-14-1455","TCGA-14-1455-01A","Primary Tumor"
"eed8a32f-900c-4b1e-8495-b76063405c84","d4732770-436a-47b2-94f0-f284c724c0aa_noid_Grn.idat","Illumina Human Methylation 27","IDAT","719555","TCGA-14-1455","TCGA-14-1455-01A","Primary Tumor"
"323bc3ab-56a6-47d6-8d52-d825834af0b2","ce1b28e7-5622-4bd9-934e-c9ba9e96766f_noid_Grn.idat","Illumina Human Methylation 450","IDAT","8095306","TCGA-06-0221","TCGA-06-0221-01A","Primary Tumor"
"f23667d5-a2b4-46c2-9edf-7b9faccab5dd","85c2611e-1d06-4298-81f6-2721d07687b7_noid_Grn.idat","Illumina Human Methylation 450","IDAT","8095303","TCGA-06-0171","TCGA-06-0171-01A","Primary Tumor"
"1bf37a23-962f-4327-b654-c7fc5326c8c3","85c2611e-1d06-4298-81f6-2721d07687b7_noid_Red.idat","Illumina Human Methylation 450","IDAT","8095303","TCGA-06-0171","TCGA-06-0171-01A","Primary Tumor"
"2109d034-167a-43f5-8d00-c3603281bddf","f7fac13b-d207-466e-9f35-7e392704b79c_noid_Red.idat","Illumina Human Methylation 27","IDAT","719557","TCGA-02-0071","TCGA-02-0071-01A","Primary Tumor"
"28a8af69-61e6-4c36-87c7-2ed1626ba886","1321955d-3385-4a87-8e7d-207465ad136e.methylation_array.sesame.level3betas.txt","Illumina Human Methylation 450","TXT","13197040","TCGA-06-6695","TCGA-06-6695-01A","Primary Tumor"
"c5f7c56f-bc72-4492-844c-25648694c90d","f8c84891-9c42-4041-89f1-6f63b6251f2c_noid_Red.idat","Illumina Human Methylation 450","IDAT","8095288","TCGA-06-A7TL","TCGA-06-A7TL-01A","Primary Tumor"
"20404a97-13c8-43c4-b50b-d0069d7aa721","1321955d-3385-4a87-8e7d-207465ad136e_noid_Red.idat","Illumina Human Methylation 450","IDAT","8095266","TCGA-06-6695","TCGA-06-6695-01A","Primary Tumor"
"d6badea5-8790-4a03-bb91-b986f3490cb2","772ac4af-c38c-4ac4-b4f2-41d3a80c119b.methylation_array.sesame.level3betas.txt","Illumina Human Methylation 27","TXT","723934","TCGA-15-1447","TCGA-15-1447-01A","Primary Tumor"
"0d2c8215-0def-4f87-922e-17d8df99ad80","772ac4af-c38c-4ac4-b4f2-41d3a80c119b_noid_Red.idat","Illumina Human Methylation 27","IDAT","719553","TCGA-15-1447","TCGA-15-1447-01A","Primary Tumor"
"f92a6936-25a8-44b2-a01f-ebb7e16b4ba4","c8dcc9d8-02c2-4274-a0c3-3b69875d51a1_noid_Grn.idat","Illumina Human Methylation 27","IDAT","719554","TCGA-12-1099","TCGA-12-1099-01A","Primary Tumor"
"fe0e856f-d85e-4299-b0bc-46da1d0c3836","6c39317f-24a3-4f60-8dcd-0a7b6c4a790b_noid_Grn.idat","Illumina Human Methylation 27","IDAT","719549","TCGA-32-2634","TCGA-32-2634-01A","Primary Tumor"
"fa3aa956-c1d3-4953-906d-3f65f22d2759","6c39317f-24a3-4f60-8dcd-0a7b6c4a790b.methylation_array.sesame.level3betas.txt","Illumina Human Methylation 27","TXT","761591","TCGA-32-2634","TCGA-32-2634-01A","Primary Tumor"
"7e008d8a-4d43-4c06-a041-e2cedc45150d","2bdd8e0b-ef48-4680-830a-f58b8491c9d4.methylation_array.sesame.level3betas.txt","Illumina Human Methylation 27","TXT","761821","TCGA-14-0786","TCGA-14-0786-01B","Primary Tumor"
"66d02dc8-d15a-4741-b934-eff80ae8b4cd","5098247b-3835-4915-a1f2-28cc7128db14.methylation_array.sesame.level3betas.txt","Illumina Human Methylation 27","TXT","772010","TCGA-12-0822","TCGA-12-0822-01A","Primary Tumor"
"f7e7d6ae-1466-47b0-b2fb-ac8abb4f82f4","5098247b-3835-4915-a1f2-28cc7128db14_noid_Red.idat","Illumina Human Methylation 27","IDAT","719552","TCGA-12-0822","TCGA-12-0822-01A","Primary Tumor"
"7f16dc67-9273-49a9-93ee-ce4f69adfbb0","5098247b-3835-4915-a1f2-28cc7128db14_noid_Grn.idat","Illumina Human Methylation 27","IDAT","719552","TCGA-12-0822","TCGA-12-0822-01A","Primary Tumor"
"3cc0f877-467f-4e1c-9335-477579f2997f","6b97a90f-83e3-440d-9c8d-20fe160e362d_noid_Red.idat","Illumina Human Methylation 27","IDAT","719549","TCGA-12-3652","TCGA-12-3652-01A","Primary Tumor"
"bb51a6a2-4f16-41bc-b0f1-c880d6470dc7","6b97a90f-83e3-440d-9c8d-20fe160e362d_noid_Grn.idat","Illumina Human Methylation 27","IDAT","719549","TCGA-12-3652","TCGA-12-3652-01A","Primary Tumor"
"931025e0-aef4-4532-84ce-3ab1c249c71c","cc0aa5b5-187d-499c-89bb-3f76c4ad4181_noid_Grn.idat","Illumina Human Methylation 450","IDAT","8095295","TCGA-28-5209","TCGA-28-5209-01A","Primary Tumor"
"3d34a4bf-b43c-4fe1-8177-c5de26880ce1","ec0f2a4a-bea2-496b-812f-8f08bb4826db_noid_Grn.idat","Illumina Human Methylation 27","IDAT","719552","TCGA-06-0882","TCGA-06-0882-01A","Primary Tumor"
"0f325cb3-8982-4ca8-bc6f-696b46015637","ec0f2a4a-bea2-496b-812f-8f08bb4826db_noid_Red.idat","Illumina Human Methylation 27","IDAT","719552","TCGA-06-0882","TCGA-06-0882-01A","Primary Tumor"
"063a67d9-b89c-4871-997b-eba528783d0d","33edb3fc-6573-4e7e-8a7e-277e5a7f58bb.methylation_array.sesame.level3betas.txt","Illumina Human Methylation 450","TXT","12990248","TCGA-28-5204","TCGA-28-5204-01A","Primary Tumor"
"2bdf807d-9184-411f-9fda-4f97834dece2","33edb3fc-6573-4e7e-8a7e-277e5a7f58bb_noid_Grn.idat","Illumina Human Methylation 450","IDAT","8095279","TCGA-28-5204","TCGA-28-5204-01A","Primary Tumor"
"242d0ccb-0c92-4e6c-b633-76a9ce58fecb","91720c9d-3bc4-4429-ae54-71e87bb7b971.methylation_array.sesame.level3betas.txt","Illumina Human Methylation 27","TXT","774090","TCGA-28-1751","TCGA-28-1751-01A","Primary Tumor"
"55f49d5f-4a01-4471-b2d8-218cdd14225c","91720c9d-3bc4-4429-ae54-71e87bb7b971_noid_Red.idat","Illumina Human Methylation 27","IDAT","719554","TCGA-28-1751","TCGA-28-1751-01A","Primary Tumor"
"9ceac6fe-fb89-4194-a4fd-1d4a947b9770","91720c9d-3bc4-4429-ae54-71e87bb7b971_noid_Grn.idat","Illumina Human Methylation 27","IDAT","719554","TCGA-28-1751","TCGA-28-1751-01A","Primary Tumor"
"0199f6d1-055b-4123-8522-b2a8afaec6a9","1d172504-25e1-440e-a3ba-65f2bf3670ec.methylation_array.sesame.level3betas.txt","Illumina Human Methylation 27","TXT","767742","TCGA-12-1597","TCGA-12-1597-01B","Primary Tumor"
"0897d8a7-a78f-4de7-b76b-5f255f1afad0","1d172504-25e1-440e-a3ba-65f2bf3670ec_noid_Grn.idat","Illumina Human Methylation 27","IDAT","719552","TCGA-12-1597","TCGA-12-1597-01B","Primary Tumor"
"f8e5b89a-a27c-4491-bf83-7d8a037883a4","1d172504-25e1-440e-a3ba-65f2bf3670ec_noid_Red.idat","Illumina Human Methylation 27","IDAT","719552","TCGA-12-1597","TCGA-12-1597-01B","Primary Tumor"
"0660913f-7fa4-4abb-9070-3461a3bfdbe1","20732d96-dd0b-4c9e-9357-2008a35dd9ca.methylation_array.sesame.level3betas.txt","Illumina Human Methylation 27","TXT","767583","TCGA-12-1598","TCGA-12-1598-01A","Primary Tumor"
"7514405f-012a-4f85-81de-91e3fbb4d95e","20732d96-dd0b-4c9e-9357-2008a35dd9ca_noid_Red.idat","Illumina Human Methylation 27","IDAT","719554","TCGA-12-1598","TCGA-12-1598-01A","Primary Tumor"
"c49fe1ce-475a-4374-8d41-0753fd8a66d5","20732d96-dd0b-4c9e-9357-2008a35dd9ca_noid_Grn.idat","Illumina Human Methylation 27","IDAT","719554","TCGA-12-1598","TCGA-12-1598-01A","Primary Tumor"
"334cfef3-5349-4561-b3ef-3be6bc1de24b","dd95b734-705d-4333-85ff-b09b60b7c297.methylation_array.sesame.level3betas.txt","Illumina Human Methylation 27","TXT","767866","TCGA-41-2575","TCGA-41-2575-01A","Primary Tumor"
"431b8501-e5c0-4266-93e5-4852fdbcf271","dd95b734-705d-4333-85ff-b09b60b7c297_noid_Grn.idat","Illumina Human Methylation 27","IDAT","719549","TCGA-41-2575","TCGA-41-2575-01A","Primary Tumor"
"f41828a5-26ba-4f90-ad04-d6a77aa633a8","dd95b734-705d-4333-85ff-b09b60b7c297_noid_Red.idat","Illumina Human Methylation 27","IDAT","719549","TCGA-41-2575","TCGA-41-2575-01A","Primary Tumor"
"891356a9-c5f4-4944-9326-cbc833e9b0bd","57c3d19e-c022-419f-98a2-11f0d8be7c1d_noid_Grn.idat","Illumina Human Methylation 27","IDAT","719557","TCGA-02-0085","TCGA-02-0085-01A","Primary Tumor"
"c5f3712b-d40c-48bc-ae63-6c8f1fc4c821","57c3d19e-c022-419f-98a2-11f0d8be7c1d.methylation_array.sesame.level3betas.txt","Illumina Human Methylation 27","TXT","765066","TCGA-02-0085","TCGA-02-0085-01A","Primary Tumor"
"6400bcb8-f853-4b39-8857-0d59200014a2","57c3d19e-c022-419f-98a2-11f0d8be7c1d_noid_Red.idat","Illumina Human Methylation 27","IDAT","719557","TCGA-02-0085","TCGA-02-0085-01A","Primary Tumor"
"6e124a38-678a-490f-aa55-215a42ee77df","5e4bbc4d-b404-4a37-abed-ce7e1de13ce7_noid_Red.idat","Illumina Human Methylation 27","IDAT","719553","TCGA-12-3653","TCGA-12-3653-01A","Primary Tumor"
"5e66f033-e011-4740-9c18-f92c166d240e","d77ff6b8-7e26-4f72-bf18-bd5cc3e0b132_noid_Grn.idat","Illumina Human Methylation 27","IDAT","719548","TCGA-19-2624","TCGA-19-2624-01A","Primary Tumor"
"a3d0af8d-6705-456a-a785-193563711b63","77945aaf-b8b0-4f44-bb84-cdde8fd2ddde_noid_Red.idat","Illumina Human Methylation 27","IDAT","719554","TCGA-19-1387","TCGA-19-1387-01A","Primary Tumor"
"a8bede90-4a15-436e-8bc0-dd6e7aae85b2","d77ff6b8-7e26-4f72-bf18-bd5cc3e0b132_noid_Red.idat","Illumina Human Methylation 27","IDAT","719548","TCGA-19-2624","TCGA-19-2624-01A","Primary Tumor"
"9d2098c1-a5dc-4fea-85ed-00d3ccdfb0c4","d77ff6b8-7e26-4f72-bf18-bd5cc3e0b132.methylation_array.sesame.level3betas.txt","Illumina Human Methylation 27","TXT","764201","TCGA-19-2624","TCGA-19-2624-01A","Primary Tumor"
"36182bd5-88f4-4314-a4c8-30e6cf8a00b7","77945aaf-b8b0-4f44-bb84-cdde8fd2ddde.methylation_array.sesame.level3betas.txt","Illumina Human Methylation 27","TXT","778515","TCGA-19-1387","TCGA-19-1387-01A","Primary Tumor"
"4e7c57cc-1ba7-4b48-9745-35c698cfc322","3b13ab45-bb85-4839-aaed-1c29b31d99ff.methylation_array.sesame.level3betas.txt","Illumina Human Methylation 27","TXT","762254","TCGA-32-2615","TCGA-32-2615-01A","Primary Tumor"
"2e37ab6b-e7e0-42e7-90ef-9a369acfb7dc","3b13ab45-bb85-4839-aaed-1c29b31d99ff_noid_Grn.idat","Illumina Human Methylation 27","IDAT","719548","TCGA-32-2615","TCGA-32-2615-01A","Primary Tumor"
"347dfb97-6555-401f-b1df-2861fa67661d","dd780bf7-d0e2-499e-b663-8e2a9e3451e3.methylation_array.sesame.level3betas.txt","Illumina Human Methylation 27","TXT","776522","TCGA-28-2513","TCGA-28-2513-01A","Primary Tumor"
"38359f01-01a5-42a5-bbc6-8d13f9755a8f","dd780bf7-d0e2-499e-b663-8e2a9e3451e3_noid_Red.idat","Illumina Human Methylation 27","IDAT","719554","TCGA-28-2513","TCGA-28-2513-01A","Primary Tumor"
"4f5f1f39-707d-4280-8b56-76d9187f7c8b","dd780bf7-d0e2-499e-b663-8e2a9e3451e3_noid_Grn.idat","Illumina Human Methylation 27","IDAT","719554","TCGA-28-2513","TCGA-28-2513-01A","Primary Tumor"
"bced2e4e-4f9a-402c-bfe8-c28b8c4d22d5","bb4b0f11-e57d-4d80-a6ec-40de4a6214a5_noid_Red.idat","Illumina Human Methylation 27","IDAT","719554","TCGA-19-1389","TCGA-19-1389-01A","Primary Tumor"
"dea7ace4-2446-4376-96e3-4e4e9e96bcb2","bb4b0f11-e57d-4d80-a6ec-40de4a6214a5.methylation_array.sesame.level3betas.txt","Illumina Human Methylation 27","TXT","767957","TCGA-19-1389","TCGA-19-1389-01A","Primary Tumor"
"8e8ccde6-c1de-47c6-94db-85c0be03ed37","654f1d64-e6c6-4d79-8292-a6e7c63b1f23_noid_Red.idat","Illumina Human Methylation 450","IDAT","8095303","TCGA-19-1389","TCGA-19-1389-01A","Primary Tumor"
"ad36ff8d-3380-4ee4-9221-ac7f0405f4d2","654f1d64-e6c6-4d79-8292-a6e7c63b1f23_noid_Grn.idat","Illumina Human Methylation 450","IDAT","8095303","TCGA-19-1389","TCGA-19-1389-01A","Primary Tumor"
"b50fe404-8ff0-4b68-ad80-6d04fcd51a82","654f1d64-e6c6-4d79-8292-a6e7c63b1f23.methylation_array.sesame.level3betas.txt","Illumina Human Methylation 450","TXT","13187313","TCGA-19-1389","TCGA-19-1389-01A","Primary Tumor"
"756d5174-9e39-41fc-81ed-c10d926ec7a9","bb4b0f11-e57d-4d80-a6ec-40de4a6214a5_noid_Grn.idat","Illumina Human Methylation 27","IDAT","719554","TCGA-19-1389","TCGA-19-1389-01A","Primary Tumor"
"fd77f5ee-c83e-4ae1-a20f-e89c42640503","01ed2282-a148-47f4-b8ca-4c6b6dad2973_noid_Grn.idat","Illumina Human Methylation 27","IDAT","719556","TCGA-06-0148","TCGA-06-0148-01A","Primary Tumor"
"3e094c93-b782-4f39-a578-dd27d3271ab6","01ed2282-a148-47f4-b8ca-4c6b6dad2973_noid_Red.idat","Illumina Human Methylation 27","IDAT","719556","TCGA-06-0148","TCGA-06-0148-01A","Primary Tumor"
"eb528d59-7ef5-42d3-8912-4cd61c1054f2","01ed2282-a148-47f4-b8ca-4c6b6dad2973.methylation_array.sesame.level3betas.txt","Illumina Human Methylation 27","TXT","746478","TCGA-06-0148","TCGA-06-0148-01A","Primary Tumor"
"a9ea2c73-1953-454c-b74b-fb93ee643222","566fda93-acef-4cb6-b947-09ad51c52ada_noid_Red.idat","Illumina Human Methylation 27","IDAT","719557","TCGA-02-0089","TCGA-02-0089-01A","Primary Tumor"
"eabb01dc-a353-4c23-afd7-5004460b0025","566fda93-acef-4cb6-b947-09ad51c52ada_noid_Grn.idat","Illumina Human Methylation 27","IDAT","719557","TCGA-02-0089","TCGA-02-0089-01A","Primary Tumor"
"13a9695d-8be9-40b6-a273-4ea96a312328","77f40746-d33e-4247-8156-315587169223_noid_Grn.idat","Illumina Human Methylation 27","IDAT","719553","TCGA-16-1047","TCGA-16-1047-01B","Primary Tumor"
"9ed33653-2382-43d8-b3e0-c6dbcb1a21ec","0e0fa48a-4e5d-4cec-96bd-7cea587f7928.methylation_array.sesame.level3betas.txt","Illumina Human Methylation 27","TXT","741302","TCGA-14-1454","TCGA-14-1454-01A","Primary Tumor"
"a7516ebe-8fb8-4c39-aed3-e3bcad509443","0e0fa48a-4e5d-4cec-96bd-7cea587f7928_noid_Red.idat","Illumina Human Methylation 27","IDAT","719554","TCGA-14-1454","TCGA-14-1454-01A","Primary Tumor"
"ee952089-7fbf-4d9d-bc89-428ea81241d8","86026125-3f61-44e5-b38e-24d0128c1873.methylation_array.sesame.level3betas.txt","Illumina Human Methylation 27","TXT","761183","TCGA-02-0021","TCGA-02-0021-01A","Primary Tumor"
"39b2fdfe-6cc7-43e8-ba6b-8f4645ba158b","d1a40d7e-8340-4fa2-9ac5-2556981566ce_noid_Grn.idat","Illumina Human Methylation 27","IDAT","719562","TCGA-02-0107","TCGA-02-0107-01A","Primary Tumor"
"4146b740-03da-4715-8bc1-a186f04c7c4a","d1a40d7e-8340-4fa2-9ac5-2556981566ce_noid_Red.idat","Illumina Human Methylation 27","IDAT","719562","TCGA-02-0107","TCGA-02-0107-01A","Primary Tumor"
"70b6b1b5-9441-4a11-8e67-0474ad6e7761","67b9524e-f78a-4dfd-a749-9d8aa601ac11_noid_Red.idat","Illumina Human Methylation 27","IDAT","719557","TCGA-06-0121","TCGA-06-0121-01A","Primary Tumor"
"9a2ce4ab-647c-4939-8245-a8b0fb7236bb","d740a6eb-46a2-47d1-844a-fc279928ce93_noid_Grn.idat","Illumina Human Methylation 450","IDAT","8091452","TCGA-26-1442","TCGA-26-1442-01A","Primary Tumor"
"40f1c4ae-a617-4ca0-9a52-30102411a955","6b2f244b-9bed-4ce4-a8b6-dfaa429b25b7_noid_Grn.idat","Illumina Human Methylation 450","IDAT","8095260","TCGA-06-6700","TCGA-06-6700-01A","Primary Tumor"
"452dad9c-4862-4646-ad26-1cd42453ac22","43f147e4-d7d0-49bd-b6c7-36c37facbf59_noid_Grn.idat","Illumina Human Methylation 27","IDAT","719556","TCGA-06-0140","TCGA-06-0140-01A","Primary Tumor"
"ca2766ea-0997-427d-a4ab-287945a449f0","6b2f244b-9bed-4ce4-a8b6-dfaa429b25b7_noid_Red.idat","Illumina Human Methylation 450","IDAT","8095260","TCGA-06-6700","TCGA-06-6700-01A","Primary Tumor"
"9bf52a8b-5f2d-425d-9453-c449e26906f7","7237c71d-f7fa-4787-86eb-a27a1228bb5c_noid_Red.idat","Illumina Human Methylation 27","IDAT","719558","TCGA-06-0137","TCGA-06-0137-01A","Primary Tumor"
"b33a95b3-3c0c-453d-93e3-5826c6c8b9d7","a33cbaef-e4d2-4b4d-acf9-f53f4081ba3b.methylation_array.sesame.level3betas.txt","Illumina Human Methylation 27","TXT","759599","TCGA-02-0007","TCGA-02-0007-01A","Primary Tumor"
"168506e4-c9e8-4169-a07a-4f01db6af873","a33cbaef-e4d2-4b4d-acf9-f53f4081ba3b_noid_Grn.idat","Illumina Human Methylation 27","IDAT","719558","TCGA-02-0007","TCGA-02-0007-01A","Primary Tumor"
"10277550-9afe-4760-8313-3c9259f0f246","7237c71d-f7fa-4787-86eb-a27a1228bb5c.methylation_array.sesame.level3betas.txt","Illumina Human Methylation 27","TXT","760096","TCGA-06-0137","TCGA-06-0137-01A","Primary Tumor"
"a46921a6-9a5b-429e-bb06-ae74c17ca7a8","38066883-b8bf-4659-96d0-66b2afe2f94f.methylation_array.sesame.level3betas.txt","Illumina Human Methylation 27","TXT","751966","TCGA-06-0137","TCGA-06-0137-01A","Primary Tumor"
"e68aa709-9a26-46b6-b784-f6e717432693","38066883-b8bf-4659-96d0-66b2afe2f94f_noid_Grn.idat","Illumina Human Methylation 27","IDAT","719559","TCGA-06-0137","TCGA-06-0137-01A","Primary Tumor"
"800cf834-d932-4735-af0c-8536a9924155","d7250ff5-0018-4af3-8920-4059d802c266.methylation_array.sesame.level3betas.txt","Illumina Human Methylation 450","TXT","13195917","TCGA-26-6174","TCGA-26-6174-01A","Primary Tumor"
"c241ac25-65ce-4957-b5a0-b5e2361ca783","ea41bded-1f57-4df9-aa32-955a17d7045a_noid_Red.idat","Illumina Human Methylation 27","IDAT","719560","TCGA-06-0137","TCGA-06-0137-01B","Primary Tumor"
"7ec043ad-533a-4898-aede-266b30be2d56","d7250ff5-0018-4af3-8920-4059d802c266_noid_Grn.idat","Illumina Human Methylation 450","IDAT","8095267","TCGA-26-6174","TCGA-26-6174-01A","Primary Tumor"
"26ca0340-0dcd-44f3-a955-fad5f0b85552","abc32710-b9a6-4651-ab63-5594d7f54702.methylation_array.sesame.level3betas.txt","Illumina Human Methylation 27","TXT","764587","TCGA-32-2616","TCGA-32-2616-01A","Primary Tumor"
"e4258b78-c13e-49f0-a03c-def17767bd87","0ffddf00-17a9-4d06-a57f-f370fcca86c6_noid_Grn.idat","Illumina Human Methylation 450","IDAT","8091452","TCGA-06-1804","TCGA-06-1804-01A","Primary Tumor"
"65b3403c-1a11-4ca3-834f-bbfaf9b707d8","a02738d8-f918-41dc-bc0b-fc44f8c6be69_noid_Grn.idat","Illumina Human Methylation 27","IDAT","719561","TCGA-02-0080","TCGA-02-0080-01A","Primary Tumor"
"b07186fb-002d-4475-96cc-bb7a1fde8ab4","0ffddf00-17a9-4d06-a57f-f370fcca86c6_noid_Red.idat","Illumina Human Methylation 450","IDAT","8091452","TCGA-06-1804","TCGA-06-1804-01A","Primary Tumor"
"82a2c815-0bc9-4af4-8628-84fbc01fcbfb","649bd2a2-928d-4845-a8d2-9ec4a9a7dae5.methylation_array.sesame.level3betas.txt","Illumina Human Methylation 27","TXT","766592","TCGA-16-1060","TCGA-16-1060-01A","Primary Tumor"
"0122c3d9-00c2-4b31-bc2e-ecbf61398d16","b8cc83fb-486d-4356-a183-f3ed5febe774_noid_Red.idat","Illumina Human Methylation 450","IDAT","8095288","TCGA-4W-AA9T","TCGA-4W-AA9T-01A","Primary Tumor"
"45443586-ad63-441b-b69a-19ba394c1635","649bd2a2-928d-4845-a8d2-9ec4a9a7dae5_noid_Red.idat","Illumina Human Methylation 27","IDAT","719552","TCGA-16-1060","TCGA-16-1060-01A","Primary Tumor"
"bc5cf068-78c1-43d3-be78-d645acecb199","a7c8a0c9-eb05-4364-9942-0c5a367c814c_noid_Red.idat","Illumina Human Methylation 27","IDAT","719558","TCGA-02-0116","TCGA-02-0116-01A","Primary Tumor"
"0e4cee23-df01-4310-a6fa-5da6131eda54","111a2acf-c89d-4550-ae35-033e1d6a4a53.methylation_array.sesame.level3betas.txt","Illumina Human Methylation 27","TXT","758419","TCGA-02-0113","TCGA-02-0113-01A","Primary Tumor"
"8a65d5c2-cadd-4af3-8a1d-ceeb9f35b5bd","defddc29-a251-403e-8f28-2ca93dd013aa_noid_Red.idat","Illumina Human Methylation 450","IDAT","8095311","TCGA-RR-A6KA","TCGA-RR-A6KA-01A","Primary Tumor"
"07976756-f7dd-499e-8349-e034f9cab47a","b168a49a-4b88-4bc7-b98e-60561536030f_noid_Grn.idat","Illumina Human Methylation 27","IDAT","719556","TCGA-41-2572","TCGA-41-2572-01A","Primary Tumor"
"bd9731ce-60bd-46bc-9aa7-ac60a606af93","b168a49a-4b88-4bc7-b98e-60561536030f.methylation_array.sesame.level3betas.txt","Illumina Human Methylation 27","TXT","775652","TCGA-41-2572","TCGA-41-2572-01A","Primary Tumor"
"03c00058-5b5f-4ae2-9da9-923143a53492","5531476b-01a6-4b83-9b24-42869f2c09c6_noid_Red.idat","Illumina Human Methylation 450","IDAT","8095320","TCGA-OX-A56R","TCGA-OX-A56R-01A","Primary Tumor"
"34119cb5-8314-4058-b22f-436b808f0ae0","fd10dedc-a5d7-4eb7-8864-c522ce24a058_noid_Grn.idat","Illumina Human Methylation 27","IDAT","719556","TCGA-32-1991","TCGA-32-1991-01A","Primary Tumor"
"7727e15e-9851-4b29-bccc-b76fb31f1bc8","fd10dedc-a5d7-4eb7-8864-c522ce24a058_noid_Red.idat","Illumina Human Methylation 27","IDAT","719556","TCGA-32-1991","TCGA-32-1991-01A","Primary Tumor"
"600b7e5a-75d1-4551-a8f2-6adfde720383","0fa632b8-6652-459e-9c04-e90998332fd9_noid_Grn.idat","Illumina Human Methylation 27","IDAT","719549","TCGA-19-2621","TCGA-19-2621-01B","Primary Tumor"
"b27aa40a-7d2c-473a-9189-3b5235ad4f46","0fa632b8-6652-459e-9c04-e90998332fd9_noid_Red.idat","Illumina Human Methylation 27","IDAT","719549","TCGA-19-2621","TCGA-19-2621-01B","Primary Tumor"
"0ae1a8c6-7d79-4ea4-ac76-39f8dfb1450f","f5a31d67-3f9a-4356-a0db-769714cb8e59_noid_Red.idat","Illumina Human Methylation 27","IDAT","719553","TCGA-14-1034","TCGA-14-1034-01A","Primary Tumor"
"83006085-928a-4063-b4f6-3a9c50a385b8","d4732770-436a-47b2-94f0-f284c724c0aa.methylation_array.sesame.level3betas.txt","Illumina Human Methylation 27","TXT","780452","TCGA-14-1455","TCGA-14-1455-01A","Primary Tumor"
"310a86bd-9bbd-484d-b379-cb4f6806570b","ce1b28e7-5622-4bd9-934e-c9ba9e96766f_noid_Red.idat","Illumina Human Methylation 450","IDAT","8095306","TCGA-06-0221","TCGA-06-0221-01A","Primary Tumor"
"5999d1de-5e89-4b7b-a8a3-96c1d654c33b","ce1b28e7-5622-4bd9-934e-c9ba9e96766f.methylation_array.sesame.level3betas.txt","Illumina Human Methylation 450","TXT","13172628","TCGA-06-0221","TCGA-06-0221-01A","Primary Tumor"
"ffe41800-2d76-4aa5-bb14-85ddb9a65cc7","d29d0636-9c13-4402-be55-a1ef725bcbaf_noid_Red.idat","Illumina Human Methylation 450","IDAT","8095268","TCGA-76-6286","TCGA-76-6286-01A","Primary Tumor"
"9b1f277e-68c4-4fed-a0f7-743dea6351df","d29d0636-9c13-4402-be55-a1ef725bcbaf_noid_Grn.idat","Illumina Human Methylation 450","IDAT","8095268","TCGA-76-6286","TCGA-76-6286-01A","Primary Tumor"
"799a3550-e2df-4b48-8f5c-0ef0ecaad2fa","d29d0636-9c13-4402-be55-a1ef725bcbaf.methylation_array.sesame.level3betas.txt","Illumina Human Methylation 450","TXT","13200009","TCGA-76-6286","TCGA-76-6286-01A","Primary Tumor"
"1fc2bce7-5fea-4a81-b8c7-f8244ee10e29","1c0d93ce-4556-4fec-9dd5-f286f33088f3_noid_Red.idat","Illumina Human Methylation 27","IDAT","719554","TCGA-28-1756","TCGA-28-1756-01C","Primary Tumor"
"5f9b910d-44d8-4d3e-a1ca-83c3ae24c111","1c0d93ce-4556-4fec-9dd5-f286f33088f3_noid_Grn.idat","Illumina Human Methylation 27","IDAT","719554","TCGA-28-1756","TCGA-28-1756-01C","Primary Tumor"
"6b6002ca-74ad-4196-8e81-324e898d7104","795b9f16-3056-4d4c-bcb7-7bb060d48e44_noid_Red.idat","Illumina Human Methylation 27","IDAT","719554","TCGA-15-1446","TCGA-15-1446-01A","Primary Tumor"
"71c79b47-9a17-4bb5-b6e2-e58361940241","f8c84891-9c42-4041-89f1-6f63b6251f2c.methylation_array.sesame.level3betas.txt","Illumina Human Methylation 450","TXT","12875063","TCGA-06-A7TL","TCGA-06-A7TL-01A","Primary Tumor"
"c79a897a-2add-4aac-b56b-0e4d3d4ee984","5cd391f0-ac1f-4d68-a58b-db91f5f4c254_noid_Red.idat","Illumina Human Methylation 27","IDAT","719553","TCGA-14-1459","TCGA-14-1459-01A","Primary Tumor"
"4cb02b93-3f40-4aaf-87df-b4e9fc84aa2c","5cd391f0-ac1f-4d68-a58b-db91f5f4c254.methylation_array.sesame.level3betas.txt","Illumina Human Methylation 27","TXT","723075","TCGA-14-1459","TCGA-14-1459-01A","Primary Tumor"
"06bc0080-213c-44fa-bf56-653560d60296","89e3b7c2-6c19-4c01-b72e-314271fc15c5.methylation_array.sesame.level3betas.txt","Illumina Human Methylation 27","TXT","768217","TCGA-41-2573","TCGA-41-2573-01A","Primary Tumor"
"e4629d23-f734-48ca-848b-b1101c239681","51852e30-c3e8-4168-a069-93914090f44a.methylation_array.sesame.level3betas.txt","Illumina Human Methylation 27","TXT","774137","TCGA-14-1456","TCGA-14-1456-01B","Primary Tumor"
"9c652653-7c70-47d2-bee9-21e2d7979ca0","37ace855-d159-4afd-8ba5-7d336014fe65_noid_Red.idat","Illumina Human Methylation 27","IDAT","719554","TCGA-12-0819","TCGA-12-0819-01A","Primary Tumor"
"0a82a60c-3031-4c5f-867c-0dc0d03cd9da","6c39317f-24a3-4f60-8dcd-0a7b6c4a790b_noid_Red.idat","Illumina Human Methylation 27","IDAT","719549","TCGA-32-2634","TCGA-32-2634-01A","Primary Tumor"
"4d1aa3e6-c7a3-471d-9823-e54716b30e97","f7fac13b-d207-466e-9f35-7e392704b79c_noid_Grn.idat","Illumina Human Methylation 27","IDAT","719557","TCGA-02-0071","TCGA-02-0071-01A","Primary Tumor"
"8fb6ef82-d87d-4b5c-ae3f-0f077997106c","0489f5bb-8b64-483e-8724-e48e5e467445_noid_Red.idat","Illumina Human Methylation 450","IDAT","8095285","TCGA-12-5301","TCGA-12-5301-01A","Primary Tumor"
"e389aa4b-00b1-4fb4-91c5-b29fd88c2f44","0489f5bb-8b64-483e-8724-e48e5e467445_noid_Grn.idat","Illumina Human Methylation 450","IDAT","8095285","TCGA-12-5301","TCGA-12-5301-01A","Primary Tumor"
"d859f175-0543-4c59-ade9-1661b9d2e122","d98602d3-d1bc-420d-b8b0-e3ab2e28011b_noid_Grn.idat","Illumina Human Methylation 27","IDAT","719554","TCGA-12-1600","TCGA-12-1600-01A","Primary Tumor"
"cc345227-ec05-4a5f-a22d-156e51e14a8a","d98602d3-d1bc-420d-b8b0-e3ab2e28011b_noid_Red.idat","Illumina Human Methylation 27","IDAT","719554","TCGA-12-1600","TCGA-12-1600-01A","Primary Tumor"
"28895aa7-804b-4c70-8761-1a720da53dd9","3556c898-e1b0-48f4-b576-cd0cef7b959f.methylation_array.sesame.level3betas.txt","Illumina Human Methylation 450","TXT","13195482","TCGA-06-6701","TCGA-06-6701-01A","Primary Tumor"
"7819efe5-e3ae-4be6-b3b7-775da8d0fde0","3556c898-e1b0-48f4-b576-cd0cef7b959f_noid_Red.idat","Illumina Human Methylation 450","IDAT","8095264","TCGA-06-6701","TCGA-06-6701-01A","Primary Tumor"
"0893e592-6513-4fe8-828a-735f20e68adf","3556c898-e1b0-48f4-b576-cd0cef7b959f_noid_Grn.idat","Illumina Human Methylation 450","IDAT","8095264","TCGA-06-6701","TCGA-06-6701-01A","Primary Tumor"
"b12838df-3f87-44dd-98d9-773bdd349149","17253ca9-9e27-4f27-90c2-00e6a1eb4463_noid_Red.idat","Illumina Human Methylation 27","IDAT","719554","TCGA-06-1802","TCGA-06-1802-01A","Primary Tumor"
"66d51514-0906-48ee-aaad-0938f055987e","6b97a90f-83e3-440d-9c8d-20fe160e362d.methylation_array.sesame.level3betas.txt","Illumina Human Methylation 27","TXT","766054","TCGA-12-3652","TCGA-12-3652-01A","Primary Tumor"
"ad3a81ef-1ff6-4db3-af85-0a080e1578a0","17253ca9-9e27-4f27-90c2-00e6a1eb4463.methylation_array.sesame.level3betas.txt","Illumina Human Methylation 27","TXT","765354","TCGA-06-1802","TCGA-06-1802-01A","Primary Tumor"
"4feee292-aec7-499f-8c54-0523bf77d895","e70453e2-f2cb-421d-be71-b100493af651_noid_Red.idat","Illumina Human Methylation 27","IDAT","719554","TCGA-12-1599","TCGA-12-1599-01A","Primary Tumor"
"606b65a4-b1dc-44f8-9a2e-63a886b022a1","e70453e2-f2cb-421d-be71-b100493af651.methylation_array.sesame.level3betas.txt","Illumina Human Methylation 27","TXT","776715","TCGA-12-1599","TCGA-12-1599-01A","Primary Tumor"
"5ac9c39b-fb2b-499d-8f95-617e029ff2da","e70453e2-f2cb-421d-be71-b100493af651_noid_Grn.idat","Illumina Human Methylation 27","IDAT","719554","TCGA-12-1599","TCGA-12-1599-01A","Primary Tumor"
"7e7dcee5-a122-4dfe-aac4-93da4df0e334","a88f2597-b7d1-4f1c-91a2-9c545c2a2c54.methylation_array.sesame.level3betas.txt","Illumina Human Methylation 27","TXT","777256","TCGA-19-1388","TCGA-19-1388-01A","Primary Tumor"
"85f48022-a91b-4ee3-adec-bb831f14b5c1","a88f2597-b7d1-4f1c-91a2-9c545c2a2c54_noid_Grn.idat","Illumina Human Methylation 27","IDAT","719554","TCGA-19-1388","TCGA-19-1388-01A","Primary Tumor"
"3fb8711a-a3d2-45aa-95fe-347e5d695054","a88f2597-b7d1-4f1c-91a2-9c545c2a2c54_noid_Red.idat","Illumina Human Methylation 27","IDAT","719554","TCGA-19-1388","TCGA-19-1388-01A","Primary Tumor"
"f68c1291-9d3d-4143-96ae-379ff48fd0a7","b098ce34-f770-4325-bfb7-99adb36f4ba7.methylation_array.sesame.level3betas.txt","Illumina Human Methylation 27","TXT","753166","TCGA-26-1438","TCGA-26-1438-01A","Primary Tumor"
"d2cdf8ff-f798-47ff-aa11-a1c828e0979a","b098ce34-f770-4325-bfb7-99adb36f4ba7_noid_Red.idat","Illumina Human Methylation 27","IDAT","719554","TCGA-26-1438","TCGA-26-1438-01A","Primary Tumor"
"acff6f70-a0fe-46ea-b85a-788ce191c37e","b098ce34-f770-4325-bfb7-99adb36f4ba7_noid_Grn.idat","Illumina Human Methylation 27","IDAT","719554","TCGA-26-1438","TCGA-26-1438-01A","Primary Tumor"
"9920d991-9eaa-447c-8a8c-10c8cf1b78b7","d558292f-307d-4273-b506-e7bd103f7390_noid_Grn.idat","Illumina Human Methylation 450","IDAT","8091452","TCGA-19-5954","TCGA-19-5954-01A","Primary Tumor"
"ce18d1ef-19e2-4e4e-a3e2-42c789f13866","d558292f-307d-4273-b506-e7bd103f7390_noid_Red.idat","Illumina Human Methylation 450","IDAT","8091452","TCGA-19-5954","TCGA-19-5954-01A","Primary Tumor"
"23cd6336-781a-41d7-aa71-95cdce38b0b0","81f6713a-b8ad-4391-8935-b9675aa5e944.methylation_array.sesame.level3betas.txt","Illumina Human Methylation 450","TXT","12882726","TCGA-32-1979","TCGA-32-1979-01A","Primary Tumor"
"845ff43b-f86d-4940-9204-053bc3e77f40","750a1b77-31cd-4d4f-b1b7-593e5749428b_noid_Red.idat","Illumina Human Methylation 27","IDAT","719551","TCGA-32-2638","TCGA-32-2638-01A","Primary Tumor"
"d1f81e7a-bdf9-4db8-a52b-82f298000717","750a1b77-31cd-4d4f-b1b7-593e5749428b_noid_Grn.idat","Illumina Human Methylation 27","IDAT","719551","TCGA-32-2638","TCGA-32-2638-01A","Primary Tumor"
"41cedb3d-e7e0-4cd8-8dcf-6b42bb65e1ee","750a1b77-31cd-4d4f-b1b7-593e5749428b.methylation_array.sesame.level3betas.txt","Illumina Human Methylation 27","TXT","763757","TCGA-32-2638","TCGA-32-2638-01A","Primary Tumor"
"93f6284a-fab4-4385-aa77-199d21419ad7","37ace855-d159-4afd-8ba5-7d336014fe65_noid_Grn.idat","Illumina Human Methylation 27","IDAT","719554","TCGA-12-0819","TCGA-12-0819-01A","Primary Tumor"
"a4f5c5df-5e7d-4d05-8091-e62764970753","23f4f644-6996-4841-a510-1e65e4a693b6_noid_Grn.idat","Illumina Human Methylation 27","IDAT","719553","TCGA-06-0881","TCGA-06-0881-01A","Primary Tumor"
"66350759-8db5-424e-ba35-4acb54160961","02fe56ef-25af-48b4-a0de-f511492b63e2_noid_Grn.idat","Illumina Human Methylation 27","IDAT","719554","TCGA-12-1601","TCGA-12-1601-01A","Primary Tumor"
"4c884f44-546c-4cb3-b348-0891a3321c74","c547eec7-18b2-4629-ac89-cc5899f16c28.methylation_array.sesame.level3betas.txt","Illumina Human Methylation 27","TXT","746774","TCGA-02-0099","TCGA-02-0099-01A","Primary Tumor"
"ce8d86bf-773e-49d7-a489-319a14e2af8b","c547eec7-18b2-4629-ac89-cc5899f16c28_noid_Grn.idat","Illumina Human Methylation 27","IDAT","719561","TCGA-02-0099","TCGA-02-0099-01A","Primary Tumor"
"a3280317-1087-4761-9422-1764b190216d","691dbafd-0e3f-4ffc-ac1f-35f4de21270c_noid_Grn.idat","Illumina Human Methylation 27","IDAT","719554","TCGA-02-2470","TCGA-02-2470-01A","Primary Tumor"
"c53d3dc8-9acc-4439-b6b0-2f6bcaaab0e4","d1c61f1b-6aec-43ea-b067-fba636d57bd8.methylation_array.sesame.level3betas.txt","Illumina Human Methylation 27","TXT","749215","TCGA-02-0024","TCGA-02-0024-01B","Primary Tumor"
"c53b9d53-efef-4c80-a992-730a33884f99","6e38dc2d-2ddf-4907-af0c-33b7e4c95b74_noid_Grn.idat","Illumina Human Methylation 27","IDAT","719554","TCGA-28-1745","TCGA-28-1745-01B","Primary Tumor"
"e3d6f5fe-2382-4e77-83a9-9f47481d6fee","d1c61f1b-6aec-43ea-b067-fba636d57bd8_noid_Red.idat","Illumina Human Methylation 27","IDAT","719561","TCGA-02-0024","TCGA-02-0024-01B","Primary Tumor"
"87226c4c-e073-4ca3-bf73-0cba86ddd211","81fb6e8f-6540-47f8-a524-3930f264f86b_noid_Grn.idat","Illumina Human Methylation 27","IDAT","719553","TCGA-19-0962","TCGA-19-0962-01B","Primary Tumor"
"28c596a1-1a3f-4cc3-b591-a5e34ac9afa3","37ab77c2-82ba-4c63-9b4f-daf004141c44_noid_Grn.idat","Illumina Human Methylation 450","IDAT","8095280","TCGA-26-5134","TCGA-26-5134-01A","Primary Tumor"
"da917138-53af-411e-b2ba-704472c715a8","e00c91ed-9d43-4419-9004-6196ca99dd20_noid_Red.idat","Illumina Human Methylation 27","IDAT","719554","TCGA-27-1838","TCGA-27-1838-01A","Primary Tumor"
"157abd83-ee46-4424-8529-f84e6cf99d69","e00c91ed-9d43-4419-9004-6196ca99dd20_noid_Grn.idat","Illumina Human Methylation 27","IDAT","719554","TCGA-27-1838","TCGA-27-1838-01A","Primary Tumor"
"ad3da1cb-8fcd-47ff-aa70-d73c9550fac4","37ab77c2-82ba-4c63-9b4f-daf004141c44_noid_Red.idat","Illumina Human Methylation 450","IDAT","8095280","TCGA-26-5134","TCGA-26-5134-01A","Primary Tumor"
"873a3316-bb0d-4fd0-80c4-301998922a95","e00c91ed-9d43-4419-9004-6196ca99dd20.methylation_array.sesame.level3betas.txt","Illumina Human Methylation 27","TXT","776427","TCGA-27-1838","TCGA-27-1838-01A","Primary Tumor"
"34108917-ea36-475d-a35c-7274da10f3dc","cdabc9eb-c63a-4b49-becf-b786d1082599.methylation_array.sesame.level3betas.txt","Illumina Human Methylation 450","TXT","13166766","TCGA-06-0210","TCGA-06-0210-01A","Primary Tumor"
"8a872ffb-6d60-4fae-a769-a1c2c8cfaa96","6b2f244b-9bed-4ce4-a8b6-dfaa429b25b7.methylation_array.sesame.level3betas.txt","Illumina Human Methylation 450","TXT","13183850","TCGA-06-6700","TCGA-06-6700-01A","Primary Tumor"
"1eff957a-c7c0-4c23-b446-0776cf17cbe5","c3b83a84-1457-4c9b-9e9c-ed984decd58a.methylation_array.sesame.level3betas.txt","Illumina Human Methylation 450","TXT","13064565","TCGA-15-1444","TCGA-15-1444-01A","Primary Tumor"
"f1904adb-4f3e-4436-a293-832a4b041834","7a3f548c-1165-4187-b7a0-d904b871134d.methylation_array.sesame.level3betas.txt","Illumina Human Methylation 450","TXT","13207693","TCGA-26-6173","TCGA-26-6173-01A","Primary Tumor"
"3020a355-6340-4721-9cb2-82690b0915cf","c3b83a84-1457-4c9b-9e9c-ed984decd58a_noid_Grn.idat","Illumina Human Methylation 450","IDAT","8091452","TCGA-15-1444","TCGA-15-1444-01A","Primary Tumor"
"17d6bcab-2d35-4624-8989-173fa9471f42","7237c71d-f7fa-4787-86eb-a27a1228bb5c_noid_Grn.idat","Illumina Human Methylation 27","IDAT","719558","TCGA-06-0137","TCGA-06-0137-01A","Primary Tumor"
"c6952a5c-4746-4fc9-959c-08ace8f642b8","d7250ff5-0018-4af3-8920-4059d802c266_noid_Red.idat","Illumina Human Methylation 450","IDAT","8095267","TCGA-26-6174","TCGA-26-6174-01A","Primary Tumor"
"787e281c-4727-4c8f-aab2-2cc9a1e44224","ea41bded-1f57-4df9-aa32-955a17d7045a_noid_Grn.idat","Illumina Human Methylation 27","IDAT","719560","TCGA-06-0137","TCGA-06-0137-01B","Primary Tumor"
"be1b9aa8-a626-4da1-be41-28518b31ce37","abc32710-b9a6-4651-ab63-5594d7f54702_noid_Red.idat","Illumina Human Methylation 27","IDAT","719549","TCGA-32-2616","TCGA-32-2616-01A","Primary Tumor"
"bbe4f065-1a0a-442f-8ddb-8413e908aee7","49105f7f-49e0-48ac-93d1-c1713ee88d22_noid_Grn.idat","Illumina Human Methylation 27","IDAT","719557","TCGA-06-0137","TCGA-06-0137-01A","Primary Tumor"
"f6b01aa5-d271-4799-9361-4051bd7dcdda","abc32710-b9a6-4651-ab63-5594d7f54702_noid_Grn.idat","Illumina Human Methylation 27","IDAT","719549","TCGA-32-2616","TCGA-32-2616-01A","Primary Tumor"
"c811858e-deba-4d0b-a5aa-2a6212a3e8a3","b8cc83fb-486d-4356-a183-f3ed5febe774.methylation_array.sesame.level3betas.txt","Illumina Human Methylation 450","TXT","12925374","TCGA-4W-AA9T","TCGA-4W-AA9T-01A","Primary Tumor"
"080083e4-0652-40e5-93fa-579ef8d18ac4","649bd2a2-928d-4845-a8d2-9ec4a9a7dae5_noid_Grn.idat","Illumina Human Methylation 27","IDAT","719552","TCGA-16-1060","TCGA-16-1060-01A","Primary Tumor"
"3e11f764-1284-4786-89ee-dbe8aa7e14c1","a7c8a0c9-eb05-4364-9942-0c5a367c814c.methylation_array.sesame.level3betas.txt","Illumina Human Methylation 27","TXT","755131","TCGA-02-0116","TCGA-02-0116-01A","Primary Tumor"
"d8bee901-a924-4cd5-8c5e-d9ef94f8c877","07b63b28-b6fe-41f8-9553-e5c7820805c9_noid_Red.idat","Illumina Human Methylation 27","IDAT","719555","TCGA-32-1978","TCGA-32-1978-01A","Primary Tumor"
"f54caaa4-2d71-413b-a9e5-87ed20560bdf","14536e29-83e9-47f4-844c-8a6bac1f0a23_noid_Grn.idat","Illumina Human Methylation 27","IDAT","719554","TCGA-14-1453","TCGA-14-1453-01A","Primary Tumor"
"6ed3bdd1-1f33-4efd-ae69-4384c631ec7b","a8cbc5af-0efc-4630-af8b-058a2dd9919a.methylation_array.sesame.level3betas.txt","Illumina Human Methylation 27","TXT","763024","TCGA-12-0818","TCGA-12-0818-01A","Primary Tumor"
"7037c89c-76b0-4a89-bfc8-e4238c755591","111a2acf-c89d-4550-ae35-033e1d6a4a53_noid_Red.idat","Illumina Human Methylation 27","IDAT","719556","TCGA-02-0113","TCGA-02-0113-01A","Primary Tumor"
"19e9c6d0-d925-4719-a55d-05dbd05cdb47","d7064e54-bde0-41f7-842b-261c3dddbd87.methylation_array.sesame.level3betas.txt","Illumina Human Methylation 27","TXT","769145","TCGA-02-0043","TCGA-02-0043-01A","Primary Tumor"
"5c441669-fdab-4d57-b0b2-a261f8a7d074","aad4cdb2-c7bf-4d93-935d-6fd5a9566290_noid_Grn.idat","Illumina Human Methylation 27","IDAT","719556","TCGA-27-2519","TCGA-27-2519-01A","Primary Tumor"
"0a4d8e06-94b6-409a-b7b9-af198541f3f7","93f140fb-9698-4a6d-a594-caba9263034b.methylation_array.sesame.level3betas.txt","Illumina Human Methylation 450","TXT","12793372","TCGA-19-A6J5","TCGA-19-A6J5-01A","Primary Tumor"
"03a38fa0-0644-4a0a-9c6a-f62d15f718b3","b168a49a-4b88-4bc7-b98e-60561536030f_noid_Red.idat","Illumina Human Methylation 27","IDAT","719556","TCGA-41-2572","TCGA-41-2572-01A","Primary Tumor"
"cae99127-bb25-46ee-beaa-4121109eba67","defddc29-a251-403e-8f28-2ca93dd013aa.methylation_array.sesame.level3betas.txt","Illumina Human Methylation 450","TXT","12785311","TCGA-RR-A6KA","TCGA-RR-A6KA-01A","Primary Tumor"
"1e846961-7fc1-400b-bc4e-40317a37dbaf","394035d4-ebdc-41c0-8649-4482248d6225.methylation_array.sesame.level3betas.txt","Illumina Human Methylation 27","TXT","767697","TCGA-14-2555","TCGA-14-2555-01B","Primary Tumor"
"c7462b04-95d1-4454-9fb5-d957bee13b28","394035d4-ebdc-41c0-8649-4482248d6225_noid_Red.idat","Illumina Human Methylation 27","IDAT","719552","TCGA-14-2555","TCGA-14-2555-01B","Primary Tumor"
"170ed666-eef2-4d67-bb41-0365441c3560","394035d4-ebdc-41c0-8649-4482248d6225_noid_Grn.idat","Illumina Human Methylation 27","IDAT","719552","TCGA-14-2555","TCGA-14-2555-01B","Primary Tumor"
"9f2a2b75-3011-4145-804a-98c4c05954dc","85c2611e-1d06-4298-81f6-2721d07687b7.methylation_array.sesame.level3betas.txt","Illumina Human Methylation 450","TXT","13179039","TCGA-06-0171","TCGA-06-0171-01A","Primary Tumor"
"774261e1-e457-4b79-a4d2-a895d6d48702","53a8744b-76e8-4dd0-ab63-b43b84b43765_noid_Red.idat","Illumina Human Methylation 27","IDAT","719553","TCGA-16-1062","TCGA-16-1062-01A","Primary Tumor"
"c61f25bc-d4c5-4080-bc76-3696fbd57b66","e0e63fe1-008f-4b4d-a1bd-141ab33d1565_noid_Grn.idat","Illumina Human Methylation 450","IDAT","8095268","TCGA-81-5911","TCGA-81-5911-01A","Primary Tumor"
"1d13369f-1b80-4aec-b134-635110c090ec","e0e63fe1-008f-4b4d-a1bd-141ab33d1565_noid_Red.idat","Illumina Human Methylation 450","IDAT","8095268","TCGA-81-5911","TCGA-81-5911-01A","Primary Tumor"
"47db29d7-434e-41db-b4f0-37598aa53e30","e0e63fe1-008f-4b4d-a1bd-141ab33d1565.methylation_array.sesame.level3betas.txt","Illumina Human Methylation 450","TXT","13211904","TCGA-81-5911","TCGA-81-5911-01A","Primary Tumor"
"8482abce-de3e-46c0-88a7-c9aac2d27431","1c0d93ce-4556-4fec-9dd5-f286f33088f3.methylation_array.sesame.level3betas.txt","Illumina Human Methylation 27","TXT","774029","TCGA-28-1756","TCGA-28-1756-01C","Primary Tumor"
"4036be65-ce66-41ee-a075-3b3d8ea602e8","795b9f16-3056-4d4c-bcb7-7bb060d48e44.methylation_array.sesame.level3betas.txt","Illumina Human Methylation 27","TXT","759759","TCGA-15-1446","TCGA-15-1446-01A","Primary Tumor"
"3af549bc-a628-494a-89f2-021d29d3d36d","795b9f16-3056-4d4c-bcb7-7bb060d48e44_noid_Grn.idat","Illumina Human Methylation 27","IDAT","719554","TCGA-15-1446","TCGA-15-1446-01A","Primary Tumor"
"57a9ba66-3a16-461a-ac96-0fbd8ec401da","f8c84891-9c42-4041-89f1-6f63b6251f2c_noid_Grn.idat","Illumina Human Methylation 450","IDAT","8095288","TCGA-06-A7TL","TCGA-06-A7TL-01A","Primary Tumor"
"7d58a722-14c6-4f45-9e74-738232890d54","1321955d-3385-4a87-8e7d-207465ad136e_noid_Grn.idat","Illumina Human Methylation 450","IDAT","8095266","TCGA-06-6695","TCGA-06-6695-01A","Primary Tumor"
"c64d45e6-77d9-4c04-95f2-d3a0656044dc","0489f5bb-8b64-483e-8724-e48e5e467445.methylation_array.sesame.level3betas.txt","Illumina Human Methylation 450","TXT","13117561","TCGA-12-5301","TCGA-12-5301-01A","Primary Tumor"
"88243931-eaa3-4c9f-b707-225731681577","51852e30-c3e8-4168-a069-93914090f44a_noid_Red.idat","Illumina Human Methylation 27","IDAT","719556","TCGA-14-1456","TCGA-14-1456-01B","Primary Tumor"
"3a5b97d5-03fd-4537-b62d-86fa6f12441d","5cd391f0-ac1f-4d68-a58b-db91f5f4c254_noid_Grn.idat","Illumina Human Methylation 27","IDAT","719553","TCGA-14-1459","TCGA-14-1459-01A","Primary Tumor"
"1a2afd1c-1afe-417f-8e10-636d7f8dd9b7","89e3b7c2-6c19-4c01-b72e-314271fc15c5_noid_Red.idat","Illumina Human Methylation 27","IDAT","719548","TCGA-41-2573","TCGA-41-2573-01A","Primary Tumor"
"557c8ab6-c2a8-45e4-9286-e51ebab470d9","2bdd8e0b-ef48-4680-830a-f58b8491c9d4_noid_Grn.idat","Illumina Human Methylation 27","IDAT","719553","TCGA-14-0786","TCGA-14-0786-01B","Primary Tumor"
"6c9b07a0-d5c4-450d-b1fd-f42cefcf4dc0","2bdd8e0b-ef48-4680-830a-f58b8491c9d4_noid_Red.idat","Illumina Human Methylation 27","IDAT","719553","TCGA-14-0786","TCGA-14-0786-01B","Primary Tumor"
"14b53e40-1eed-48a9-b33e-a1aec07e23c5","d98602d3-d1bc-420d-b8b0-e3ab2e28011b.methylation_array.sesame.level3betas.txt","Illumina Human Methylation 27","TXT","775778","TCGA-12-1600","TCGA-12-1600-01A","Primary Tumor"
"33e25c1c-79a4-4f97-a510-0cf456547ad6","17253ca9-9e27-4f27-90c2-00e6a1eb4463_noid_Grn.idat","Illumina Human Methylation 27","IDAT","719554","TCGA-06-1802","TCGA-06-1802-01A","Primary Tumor"
"464a4d64-a94c-4986-8e6a-063e40df16f9","cc0aa5b5-187d-499c-89bb-3f76c4ad4181_noid_Red.idat","Illumina Human Methylation 450","IDAT","8095295","TCGA-28-5209","TCGA-28-5209-01A","Primary Tumor"
"834c5b52-b2ee-402c-845e-74b9ceb289c8","140d52bb-470d-43ed-a6df-7ed8f6b4dfcd.methylation_array.sesame.level3betas.txt","Illumina Human Methylation 27","TXT","763136","TCGA-19-0963","TCGA-19-0963-01B","Primary Tumor"
"158b5905-3207-4c91-bf76-572823d28ad2","140d52bb-470d-43ed-a6df-7ed8f6b4dfcd_noid_Red.idat","Illumina Human Methylation 27","IDAT","719553","TCGA-19-0963","TCGA-19-0963-01B","Primary Tumor"
"f419e7ae-06d6-47c3-8f31-86560caafda3","cc0aa5b5-187d-499c-89bb-3f76c4ad4181.methylation_array.sesame.level3betas.txt","Illumina Human Methylation 450","TXT","13092989","TCGA-28-5209","TCGA-28-5209-01A","Primary Tumor"
"497d5dc4-515a-4035-98e4-4d79b50e9315","140d52bb-470d-43ed-a6df-7ed8f6b4dfcd_noid_Grn.idat","Illumina Human Methylation 27","IDAT","719553","TCGA-19-0963","TCGA-19-0963-01B","Primary Tumor"
"c7e79563-75eb-4159-a321-b266a965fc4c","d558292f-307d-4273-b506-e7bd103f7390.methylation_array.sesame.level3betas.txt","Illumina Human Methylation 450","TXT","13057004","TCGA-19-5954","TCGA-19-5954-01A","Primary Tumor"
"7a2f266f-beb1-48c7-ac2c-634f4811ef87","81f6713a-b8ad-4391-8935-b9675aa5e944_noid_Red.idat","Illumina Human Methylation 450","IDAT","8091452","TCGA-32-1979","TCGA-32-1979-01A","Primary Tumor"
"916fe9b9-5fb0-41a1-8b60-0061057a460b","37ace855-d159-4afd-8ba5-7d336014fe65.methylation_array.sesame.level3betas.txt","Illumina Human Methylation 27","TXT","761394","TCGA-12-0819","TCGA-12-0819-01A","Primary Tumor"
"ee4fca1b-0e34-4207-95cf-e3d314a93ab4","81f6713a-b8ad-4391-8935-b9675aa5e944_noid_Grn.idat","Illumina Human Methylation 450","IDAT","8091452","TCGA-32-1979","TCGA-32-1979-01A","Primary Tumor"
"d8aca7c4-c8f7-4fd6-9fef-b4121edcef3d","d7b66492-a52a-4a9a-82f6-ae3a32ca03e7_noid_Grn.idat","Illumina Human Methylation 450","IDAT","8095268","TCGA-76-6661","TCGA-76-6661-01B","Primary Tumor"
"d62cd257-ed8c-4d33-8c1e-7f02e9f781e1","d7b66492-a52a-4a9a-82f6-ae3a32ca03e7.methylation_array.sesame.level3betas.txt","Illumina Human Methylation 450","TXT","13202033","TCGA-76-6661","TCGA-76-6661-01B","Primary Tumor"
"cf3f4466-7087-4457-a8bc-75fcded3e31c","d7b66492-a52a-4a9a-82f6-ae3a32ca03e7_noid_Red.idat","Illumina Human Methylation 450","IDAT","8095268","TCGA-76-6661","TCGA-76-6661-01B","Primary Tumor"
"21b36d31-ecdd-4c5a-82d7-2b085cdb5a30","02fe56ef-25af-48b4-a0de-f511492b63e2.methylation_array.sesame.level3betas.txt","Illumina Human Methylation 27","TXT","778166","TCGA-12-1601","TCGA-12-1601-01A","Primary Tumor"
"acd3bce2-b62f-4833-8328-5e710f526d81","02fe56ef-25af-48b4-a0de-f511492b63e2_noid_Red.idat","Illumina Human Methylation 27","IDAT","719554","TCGA-12-1601","TCGA-12-1601-01A","Primary Tumor"
"900ba471-6fd8-4bbb-a955-7d05f562e2b9","23f4f644-6996-4841-a510-1e65e4a693b6.methylation_array.sesame.level3betas.txt","Illumina Human Methylation 27","TXT","770857","TCGA-06-0881","TCGA-06-0881-01A","Primary Tumor"
"fb77c531-d14f-4605-82e6-358fe8910b50","c547eec7-18b2-4629-ac89-cc5899f16c28_noid_Red.idat","Illumina Human Methylation 27","IDAT","719561","TCGA-02-0099","TCGA-02-0099-01A","Primary Tumor"
"6eaac7f2-809d-4c04-ab16-42ffa18ff0fe","23f4f644-6996-4841-a510-1e65e4a693b6_noid_Red.idat","Illumina Human Methylation 27","IDAT","719553","TCGA-06-0881","TCGA-06-0881-01A","Primary Tumor"
"e0d3e2d1-4c4b-47ec-a6f0-c9d6aa69d409","691dbafd-0e3f-4ffc-ac1f-35f4de21270c_noid_Red.idat","Illumina Human Methylation 27","IDAT","719554","TCGA-02-2470","TCGA-02-2470-01A","Primary Tumor"
"04592d63-a6e4-44d5-8145-a97ea1e5c22c","6e38dc2d-2ddf-4907-af0c-33b7e4c95b74_noid_Red.idat","Illumina Human Methylation 27","IDAT","719554","TCGA-28-1745","TCGA-28-1745-01B","Primary Tumor"
"d8565f9a-af68-40f4-89e4-6c212e62a100","6e38dc2d-2ddf-4907-af0c-33b7e4c95b74.methylation_array.sesame.level3betas.txt","Illumina Human Methylation 27","TXT","765652","TCGA-28-1745","TCGA-28-1745-01B","Primary Tumor"
"6ae18999-8120-49e1-8ecf-df42749a9d7a","691dbafd-0e3f-4ffc-ac1f-35f4de21270c.methylation_array.sesame.level3betas.txt","Illumina Human Methylation 27","TXT","777258","TCGA-02-2470","TCGA-02-2470-01A","Primary Tumor"
"13a840bb-6c4d-41de-ad03-51869f437e22","d1c61f1b-6aec-43ea-b067-fba636d57bd8_noid_Grn.idat","Illumina Human Methylation 27","IDAT","719561","TCGA-02-0024","TCGA-02-0024-01B","Primary Tumor"
"ba57a487-1b8d-457b-8dbf-cab0727ecfaf","81fb6e8f-6540-47f8-a524-3930f264f86b_noid_Red.idat","Illumina Human Methylation 27","IDAT","719553","TCGA-19-0962","TCGA-19-0962-01B","Primary Tumor"
"12d8ad5a-bcb6-4285-a849-251151e25be3","81fb6e8f-6540-47f8-a524-3930f264f86b.methylation_array.sesame.level3betas.txt","Illumina Human Methylation 27","TXT","761980","TCGA-19-0962","TCGA-19-0962-01B","Primary Tumor"
"8638e3c1-9b66-422f-9ac9-dca04702b0e4","37ab77c2-82ba-4c63-9b4f-daf004141c44.methylation_array.sesame.level3betas.txt","Illumina Human Methylation 450","TXT","13039371","TCGA-26-5134","TCGA-26-5134-01A","Primary Tumor"
"ce130be4-87e0-4c55-83a4-1f184b76829d","ec0f2a4a-bea2-496b-812f-8f08bb4826db.methylation_array.sesame.level3betas.txt","Illumina Human Methylation 27","TXT","769156","TCGA-06-0882","TCGA-06-0882-01A","Primary Tumor"
"5834c0e2-fc37-4190-b1d3-f4d07d8965a4","cdabc9eb-c63a-4b49-becf-b786d1082599_noid_Red.idat","Illumina Human Methylation 450","IDAT","8095296","TCGA-06-0210","TCGA-06-0210-01A","Primary Tumor"
"47ccd291-0d2a-4d90-80f1-781307aed41f","75aff01c-470a-4ea9-a7dc-271da5009e07.methylation_array.sesame.level3betas.txt","Illumina Human Methylation 450","TXT","13180269","TCGA-74-6584","TCGA-74-6584-01A","Primary Tumor"
"c7e1aa25-486e-482e-b11e-8526706af5f9","75aff01c-470a-4ea9-a7dc-271da5009e07_noid_Red.idat","Illumina Human Methylation 450","IDAT","8095268","TCGA-74-6584","TCGA-74-6584-01A","Primary Tumor"
"f75f36e3-21f0-4b63-a7b5-0357634b6258","75aff01c-470a-4ea9-a7dc-271da5009e07_noid_Grn.idat","Illumina Human Methylation 450","IDAT","8095268","TCGA-74-6584","TCGA-74-6584-01A","Primary Tumor"
"616283e8-8a86-4ea9-8a35-c1806b6b4187","fbc63a44-89c8-411c-87c9-05fd4138647a_noid_Grn.idat","Illumina Human Methylation 27","IDAT","719556","TCGA-32-4213","TCGA-32-4213-01A","Primary Tumor"
"2d8716a6-b1ce-40d6-b4c8-29c385cb47d3","fbc63a44-89c8-411c-87c9-05fd4138647a_noid_Red.idat","Illumina Human Methylation 27","IDAT","719556","TCGA-32-4213","TCGA-32-4213-01A","Primary Tumor"
"61fdc0ee-31d6-4051-bc1c-64feaa2e4042","fbc63a44-89c8-411c-87c9-05fd4138647a.methylation_array.sesame.level3betas.txt","Illumina Human Methylation 27","TXT","774069","TCGA-32-4213","TCGA-32-4213-01A","Primary Tumor"
"6159c95a-b7c0-4996-801c-657686f4165f","d3bb2a96-7e44-4e89-a37b-bbc0b398a7d1_noid_Grn.idat","Illumina Human Methylation 27","IDAT","719553","TCGA-14-0783","TCGA-14-0783-01B","Primary Tumor"
"ab2b91ca-c7c6-4a91-aa75-c0678e5381ed","d3bb2a96-7e44-4e89-a37b-bbc0b398a7d1.methylation_array.sesame.level3betas.txt","Illumina Human Methylation 27","TXT","764387","TCGA-14-0783","TCGA-14-0783-01B","Primary Tumor"
"9a658059-b644-446d-b0ec-aa4be0e61293","d3bb2a96-7e44-4e89-a37b-bbc0b398a7d1_noid_Red.idat","Illumina Human Methylation 27","IDAT","719553","TCGA-14-0783","TCGA-14-0783-01B","Primary Tumor"
"afe12c12-b04d-4564-abba-6546ea602828","4bbf964b-eb5f-4dce-a449-ad1f9367fc14.methylation_array.sesame.level3betas.txt","Illumina Human Methylation 27","TXT","749774","TCGA-02-0074","TCGA-02-0074-01A","Primary Tumor"
"11e2fb66-8eb0-4eca-a708-af1e53bf20e4","4bbf964b-eb5f-4dce-a449-ad1f9367fc14_noid_Red.idat","Illumina Human Methylation 27","IDAT","719558","TCGA-02-0074","TCGA-02-0074-01A","Primary Tumor"
"62e8d43b-26ff-4e67-8e6c-70069291c68b","4bbf964b-eb5f-4dce-a449-ad1f9367fc14_noid_Grn.idat","Illumina Human Methylation 27","IDAT","719558","TCGA-02-0074","TCGA-02-0074-01A","Primary Tumor"
"90ea5c4e-d483-47f9-9ac4-27129bb6340e","d290a8d9-02f8-4d1f-a696-79385c713e8f_noid_Red.idat","Illumina Human Methylation 450","IDAT","8095268","TCGA-74-6581","TCGA-74-6581-01A","Primary Tumor"
"f51e650e-b18d-4525-83c3-d0178a278f54","d290a8d9-02f8-4d1f-a696-79385c713e8f.methylation_array.sesame.level3betas.txt","Illumina Human Methylation 450","TXT","13205838","TCGA-74-6581","TCGA-74-6581-01A","Primary Tumor"
"fee83d57-0660-445d-9195-22d361a76b31","33edb3fc-6573-4e7e-8a7e-277e5a7f58bb_noid_Red.idat","Illumina Human Methylation 450","IDAT","8095279","TCGA-28-5204","TCGA-28-5204-01A","Primary Tumor"
"2a8969d1-7240-4f57-ae4c-755501308d3e","d290a8d9-02f8-4d1f-a696-79385c713e8f_noid_Grn.idat","Illumina Human Methylation 450","IDAT","8095268","TCGA-74-6581","TCGA-74-6581-01A","Primary Tumor"
"8f3d7305-c58b-43b9-8af7-c859af759241","77945aaf-b8b0-4f44-bb84-cdde8fd2ddde_noid_Grn.idat","Illumina Human Methylation 27","IDAT","719554","TCGA-19-1387","TCGA-19-1387-01A","Primary Tumor"
"c9e12f69-e387-43ba-8f01-d9f894afd920","3b13ab45-bb85-4839-aaed-1c29b31d99ff_noid_Red.idat","Illumina Human Methylation 27","IDAT","719548","TCGA-32-2615","TCGA-32-2615-01A","Primary Tumor"
"7e7dc3f3-fb09-4fa2-9df0-8f287968ae72","5e4bbc4d-b404-4a37-abed-ce7e1de13ce7_noid_Grn.idat","Illumina Human Methylation 27","IDAT","719553","TCGA-12-3653","TCGA-12-3653-01A","Primary Tumor"
"83007c9d-79b0-4494-8837-173982c56d25","5e4bbc4d-b404-4a37-abed-ce7e1de13ce7.methylation_array.sesame.level3betas.txt","Illumina Human Methylation 27","TXT","768491","TCGA-12-3653","TCGA-12-3653-01A","Primary Tumor"
"715e1801-5838-4ba3-b1ff-a92fc694f698","cdabc9eb-c63a-4b49-becf-b786d1082599_noid_Grn.idat","Illumina Human Methylation 450","IDAT","8095296","TCGA-06-0210","TCGA-06-0210-01A","Primary Tumor"
"253b2e10-a16a-4a6f-87d2-aacdad2ef723","4f017ae4-6e92-4a72-aaae-052931652e96.methylation_array.sesame.level3betas.txt","Illumina Human Methylation 27","TXT","744450","TCGA-06-0128","TCGA-06-0128-01A","Primary Tumor"
"c78a5cd4-9637-4001-bbca-648f6795ff5c","4f017ae4-6e92-4a72-aaae-052931652e96_noid_Grn.idat","Illumina Human Methylation 27","IDAT","719562","TCGA-06-0128","TCGA-06-0128-01A","Primary Tumor"
"b028831c-f0e1-416e-a547-570c236c2050","4f017ae4-6e92-4a72-aaae-052931652e96_noid_Red.idat","Illumina Human Methylation 27","IDAT","719562","TCGA-06-0128","TCGA-06-0128-01A","Primary Tumor"
"78e11220-26bd-496a-b097-7fb0b7c4a11e","c3d7da8e-f562-4ca5-83fe-41b9afaa8a70_noid_Grn.idat","Illumina Human Methylation 27","IDAT","719562","TCGA-06-0133","TCGA-06-0133-01A","Primary Tumor"
"474f9ab7-02f6-44f5-b692-f29330bec7ba","c3d7da8e-f562-4ca5-83fe-41b9afaa8a70.methylation_array.sesame.level3betas.txt","Illumina Human Methylation 27","TXT","762306","TCGA-06-0133","TCGA-06-0133-01A","Primary Tumor"
"d781e15a-e03c-44d0-b5e7-495611f96fb5","c3d7da8e-f562-4ca5-83fe-41b9afaa8a70_noid_Red.idat","Illumina Human Methylation 27","IDAT","719562","TCGA-06-0133","TCGA-06-0133-01A","Primary Tumor"
"cf679a6f-6b10-47c1-8def-a92c611ebb0f","b53c2c16-6cff-45da-8114-595339220066_noid_Red.idat","Illumina Human Methylation 27","IDAT","719554","TCGA-14-1451","TCGA-14-1451-01A","Primary Tumor"
"43f04300-1208-4a21-9a0a-b058753f675a","b53c2c16-6cff-45da-8114-595339220066.methylation_array.sesame.level3betas.txt","Illumina Human Methylation 27","TXT","723120","TCGA-14-1451","TCGA-14-1451-01A","Primary Tumor"
"a2ab827f-8353-4993-8759-11d14dd7cf13","b53c2c16-6cff-45da-8114-595339220066_noid_Grn.idat","Illumina Human Methylation 27","IDAT","719554","TCGA-14-1451","TCGA-14-1451-01A","Primary Tumor"
"df3408a7-9876-49be-ba2e-b545161bd8ad","38ce0c14-a11c-4635-ae10-036072f41730_noid_Grn.idat","Illumina Human Methylation 27","IDAT","719556","TCGA-06-0124","TCGA-06-0124-01A","Primary Tumor"
"0e58eca9-da13-4ad2-af16-5cf20e4c7fa9","115cd4f0-1d86-437e-9672-a2d8cfa08ae9.methylation_array.sesame.level3betas.txt","Illumina Human Methylation 27","TXT","762206","TCGA-06-0129","TCGA-06-0129-01A","Primary Tumor"
"b9f26aaa-bc5d-41ad-9c59-61728d39ce40","38ce0c14-a11c-4635-ae10-036072f41730.methylation_array.sesame.level3betas.txt","Illumina Human Methylation 27","TXT","764392","TCGA-06-0124","TCGA-06-0124-01A","Primary Tumor"
"19db7af2-ee77-48d9-98ed-ce77a7b9ae61","115cd4f0-1d86-437e-9672-a2d8cfa08ae9_noid_Grn.idat","Illumina Human Methylation 27","IDAT","719555","TCGA-06-0129","TCGA-06-0129-01A","Primary Tumor"
"4305f61c-1c37-4d82-b6e1-f9ecc04e8548","6832e903-5ec7-4180-b8b6-cb38b7bfc3e7.methylation_array.sesame.level3betas.txt","Illumina Human Methylation 27","TXT","776686","TCGA-14-3476","TCGA-14-3476-01B","Primary Tumor"
"8c36191f-7cdc-417c-9f38-bf82e37010e2","115cd4f0-1d86-437e-9672-a2d8cfa08ae9_noid_Red.idat","Illumina Human Methylation 27","IDAT","719555","TCGA-06-0129","TCGA-06-0129-01A","Primary Tumor"
"eb5fc320-33b4-4151-9519-6f97b38076ef","6832e903-5ec7-4180-b8b6-cb38b7bfc3e7_noid_Red.idat","Illumina Human Methylation 27","IDAT","719555","TCGA-14-3476","TCGA-14-3476-01B","Primary Tumor"
"44b520e4-9382-401e-a4b5-f279722e0d15","4ae6600d-1c20-453d-b1da-d9d87d4a788b_noid_Red.idat","Illumina Human Methylation 27","IDAT","719558","TCGA-02-0028","TCGA-02-0028-01A","Primary Tumor"
"50e353b3-5d4e-43e3-b94b-9102af9908be","71c38ad4-1e2e-4ac8-a39c-45e4a19016a2.methylation_array.sesame.level3betas.txt","Illumina Human Methylation 27","TXT","765836","TCGA-16-1045","TCGA-16-1045-01B","Primary Tumor"
"579f93d9-7f5c-46cc-b7a1-32613b08ab6b","03e826d2-b488-466c-9144-55b1e2532ae8_noid_Red.idat","Illumina Human Methylation 27","IDAT","719557","TCGA-06-0145","TCGA-06-0145-01A","Primary Tumor"
"0940bc21-649d-43ed-8aed-0046495d5564","d63995e4-c198-43ec-90aa-13f284328513_noid_Grn.idat","Illumina Human Methylation 27","IDAT","719562","TCGA-06-0145","TCGA-06-0145-01A","Primary Tumor"
"1707c4fb-ad02-43a1-b9fd-956583136383","826cf83d-ac94-41f6-b567-535acab2c438_noid_Grn.idat","Illumina Human Methylation 27","IDAT","719558","TCGA-06-0145","TCGA-06-0145-01A","Primary Tumor"
"804d5a65-c2bd-443b-a480-4cd1c32eda93","d63995e4-c198-43ec-90aa-13f284328513_noid_Red.idat","Illumina Human Methylation 27","IDAT","719562","TCGA-06-0145","TCGA-06-0145-01A","Primary Tumor"
"38f1f932-c8e1-4651-968a-25d55cfaad1c","8e8dc4b7-ce8b-4f7c-999c-e3a64344900f_noid_Grn.idat","Illumina Human Methylation 27","IDAT","719558","TCGA-06-0145","TCGA-06-0145-01A","Primary Tumor"
"76fb70c5-d3a7-4d53-9ca9-e7ac9559c5b6","71c38ad4-1e2e-4ac8-a39c-45e4a19016a2_noid_Grn.idat","Illumina Human Methylation 27","IDAT","719553","TCGA-16-1045","TCGA-16-1045-01B","Primary Tumor"
"44ad3471-0e2e-4baa-a18a-9612938a7f22","a7b078fc-341c-4e9e-ba61-1548bc4337c4_noid_Red.idat","Illumina Human Methylation 27","IDAT","719562","TCGA-06-0145","TCGA-06-0145-01A","Primary Tumor"
"bc4f97a2-9dd3-43a4-a394-f4573baa1c60","826cf83d-ac94-41f6-b567-535acab2c438.methylation_array.sesame.level3betas.txt","Illumina Human Methylation 27","TXT","763485","TCGA-06-0145","TCGA-06-0145-01A","Primary Tumor"
"3e08cf80-fd7f-4968-ad0b-d29dc827d868","b4c86b96-ca2e-4c74-8b4d-4d1c21d636d4.methylation_array.sesame.level3betas.txt","Illumina Human Methylation 27","TXT","752881","TCGA-02-0114","TCGA-02-0114-01A","Primary Tumor"
"21fc671f-5ae7-45e6-b754-bafaf019ab1a","d63995e4-c198-43ec-90aa-13f284328513.methylation_array.sesame.level3betas.txt","Illumina Human Methylation 27","TXT","734915","TCGA-06-0145","TCGA-06-0145-01A","Primary Tumor"
"7ea93fb3-f615-477a-bb7b-e25146d6e061","7a359510-de4a-497d-827b-57809db1631d_noid_Red.idat","Illumina Human Methylation 450","IDAT","8091452","TCGA-06-6391","TCGA-06-6391-01A","Primary Tumor"
"cafb15a8-c4bf-49ef-a13e-a0252c9c0256","4f5fe6e3-4dd5-4a58-88ac-7f46c37c3768_noid_Grn.idat","Illumina Human Methylation 27","IDAT","719558","TCGA-06-0147","TCGA-06-0147-01A","Primary Tumor"
"56666219-5655-4eba-8897-fe10c3cf07cb","4f5fe6e3-4dd5-4a58-88ac-7f46c37c3768.methylation_array.sesame.level3betas.txt","Illumina Human Methylation 27","TXT","756914","TCGA-06-0147","TCGA-06-0147-01A","Primary Tumor"
"20f08902-99ce-4981-a0ad-5c04a9354af7","8fe412c5-fcc5-40ce-9fc8-9fd918ca6736_noid_Red.idat","Illumina Human Methylation 27","IDAT","719558","TCGA-06-0125","TCGA-06-0125-01A","Primary Tumor"
"b238742e-8641-430f-8697-7958915f2524","2a55cc19-3fa9-4483-aab5-38d53ba73649_noid_Grn.idat","Illumina Human Methylation 27","IDAT","719556","TCGA-32-2495","TCGA-32-2495-01A","Primary Tumor"
"dff4f993-8dbd-41a0-bbf2-0ebb82fb7b76","2a55cc19-3fa9-4483-aab5-38d53ba73649.methylation_array.sesame.level3betas.txt","Illumina Human Methylation 27","TXT","774745","TCGA-32-2495","TCGA-32-2495-01A","Primary Tumor"
"3520acd1-f502-4fb4-8cd8-6b1644cc4638","2a55cc19-3fa9-4483-aab5-38d53ba73649_noid_Red.idat","Illumina Human Methylation 27","IDAT","719556","TCGA-32-2495","TCGA-32-2495-01A","Primary Tumor"
"408cb2a0-d4c8-4f22-815c-f3fd9c7553a5","e78565c0-3d3c-4982-9283-7ea032803a67.methylation_array.sesame.level3betas.txt","Illumina Human Methylation 450","TXT","13184849","TCGA-06-0125","TCGA-06-0125-01A","Primary Tumor"
"2c2b941f-301d-4132-88fc-7d0e6bfdf6c1","3f89b03c-484d-46fc-949a-04e9b3c47100.methylation_array.sesame.level3betas.txt","Illumina Human Methylation 450","TXT","13170474","TCGA-06-0211","TCGA-06-0211-01A","Primary Tumor"
"25c868f2-beeb-4af5-8bca-3b0b665e818d","2a6aa5a8-1dc9-47a5-8fe1-394641b97009_noid_Grn.idat","Illumina Human Methylation 27","IDAT","719556","TCGA-32-2498","TCGA-32-2498-01A","Primary Tumor"
"3d4c8e31-2ef6-4a94-9e9a-e432656ff41d","2a6aa5a8-1dc9-47a5-8fe1-394641b97009_noid_Red.idat","Illumina Human Methylation 27","IDAT","719556","TCGA-32-2498","TCGA-32-2498-01A","Primary Tumor"
"d39b53f8-75f0-4da9-8b65-50729f1bebcc","34ec0b97-165a-4ea9-8da0-604106f4ba01_noid_Red.idat","Illumina Human Methylation 27","IDAT","719554","TCGA-15-1449","TCGA-15-1449-01A","Primary Tumor"
"8789bdae-0703-4840-b379-0852f2d97e65","11d062ff-249c-41b8-a2c7-2245091d0442.methylation_array.sesame.level3betas.txt","Illumina Human Methylation 27","TXT","769408","TCGA-02-0058","TCGA-02-0058-01A","Primary Tumor"
"5d4a3062-bbb0-45ac-89be-8d601371b94c","86026125-3f61-44e5-b38e-24d0128c1873_noid_Red.idat","Illumina Human Methylation 27","IDAT","719561","TCGA-02-0021","TCGA-02-0021-01A","Primary Tumor"
"3b097ac9-5386-4f8c-b9a8-a03c3606144b","334b28be-6f05-4e9f-8dd4-903e13beb2fe.methylation_array.sesame.level3betas.txt","Illumina Human Methylation 27","TXT","753222","TCGA-06-0119","TCGA-06-0119-01A","Primary Tumor"
"b13aea55-c5d1-4dab-a678-198848d3cbe6","f45f4fbf-1696-4ecc-a565-4f53b4a2e9a4_noid_Grn.idat","Illumina Human Methylation 27","IDAT","719554","TCGA-28-2512","TCGA-28-2512-01A","Primary Tumor"
"56b3ad34-73a9-4253-940b-1d9a6f77cbf0","f45f4fbf-1696-4ecc-a565-4f53b4a2e9a4.methylation_array.sesame.level3betas.txt","Illumina Human Methylation 27","TXT","778509","TCGA-28-2512","TCGA-28-2512-01A","Primary Tumor"
"4cf72369-0dfa-48ca-ad51-a118075e85c9","f45f4fbf-1696-4ecc-a565-4f53b4a2e9a4_noid_Red.idat","Illumina Human Methylation 27","IDAT","719554","TCGA-28-2512","TCGA-28-2512-01A","Primary Tumor"
"f2976de7-03fb-434d-a0ff-eec55d0b5478","57f1dc7f-d728-4253-8b96-d040dc818a11.methylation_array.sesame.level3betas.txt","Illumina Human Methylation 27","TXT","759329","TCGA-02-0057","TCGA-02-0057-01A","Primary Tumor"
"b6ebffb1-b9dd-4d88-b960-584fa45791d3","732547f9-5e8f-449f-9a35-e4fd355a98b6_noid_Grn.idat","Illumina Human Methylation 27","IDAT","719557","TCGA-02-0083","TCGA-02-0083-01A","Primary Tumor"
"f1a098f9-f9bd-401b-8625-d71e67d85a16","732547f9-5e8f-449f-9a35-e4fd355a98b6.methylation_array.sesame.level3betas.txt","Illumina Human Methylation 27","TXT","753101","TCGA-02-0083","TCGA-02-0083-01A","Primary Tumor"
"66bad830-5e15-40ab-8071-98a66941365a","14b4f26d-5ae2-4f9a-8ca7-bfa30ab3c7d5_noid_Grn.idat","Illumina Human Methylation 27","IDAT","719557","TCGA-06-2557","TCGA-06-2557-01A","Primary Tumor"
"162c30b5-a309-4a0c-a662-632bd237b687","600cca17-2a77-444e-9643-5b11e7150f1c_noid_Red.idat","Illumina Human Methylation 27","IDAT","719549","TCGA-19-2619","TCGA-19-2619-01A","Primary Tumor"
"08fb15d8-671e-4090-b8ce-83fc1624ac7d","600cca17-2a77-444e-9643-5b11e7150f1c.methylation_array.sesame.level3betas.txt","Illumina Human Methylation 27","TXT","766679","TCGA-19-2619","TCGA-19-2619-01A","Primary Tumor"
"b4227aab-f761-4d6c-bba7-89179659453a","515d0c5b-0a33-4c46-a453-6a0d7baafaf3_noid_Grn.idat","Illumina Human Methylation 450","IDAT","8095266","TCGA-19-5953","TCGA-19-5953-01B","Primary Tumor"
"fb1832b3-98a5-4210-a504-22e6cdfa9f9e","515d0c5b-0a33-4c46-a453-6a0d7baafaf3_noid_Red.idat","Illumina Human Methylation 450","IDAT","8095266","TCGA-19-5953","TCGA-19-5953-01B","Primary Tumor"
"39c60cf5-076e-484c-b53a-d538da072df9","8e9811c9-3ae0-4468-bc96-83da17865f23.methylation_array.sesame.level3betas.txt","Illumina Human Methylation 27","TXT","749912","TCGA-02-0001","TCGA-02-0001-01C","Primary Tumor"
"31443326-4f08-4dd3-98ad-a7ba6c8ff5d8","8e9811c9-3ae0-4468-bc96-83da17865f23_noid_Red.idat","Illumina Human Methylation 27","IDAT","719556","TCGA-02-0001","TCGA-02-0001-01C","Primary Tumor"
"733eadd7-d624-40e9-95de-d8712bada9b7","67b9524e-f78a-4dfd-a749-9d8aa601ac11_noid_Grn.idat","Illumina Human Methylation 27","IDAT","719557","TCGA-06-0121","TCGA-06-0121-01A","Primary Tumor"
"65ed557c-76c9-434e-8745-412a76aee939","d740a6eb-46a2-47d1-844a-fc279928ce93.methylation_array.sesame.level3betas.txt","Illumina Human Methylation 450","TXT","13028244","TCGA-26-1442","TCGA-26-1442-01A","Primary Tumor"
"5563b660-a06a-408a-aeb3-c63c78a119a6","0815fe8b-761d-4cc2-bc77-6d0e04b3c744_noid_Red.idat","Illumina Human Methylation 27","IDAT","719556","TCGA-32-4209","TCGA-32-4209-01A","Primary Tumor"
"eb56feb7-c5df-439f-b550-46c90f24d06a","0815fe8b-761d-4cc2-bc77-6d0e04b3c744.methylation_array.sesame.level3betas.txt","Illumina Human Methylation 27","TXT","775401","TCGA-32-4209","TCGA-32-4209-01A","Primary Tumor"
"655a43e0-c3a4-4820-b83a-b6a4df9c197c","0815fe8b-761d-4cc2-bc77-6d0e04b3c744_noid_Grn.idat","Illumina Human Methylation 27","IDAT","719556","TCGA-32-4209","TCGA-32-4209-01A","Primary Tumor"
"7a4628e6-59d7-449b-a76e-131b3b16ba4c","c3b83a84-1457-4c9b-9e9c-ed984decd58a_noid_Red.idat","Illumina Human Methylation 450","IDAT","8091452","TCGA-15-1444","TCGA-15-1444-01A","Primary Tumor"
"3cae69de-a1e3-439b-ae8b-39c676d03d14","7a3f548c-1165-4187-b7a0-d904b871134d_noid_Red.idat","Illumina Human Methylation 450","IDAT","8095260","TCGA-26-6173","TCGA-26-6173-01A","Primary Tumor"
"7cb585a0-090e-4f70-8416-02d589cb2108","7869f02c-5f17-4bca-8862-2f906113a843_noid_Red.idat","Illumina Human Methylation 27","IDAT","719554","TCGA-14-1823","TCGA-14-1823-01A","Primary Tumor"
"256d063d-26a1-45c2-bf3a-27201ca3c36c","21fe12d7-9da4-458c-a348-34f117a9b0d8.methylation_array.sesame.level3betas.txt","Illumina Human Methylation 27","TXT","755255","TCGA-02-0102","TCGA-02-0102-01A","Primary Tumor"
"a1ed5bd8-8ea1-4e90-bfb6-d64beef9d6ef","bf146a6b-f84c-487b-9a01-f42d0f74dc53_noid_Red.idat","Illumina Human Methylation 27","IDAT","719557","TCGA-27-2523","TCGA-27-2523-01A","Primary Tumor"
"e19aeb17-eda6-48f9-abf7-408897bbbe2b","a33cbaef-e4d2-4b4d-acf9-f53f4081ba3b_noid_Red.idat","Illumina Human Methylation 27","IDAT","719558","TCGA-02-0007","TCGA-02-0007-01A","Primary Tumor"
"03f8710b-b28a-4425-980e-834885c940dc","49105f7f-49e0-48ac-93d1-c1713ee88d22.methylation_array.sesame.level3betas.txt","Illumina Human Methylation 27","TXT","763469","TCGA-06-0137","TCGA-06-0137-01A","Primary Tumor"
"4bbb753c-1fc8-40b0-ae19-5a23e8071161","49105f7f-49e0-48ac-93d1-c1713ee88d22_noid_Red.idat","Illumina Human Methylation 27","IDAT","719557","TCGA-06-0137","TCGA-06-0137-01A","Primary Tumor"
"65fa8a66-b0fa-4f59-812b-feaff8e7bc13","b8cc83fb-486d-4356-a183-f3ed5febe774_noid_Grn.idat","Illumina Human Methylation 450","IDAT","8095288","TCGA-4W-AA9T","TCGA-4W-AA9T-01A","Primary Tumor"
"647575ef-d4fb-48b6-bccb-5b0bfbb3e5cd","0ffddf00-17a9-4d06-a57f-f370fcca86c6.methylation_array.sesame.level3betas.txt","Illumina Human Methylation 450","TXT","13008726","TCGA-06-1804","TCGA-06-1804-01A","Primary Tumor"
"038ba11a-a9d2-4690-8ad2-50bd6c51851f","71d265ec-f9e6-455e-a3a6-5b5937b722dd.methylation_array.sesame.level3betas.txt","Illumina Human Methylation 27","TXT","766729","TCGA-19-0960","TCGA-19-0960-01A","Primary Tumor"
"af9b45d5-1ccd-40ad-93f0-f047d2019194","aad4cdb2-c7bf-4d93-935d-6fd5a9566290_noid_Red.idat","Illumina Human Methylation 27","IDAT","719556","TCGA-27-2519","TCGA-27-2519-01A","Primary Tumor"
"04b84298-e9b7-4b68-9e78-861575cfa9c6","6b0ffce2-6c6e-4bc5-bb9c-2f4e4ad9f15c.methylation_array.sesame.level3betas.txt","Illumina Human Methylation 450","TXT","12963079","TCGA-RR-A6KB","TCGA-RR-A6KB-01A","Primary Tumor"
"2de55ab3-852b-41ce-8a58-c9d239035cb4","858e64bc-196d-4575-9fa8-b1a70f0011d4.methylation_array.sesame.level3betas.txt","Illumina Human Methylation 450","TXT","13048488","TCGA-76-4925","TCGA-76-4925-01A","Primary Tumor"
"c0a7dc2c-3a6d-4408-a3c0-cbb2dc871a96","3ee544b8-184d-48f1-982c-592504a19b66_noid_Red.idat","Illumina Human Methylation 27","IDAT","719554","TCGA-28-1747","TCGA-28-1747-01C","Primary Tumor"
"593a9737-ebb5-4b5b-8a19-8f1d10a124b1","3ee544b8-184d-48f1-982c-592504a19b66.methylation_array.sesame.level3betas.txt","Illumina Human Methylation 27","TXT","777823","TCGA-28-1747","TCGA-28-1747-01C","Primary Tumor"
"5ab205c3-3ada-40ea-a4ff-e386a2e6d29b","53a8744b-76e8-4dd0-ab63-b43b84b43765.methylation_array.sesame.level3betas.txt","Illumina Human Methylation 27","TXT","764307","TCGA-16-1062","TCGA-16-1062-01A","Primary Tumor"
"32ff3a56-cded-4db8-a57e-da1593807b01","53a8744b-76e8-4dd0-ab63-b43b84b43765_noid_Grn.idat","Illumina Human Methylation 27","IDAT","719553","TCGA-16-1062","TCGA-16-1062-01A","Primary Tumor"
"0c57a7dd-2e80-4d2e-8929-ac22320a3e26","772ac4af-c38c-4ac4-b4f2-41d3a80c119b_noid_Grn.idat","Illumina Human Methylation 27","IDAT","719553","TCGA-15-1447","TCGA-15-1447-01A","Primary Tumor"
"2a95e527-4356-44f4-91e2-923f6b3ba442","c8dcc9d8-02c2-4274-a0c3-3b69875d51a1.methylation_array.sesame.level3betas.txt","Illumina Human Methylation 27","TXT","762824","TCGA-12-1099","TCGA-12-1099-01A","Primary Tumor"
"bc6e8d12-915e-4a8f-98db-e5fa9f0b5049","c8dcc9d8-02c2-4274-a0c3-3b69875d51a1_noid_Red.idat","Illumina Human Methylation 27","IDAT","719554","TCGA-12-1099","TCGA-12-1099-01A","Primary Tumor"
"0a4d254a-488b-41ce-b6cf-972081512484","51852e30-c3e8-4168-a069-93914090f44a_noid_Grn.idat","Illumina Human Methylation 27","IDAT","719556","TCGA-14-1456","TCGA-14-1456-01B","Primary Tumor"
"61793f0c-b350-4faa-8fc3-ca84ee8d0568","89e3b7c2-6c19-4c01-b72e-314271fc15c5_noid_Grn.idat","Illumina Human Methylation 27","IDAT","719548","TCGA-41-2573","TCGA-41-2573-01A","Primary Tumor"
"13e3a7cf-da73-458b-ba58-d48e2c287f6f","f7fac13b-d207-466e-9f35-7e392704b79c.methylation_array.sesame.level3betas.txt","Illumina Human Methylation 27","TXT","754658","TCGA-02-0071","TCGA-02-0071-01A","Primary Tumor"
"0f5b39ab-665d-48a5-b9ee-a541f00007a6","826cf83d-ac94-41f6-b567-535acab2c438_noid_Red.idat","Illumina Human Methylation 27","IDAT","719558","TCGA-06-0145","TCGA-06-0145-01A","Primary Tumor"
"27c959e2-ce68-4553-b4de-ec25dbde1fbb","f2e2bccd-5646-4174-827f-5be1c4a92232_noid_Red.idat","Illumina Human Methylation 27","IDAT","719557","TCGA-06-0145","TCGA-06-0145-01A","Primary Tumor"
"37b11da7-edbf-4331-8698-99c5dc7ea17a","b4c86b96-ca2e-4c74-8b4d-4d1c21d636d4_noid_Red.idat","Illumina Human Methylation 27","IDAT","719556","TCGA-02-0114","TCGA-02-0114-01A","Primary Tumor"
"19014293-a6a1-416b-81c4-b194b5c3e03d","03e826d2-b488-466c-9144-55b1e2532ae8.methylation_array.sesame.level3betas.txt","Illumina Human Methylation 27","TXT","758621","TCGA-06-0145","TCGA-06-0145-01A","Primary Tumor"
"ce98fed3-7447-4cc4-96dd-dd49e467cf5d","7a359510-de4a-497d-827b-57809db1631d_noid_Grn.idat","Illumina Human Methylation 450","IDAT","8091452","TCGA-06-6391","TCGA-06-6391-01A","Primary Tumor"
"e24c1bf2-b685-4aa5-b89a-5565e87d2e3f","a7b078fc-341c-4e9e-ba61-1548bc4337c4_noid_Grn.idat","Illumina Human Methylation 27","IDAT","719562","TCGA-06-0145","TCGA-06-0145-01A","Primary Tumor"
"ca37c701-ccaf-4b1e-ab73-6f79cd585a50","03e826d2-b488-466c-9144-55b1e2532ae8_noid_Grn.idat","Illumina Human Methylation 27","IDAT","719557","TCGA-06-0145","TCGA-06-0145-01A","Primary Tumor"
"6bdaf2f0-e52f-4d34-a9f9-32602a8a1183","4f5fe6e3-4dd5-4a58-88ac-7f46c37c3768_noid_Red.idat","Illumina Human Methylation 27","IDAT","719558","TCGA-06-0147","TCGA-06-0147-01A","Primary Tumor"
"c619ef57-a6f4-41e2-8aac-266ab21f1cb3","7b8d5379-f180-4566-9085-609a7e392bc9.methylation_array.sesame.level3betas.txt","Illumina Human Methylation 27","TXT","761197","TCGA-06-0130","TCGA-06-0130-01A","Primary Tumor"
"110cccb0-e4a8-4413-a8c0-b7093fa31d81","e78565c0-3d3c-4982-9283-7ea032803a67_noid_Grn.idat","Illumina Human Methylation 450","IDAT","8095311","TCGA-06-0125","TCGA-06-0125-01A","Primary Tumor"
"b595ae75-8bf8-4760-b4a3-a488c62b73ec","8fe412c5-fcc5-40ce-9fc8-9fd918ca6736.methylation_array.sesame.level3betas.txt","Illumina Human Methylation 27","TXT","759289","TCGA-06-0125","TCGA-06-0125-01A","Primary Tumor"
"7b8a7feb-5d5b-4472-8a1b-a3e0edae6007","c9eb1c59-3edc-4e8d-9f5b-8aade094f86c_noid_Red.idat","Illumina Human Methylation 27","IDAT","719556","TCGA-06-0139","TCGA-06-0139-01A","Primary Tumor"
"d9726f53-13f5-4dd3-9020-4b4a3fb3736a","77f40746-d33e-4247-8156-315587169223_noid_Red.idat","Illumina Human Methylation 27","IDAT","719553","TCGA-16-1047","TCGA-16-1047-01B","Primary Tumor"
"8eeffb6e-f980-4976-8bde-6ebb4986fc34","77f40746-d33e-4247-8156-315587169223.methylation_array.sesame.level3betas.txt","Illumina Human Methylation 27","TXT","764287","TCGA-16-1047","TCGA-16-1047-01B","Primary Tumor"
"246d0654-d78d-4f3f-a5a4-5670bd6b09ba","34ec0b97-165a-4ea9-8da0-604106f4ba01_noid_Grn.idat","Illumina Human Methylation 27","IDAT","719554","TCGA-15-1449","TCGA-15-1449-01A","Primary Tumor"
"be68192d-0f16-46cc-a910-a4e811ef21ec","11d062ff-249c-41b8-a2c7-2245091d0442_noid_Grn.idat","Illumina Human Methylation 27","IDAT","719557","TCGA-02-0058","TCGA-02-0058-01A","Primary Tumor"
"3eea148a-c0a7-435c-8e95-4680290d0ef9","11d062ff-249c-41b8-a2c7-2245091d0442_noid_Red.idat","Illumina Human Methylation 27","IDAT","719557","TCGA-02-0058","TCGA-02-0058-01A","Primary Tumor"
"34976185-f143-4eb0-9637-f5581c2ebc25","0e0fa48a-4e5d-4cec-96bd-7cea587f7928_noid_Grn.idat","Illumina Human Methylation 27","IDAT","719554","TCGA-14-1454","TCGA-14-1454-01A","Primary Tumor"
"53fc46bd-28cf-4cd8-a364-450f3dfd442a","86026125-3f61-44e5-b38e-24d0128c1873_noid_Grn.idat","Illumina Human Methylation 27","IDAT","719561","TCGA-02-0021","TCGA-02-0021-01A","Primary Tumor"
"6b368d85-0dee-41af-978b-05ab84d41f0b","334b28be-6f05-4e9f-8dd4-903e13beb2fe_noid_Red.idat","Illumina Human Methylation 27","IDAT","719558","TCGA-06-0119","TCGA-06-0119-01A","Primary Tumor"
"b43aa3e1-fda2-4364-9dc9-8f112ad7bf3d","d1a40d7e-8340-4fa2-9ac5-2556981566ce.methylation_array.sesame.level3betas.txt","Illumina Human Methylation 27","TXT","757631","TCGA-02-0107","TCGA-02-0107-01A","Primary Tumor"
"3f06b8bf-5279-43ab-8fe2-bb0121bc4b29","334b28be-6f05-4e9f-8dd4-903e13beb2fe_noid_Grn.idat","Illumina Human Methylation 27","IDAT","719558","TCGA-06-0119","TCGA-06-0119-01A","Primary Tumor"
"1324faf1-b659-46ac-bff4-70afb95bc3b8","da2eaba7-7467-428d-87df-fd566af50f2b.methylation_array.sesame.level3betas.txt","Illumina Human Methylation 27","TXT","765449","TCGA-02-0010","TCGA-02-0010-01A","Primary Tumor"
"16f3e5cb-7938-4075-a856-6a646c5f7b53","600cca17-2a77-444e-9643-5b11e7150f1c_noid_Grn.idat","Illumina Human Methylation 27","IDAT","719549","TCGA-19-2619","TCGA-19-2619-01A","Primary Tumor"
"47fd780b-9210-452a-bc92-8b5759821c02","14b4f26d-5ae2-4f9a-8ca7-bfa30ab3c7d5.methylation_array.sesame.level3betas.txt","Illumina Human Methylation 27","TXT","775198","TCGA-06-2557","TCGA-06-2557-01A","Primary Tumor"
"0b73b51d-4c16-4933-a659-6125fb24e3ef","53585377-fa01-4a16-b30b-9fbf648d5b8d_noid_Red.idat","Illumina Human Methylation 27","IDAT","719554","TCGA-16-1460","TCGA-16-1460-01A","Primary Tumor"
"7ffa9354-7934-4054-bec3-4cb5bb7333fa","53585377-fa01-4a16-b30b-9fbf648d5b8d.methylation_array.sesame.level3betas.txt","Illumina Human Methylation 27","TXT","767590","TCGA-16-1460","TCGA-16-1460-01A","Primary Tumor"
"12cc7e32-ab20-40bf-bfa0-0d987ce787a5","515d0c5b-0a33-4c46-a453-6a0d7baafaf3.methylation_array.sesame.level3betas.txt","Illumina Human Methylation 450","TXT","13203128","TCGA-19-5953","TCGA-19-5953-01B","Primary Tumor"
"b79122e3-f50f-406f-b64b-090072a91844","53585377-fa01-4a16-b30b-9fbf648d5b8d_noid_Grn.idat","Illumina Human Methylation 27","IDAT","719554","TCGA-16-1460","TCGA-16-1460-01A","Primary Tumor"
"36b49e9e-ab40-4aed-91d4-beb4a9acd7d7","d740a6eb-46a2-47d1-844a-fc279928ce93_noid_Red.idat","Illumina Human Methylation 450","IDAT","8091452","TCGA-26-1442","TCGA-26-1442-01A","Primary Tumor"
"7c8b08ef-1008-4624-bb84-08e6441aa526","43f147e4-d7d0-49bd-b6c7-36c37facbf59_noid_Red.idat","Illumina Human Methylation 27","IDAT","719556","TCGA-06-0140","TCGA-06-0140-01A","Primary Tumor"
"3988d0c4-f048-4511-9b69-65655df8c6ed","43f147e4-d7d0-49bd-b6c7-36c37facbf59.methylation_array.sesame.level3betas.txt","Illumina Human Methylation 27","TXT","747669","TCGA-06-0140","TCGA-06-0140-01A","Primary Tumor"
"a7bd1c63-1394-404b-918e-87fae6db3744","820590e4-b8fd-4296-b03e-bae1a2a81830_noid_Red.idat","Illumina Human Methylation 27","IDAT","719556","TCGA-28-2499","TCGA-28-2499-01A","Primary Tumor"
"671e6b6e-8d71-4195-9021-04bc1a746d39","820590e4-b8fd-4296-b03e-bae1a2a81830.methylation_array.sesame.level3betas.txt","Illumina Human Methylation 27","TXT","775315","TCGA-28-2499","TCGA-28-2499-01A","Primary Tumor"
"6512e7ef-11df-47bd-b1ae-6bed6a7d6939","820590e4-b8fd-4296-b03e-bae1a2a81830_noid_Grn.idat","Illumina Human Methylation 27","IDAT","719556","TCGA-28-2499","TCGA-28-2499-01A","Primary Tumor"
"0c18102e-cb0c-4482-b721-624c785f1ac9","bf146a6b-f84c-487b-9a01-f42d0f74dc53_noid_Grn.idat","Illumina Human Methylation 27","IDAT","719557","TCGA-27-2523","TCGA-27-2523-01A","Primary Tumor"
"b78e1569-191d-4c32-a86e-53a07b66389d","7a3f548c-1165-4187-b7a0-d904b871134d_noid_Grn.idat","Illumina Human Methylation 450","IDAT","8095260","TCGA-26-6173","TCGA-26-6173-01A","Primary Tumor"
"7f52af96-42fb-4182-a839-e6d594bb3d59","bf146a6b-f84c-487b-9a01-f42d0f74dc53.methylation_array.sesame.level3betas.txt","Illumina Human Methylation 27","TXT","775858","TCGA-27-2523","TCGA-27-2523-01A","Primary Tumor"
"0d82bd07-74ca-4e78-8ffb-f0db577c9b09","21fe12d7-9da4-458c-a348-34f117a9b0d8_noid_Red.idat","Illumina Human Methylation 27","IDAT","719562","TCGA-02-0102","TCGA-02-0102-01A","Primary Tumor"
"fa2456df-2a1b-46b9-8b81-45ae7db579ec","21fe12d7-9da4-458c-a348-34f117a9b0d8_noid_Grn.idat","Illumina Human Methylation 27","IDAT","719562","TCGA-02-0102","TCGA-02-0102-01A","Primary Tumor"
"6aa010e8-7282-4afe-ab0a-fe41a19b5fde","7869f02c-5f17-4bca-8862-2f906113a843.methylation_array.sesame.level3betas.txt","Illumina Human Methylation 27","TXT","775741","TCGA-14-1823","TCGA-14-1823-01A","Primary Tumor"
"8b02b5ad-33ec-412f-9809-4c3ab43fd219","7869f02c-5f17-4bca-8862-2f906113a843_noid_Grn.idat","Illumina Human Methylation 27","IDAT","719554","TCGA-14-1823","TCGA-14-1823-01A","Primary Tumor"
"591cd93d-78c5-4b0d-a0e5-dc66f6668cad","8f2b48a8-c4ad-4569-aa73-9911a08a5bd8_noid_Red.idat","Illumina Human Methylation 450","IDAT","8091452","TCGA-19-5947","TCGA-19-5947-01A","Primary Tumor"
"a2c5676b-0591-4bea-9e38-9d034da090c9","8f2b48a8-c4ad-4569-aa73-9911a08a5bd8_noid_Grn.idat","Illumina Human Methylation 450","IDAT","8091452","TCGA-19-5947","TCGA-19-5947-01A","Primary Tumor"
"4bb5b636-a80f-4558-8543-71518c106bd1","0b69999f-da07-474f-9170-dfc71fd1d16b_noid_Red.idat","Illumina Human Methylation 450","IDAT","8095277","TCGA-26-5132","TCGA-26-5132-01A","Primary Tumor"
"1d869f15-5f22-47eb-a122-bdfdff23a7bd","8f2b48a8-c4ad-4569-aa73-9911a08a5bd8.methylation_array.sesame.level3betas.txt","Illumina Human Methylation 450","TXT","13168640","TCGA-19-5947","TCGA-19-5947-01A","Primary Tumor"
"005984f2-6e30-435c-a299-e6b5e5c4680c","0b69999f-da07-474f-9170-dfc71fd1d16b.methylation_array.sesame.level3betas.txt","Illumina Human Methylation 450","TXT","13008417","TCGA-26-5132","TCGA-26-5132-01A","Primary Tumor"
"71a37b9c-1af4-42af-b074-152f29d46a37","0b69999f-da07-474f-9170-dfc71fd1d16b_noid_Grn.idat","Illumina Human Methylation 450","IDAT","8095277","TCGA-26-5132","TCGA-26-5132-01A","Primary Tumor"
"c3c30c4e-c0b4-4bd0-aab7-23f54ea028a8","38066883-b8bf-4659-96d0-66b2afe2f94f_noid_Red.idat","Illumina Human Methylation 27","IDAT","719559","TCGA-06-0137","TCGA-06-0137-01A","Primary Tumor"
"c5d5f671-b1d8-42f8-8a96-389bc8c18379","ea41bded-1f57-4df9-aa32-955a17d7045a.methylation_array.sesame.level3betas.txt","Illumina Human Methylation 27","TXT","755305","TCGA-06-0137","TCGA-06-0137-01B","Primary Tumor"
"e6160cf3-ff7e-497f-9ae1-628279ad6582","a02738d8-f918-41dc-bc0b-fc44f8c6be69.methylation_array.sesame.level3betas.txt","Illumina Human Methylation 27","TXT","762882","TCGA-02-0080","TCGA-02-0080-01A","Primary Tumor"
"fdc2fac8-118f-4e1c-b78b-24ce8a3d116b","a02738d8-f918-41dc-bc0b-fc44f8c6be69_noid_Red.idat","Illumina Human Methylation 27","IDAT","719561","TCGA-02-0080","TCGA-02-0080-01A","Primary Tumor"
"a06cd42d-a5be-4b0b-99ca-179342a3745d","6512ecfb-7762-4deb-bf0a-83f3fb10bdd1_noid_Grn.idat","Illumina Human Methylation 27","IDAT","719561","TCGA-02-0055","TCGA-02-0055-01A","Primary Tumor"
"4322eb77-fe07-4a04-a4f0-a0686c8a76f1","6512ecfb-7762-4deb-bf0a-83f3fb10bdd1.methylation_array.sesame.level3betas.txt","Illumina Human Methylation 27","TXT","765810","TCGA-02-0055","TCGA-02-0055-01A","Primary Tumor"
"2c708923-ab17-4ed8-ac7a-a32faf55ac1f","6512ecfb-7762-4deb-bf0a-83f3fb10bdd1_noid_Red.idat","Illumina Human Methylation 27","IDAT","719561","TCGA-02-0055","TCGA-02-0055-01A","Primary Tumor"
"f3c69293-9469-4f26-9a50-539a36ab9096","71d265ec-f9e6-455e-a3a6-5b5937b722dd_noid_Red.idat","Illumina Human Methylation 27","IDAT","719554","TCGA-19-0960","TCGA-19-0960-01A","Primary Tumor"
"0f92559b-6e6c-4592-a54e-a9c8f17d27d4","07b63b28-b6fe-41f8-9553-e5c7820805c9_noid_Grn.idat","Illumina Human Methylation 27","IDAT","719555","TCGA-32-1978","TCGA-32-1978-01A","Primary Tumor"
"b9243a93-1fac-4e41-8cbd-c8a11c6279f8","14536e29-83e9-47f4-844c-8a6bac1f0a23_noid_Red.idat","Illumina Human Methylation 27","IDAT","719554","TCGA-14-1453","TCGA-14-1453-01A","Primary Tumor"
"8dc564ea-3931-4b45-b9c2-b806277a6920","a7c8a0c9-eb05-4364-9942-0c5a367c814c_noid_Grn.idat","Illumina Human Methylation 27","IDAT","719558","TCGA-02-0116","TCGA-02-0116-01A","Primary Tumor"
"84050773-f230-4635-93d4-82632a2226e5","111a2acf-c89d-4550-ae35-033e1d6a4a53_noid_Grn.idat","Illumina Human Methylation 27","IDAT","719556","TCGA-02-0113","TCGA-02-0113-01A","Primary Tumor"
"06d91457-be19-4240-a864-d7f1496ca254","d7064e54-bde0-41f7-842b-261c3dddbd87_noid_Grn.idat","Illumina Human Methylation 27","IDAT","719559","TCGA-02-0043","TCGA-02-0043-01A","Primary Tumor"
"00a8c0df-c2c2-435c-a5a4-12be65aa10a6","de22380d-96d2-43ea-b75e-5a825b1fe83c_noid_Grn.idat","Illumina Human Methylation 450","IDAT","8095257","TCGA-19-4065","TCGA-19-4065-01A","Primary Tumor"
"2a75fa36-7618-4495-ba40-3aa934937e53","8932f41f-1fe2-46de-a29a-5f2284f2d55c_noid_Red.idat","Illumina Human Methylation 450","IDAT","8095268","TCGA-41-6646","TCGA-41-6646-01A","Primary Tumor"
"10098231-6f3a-4b0d-aa18-8d5168578483","ca84ccf3-7d17-4917-a1e4-7fc7e8bfe046_noid_Grn.idat","Illumina Human Methylation 27","IDAT","719557","TCGA-27-2524","TCGA-27-2524-01A","Primary Tumor"
"523a0edb-ea90-42e6-9313-375d8d075b74","de22380d-96d2-43ea-b75e-5a825b1fe83c_noid_Red.idat","Illumina Human Methylation 450","IDAT","8095257","TCGA-19-4065","TCGA-19-4065-01A","Primary Tumor"
"3633ed41-7a64-47e0-968c-333f12c349da","52f2f043-0506-4153-83e8-8358c48d5930_noid_Red.idat","Illumina Human Methylation 27","IDAT","719555","TCGA-26-1439","TCGA-26-1439-01A","Primary Tumor"
"501c52d0-1bb9-4222-a23e-955a7f1153e4","4930e09e-5349-4289-b0f7-d72684b13c9c_noid_Red.idat","Illumina Human Methylation 450","IDAT","8095242","TCGA-81-5910","TCGA-81-5910-01A","Primary Tumor"
"a7e9f256-5fa8-4ef9-9875-d5e4a2b2446f","e0e9c5a0-1e0e-4b5d-b200-218da49426c4.methylation_array.sesame.level3betas.txt","Illumina Human Methylation 27","TXT","773919","TCGA-28-2509","TCGA-28-2509-01A","Primary Tumor"
"8444d99e-9042-4d27-a253-3cc61b365e89","0e62b49f-0049-4356-bf46-9d803e5a6a02.methylation_array.sesame.level3betas.txt","Illumina Human Methylation 27","TXT","761978","TCGA-12-1088","TCGA-12-1088-01A","Primary Tumor"
"58ca7e85-c14c-4978-8bbd-a6726ab837a8","82c95944-9bb1-45bb-907f-a24158399335.methylation_array.sesame.level3betas.txt","Illumina Human Methylation 450","TXT","13023086","TCGA-26-5133","TCGA-26-5133-01A","Primary Tumor"
"700abfaf-4fcf-4d41-80d8-9841f08523ec","90b52216-b5bc-47bc-8b80-0c4da9c3070b_noid_Red.idat","Illumina Human Methylation 27","IDAT","719556","TCGA-32-2491","TCGA-32-2491-01A","Primary Tumor"
"0129abf4-b400-4f15-8837-ecefbd0dfc1b","74af2be2-3bb8-44d3-8e3a-5fa9c3db5335.methylation_array.sesame.level3betas.txt","Illumina Human Methylation 27","TXT","754765","TCGA-14-1396","TCGA-14-1396-01A","Primary Tumor"
"8d18fcb0-0de6-4867-a9b2-56936c662bcc","90b52216-b5bc-47bc-8b80-0c4da9c3070b.methylation_array.sesame.level3betas.txt","Illumina Human Methylation 27","TXT","770296","TCGA-32-2491","TCGA-32-2491-01A","Primary Tumor"
"10bc3274-1cce-4fea-860c-1b1ea8fa3400","82da608d-2378-4b3b-8db5-8f30bd2eec13.methylation_array.sesame.level3betas.txt","Illumina Human Methylation 27","TXT","774984","TCGA-02-2483","TCGA-02-2483-01A","Primary Tumor"
"2c339f6d-1bc8-435d-b87f-dba15d67ed38","82da608d-2378-4b3b-8db5-8f30bd2eec13_noid_Grn.idat","Illumina Human Methylation 27","IDAT","719556","TCGA-02-2483","TCGA-02-2483-01A","Primary Tumor"
"16fbb735-0d99-4b69-a7dd-b3201526990e","e1e9cb6a-c57d-4f8a-a646-91ba70502003_noid_Red.idat","Illumina Human Methylation 450","IDAT","8091452","TCGA-19-5955","TCGA-19-5955-01A","Primary Tumor"
"9a95301f-2ee0-4e7d-96c9-237713ac8842","6727d130-3a87-4966-b917-aeeb58910bac.methylation_array.sesame.level3betas.txt","Illumina Human Methylation 27","TXT","766872","TCGA-06-1084","TCGA-06-1084-01A","Primary Tumor"
"1e9f8840-99c0-48a9-ba7b-a535bc1f59f6","a22178fe-b344-4630-b0e9-719c8f1fd98b.methylation_array.sesame.level3betas.txt","Illumina Human Methylation 27","TXT","768274","TCGA-12-3644","TCGA-12-3644-01A","Primary Tumor"
"003c2562-3b8b-4674-8253-3ac4717d7f76","acef8290-5597-4620-b337-669082481822.methylation_array.sesame.level3betas.txt","Illumina Human Methylation 27","TXT","777334","TCGA-32-1973","TCGA-32-1973-01A","Primary Tumor"
"9a4974a2-0d2b-418c-8fcd-6a99dd4516bd","acef8290-5597-4620-b337-669082481822_noid_Grn.idat","Illumina Human Methylation 27","IDAT","719555","TCGA-32-1973","TCGA-32-1973-01A","Primary Tumor"
"761896db-a112-4bd2-8585-d619e387e58f","acef8290-5597-4620-b337-669082481822_noid_Red.idat","Illumina Human Methylation 27","IDAT","719555","TCGA-32-1973","TCGA-32-1973-01A","Primary Tumor"
"fac6c0e0-8d51-4e97-a776-a316e2262d9b","a16cfaae-dc96-4898-b9ea-40eff1b37faa_noid_Grn.idat","Illumina Human Methylation 27","IDAT","719554","TCGA-12-1097","TCGA-12-1097-01B","Primary Tumor"
"f213e2cf-385b-4304-9124-0ad24643c440","a16cfaae-dc96-4898-b9ea-40eff1b37faa.methylation_array.sesame.level3betas.txt","Illumina Human Methylation 27","TXT","763297","TCGA-12-1097","TCGA-12-1097-01B","Primary Tumor"
"cceb68e8-8be3-412b-820c-6aa900a4f8b7","91646d54-fef6-445e-983a-9172380f5b85.methylation_array.sesame.level3betas.txt","Illumina Human Methylation 450","TXT","13171915","TCGA-14-1402","TCGA-14-1402-01A","Primary Tumor"
"b9be2c2d-7c9b-46d2-ba2f-fd8b5a9b6d72","91646d54-fef6-445e-983a-9172380f5b85_noid_Grn.idat","Illumina Human Methylation 450","IDAT","8095302","TCGA-14-1402","TCGA-14-1402-01A","Primary Tumor"
"a8e9adcf-6273-4273-af04-243145319423","b23f31a7-0a1b-45f9-97b6-1a81cf991ffe_noid_Red.idat","Illumina Human Methylation 27","IDAT","719554","TCGA-14-1402","TCGA-14-1402-01A","Primary Tumor"
"aaf5d24b-d851-4891-acff-3dc3a2c11836","b23f31a7-0a1b-45f9-97b6-1a81cf991ffe.methylation_array.sesame.level3betas.txt","Illumina Human Methylation 27","TXT","756414","TCGA-14-1402","TCGA-14-1402-01A","Primary Tumor"
"1c2b7eaf-a6a2-4c0d-bfb3-8b6f0d6616ca","fbff6fe0-90d5-49e8-8486-c32903d810d2_noid_Red.idat","Illumina Human Methylation 27","IDAT","719552","TCGA-19-2623","TCGA-19-2623-01A","Primary Tumor"
"3f022123-1008-4b24-863b-99545014802b","fbff6fe0-90d5-49e8-8486-c32903d810d2_noid_Grn.idat","Illumina Human Methylation 27","IDAT","719552","TCGA-19-2623","TCGA-19-2623-01A","Primary Tumor"
"3a9510cc-81cf-4268-93b2-7491ca50ce54","fbff6fe0-90d5-49e8-8486-c32903d810d2.methylation_array.sesame.level3betas.txt","Illumina Human Methylation 27","TXT","761083","TCGA-19-2623","TCGA-19-2623-01A","Primary Tumor"
"ce45d7b2-96cc-4a17-91ec-013b2ca30a4d","6485c6fd-7019-4254-a095-fd21fec98ecb_noid_Red.idat","Illumina Human Methylation 27","IDAT","719553","TCGA-12-0670","TCGA-12-0670-01B","Primary Tumor"
"bc53cf40-6026-4200-9878-6eaf9d835585","88976c0b-39ed-482e-815d-f36b353909e5.methylation_array.sesame.level3betas.txt","Illumina Human Methylation 27","TXT","727589","TCGA-14-1452","TCGA-14-1452-01A","Primary Tumor"
"da56d4e2-290b-499a-9c99-e0ec9f3c9933","88976c0b-39ed-482e-815d-f36b353909e5_noid_Grn.idat","Illumina Human Methylation 27","IDAT","719554","TCGA-14-1452","TCGA-14-1452-01A","Primary Tumor"
"4d8240ec-058c-4114-9374-543136f41f63","7c3722c4-09e6-46f2-99f4-024266ed4844_noid_Grn.idat","Illumina Human Methylation 450","IDAT","8095281","TCGA-76-4929","TCGA-76-4929-01A","Primary Tumor"
"c9fd4808-f320-4341-8b4e-e26c6528b1ed","7c3722c4-09e6-46f2-99f4-024266ed4844.methylation_array.sesame.level3betas.txt","Illumina Human Methylation 450","TXT","12968224","TCGA-76-4929","TCGA-76-4929-01A","Primary Tumor"
"60c48998-0b23-4c99-9874-d23fe9ee7d6b","5695b3bd-7bc1-4b00-a1ff-b5319963ba6c_noid_Grn.idat","Illumina Human Methylation 27","IDAT","719553","TCGA-12-1091","TCGA-12-1091-01A","Primary Tumor"
"4b25bcc8-4317-4623-9146-8acdea0279b6","78fafc18-49e3-4dde-bda2-3eb446eb5685_noid_Red.idat","Illumina Human Methylation 450","IDAT","8095264","TCGA-06-6698","TCGA-06-6698-01A","Primary Tumor"
"836c5386-ae92-4d2d-a23c-c11775ac54e3","5695b3bd-7bc1-4b00-a1ff-b5319963ba6c.methylation_array.sesame.level3betas.txt","Illumina Human Methylation 27","TXT","765393","TCGA-12-1091","TCGA-12-1091-01A","Primary Tumor"
"5338d9c7-752d-4464-a95e-9187b570e547","5695b3bd-7bc1-4b00-a1ff-b5319963ba6c_noid_Red.idat","Illumina Human Methylation 27","IDAT","719553","TCGA-12-1091","TCGA-12-1091-01A","Primary Tumor"
"f2bf7245-9ec7-4e86-b5f5-d86fa4dba14c","0f2c658f-6042-401b-b42e-8f56224bcdf3.methylation_array.sesame.level3betas.txt","Illumina Human Methylation 27","TXT","764483","TCGA-06-0879","TCGA-06-0879-01A","Primary Tumor"
"32e03b77-185f-403e-ac45-cd2803c04275","78fafc18-49e3-4dde-bda2-3eb446eb5685_noid_Grn.idat","Illumina Human Methylation 450","IDAT","8095264","TCGA-06-6698","TCGA-06-6698-01A","Primary Tumor"
"2328e7c8-c9af-4031-a164-0b9e034b2419","78fafc18-49e3-4dde-bda2-3eb446eb5685.methylation_array.sesame.level3betas.txt","Illumina Human Methylation 450","TXT","13207587","TCGA-06-6698","TCGA-06-6698-01A","Primary Tumor"
"09e9b0be-0c37-4091-b29d-8092e370d491","ac812b62-e75b-4d68-8759-84717ec79000_noid_Grn.idat","Illumina Human Methylation 450","IDAT","8095268","TCGA-14-1450","TCGA-14-1450-01B","Primary Tumor"
"72e3e6bd-52cf-4200-aa3f-68a4c6704184","ac812b62-e75b-4d68-8759-84717ec79000.methylation_array.sesame.level3betas.txt","Illumina Human Methylation 450","TXT","13184769","TCGA-14-1450","TCGA-14-1450-01B","Primary Tumor"
"1b3843ab-174c-4090-b067-ee37ecc963e2","0d7e27ed-443f-4803-9349-6acb53ccc344_noid_Red.idat","Illumina Human Methylation 27","IDAT","719555","TCGA-27-1833","TCGA-27-1833-01A","Primary Tumor"
"232fe95d-975f-4de1-9d21-b8806c0b70a1","6c8442da-2a36-4294-8730-0288028fc588_noid_Red.idat","Illumina Human Methylation 27","IDAT","719554","TCGA-27-2528","TCGA-27-2528-01A","Primary Tumor"
"b452feb0-96c6-4fb5-a80a-095024fb4ac9","c6fad5e2-81d0-4396-a942-5588f7836d7e_noid_Grn.idat","Illumina Human Methylation 27","IDAT","719553","TCGA-28-1753","TCGA-28-1753-01A","Primary Tumor"
"1304b89e-4cec-4ff7-b349-baeab821b826","6c8442da-2a36-4294-8730-0288028fc588_noid_Grn.idat","Illumina Human Methylation 27","IDAT","719554","TCGA-27-2528","TCGA-27-2528-01A","Primary Tumor"
"bc169ca2-4701-4b3e-8026-82d2727de258","fb308234-c394-4086-8216-4aa82825ae4c.methylation_array.sesame.level3betas.txt","Illumina Human Methylation 27","TXT","762233","TCGA-19-0955","TCGA-19-0955-01A","Primary Tumor"
"07b7cac7-2e05-4637-9cdc-75819eb8e894","789490ef-a213-4853-84c8-98f59cf0cb94_noid_Red.idat","Illumina Human Methylation 27","IDAT","719553","TCGA-06-0155","TCGA-06-0155-01B","Primary Tumor"
"54a65072-07b6-4501-97a4-de36ce2c9efd","789490ef-a213-4853-84c8-98f59cf0cb94_noid_Grn.idat","Illumina Human Methylation 27","IDAT","719553","TCGA-06-0155","TCGA-06-0155-01B","Primary Tumor"
"7176ba68-7f8d-4d49-917a-111c3466ce99","03cb3c09-96e4-4e0b-a5cf-0b8bd3448c7c_noid_Grn.idat","Illumina Human Methylation 27","IDAT","719554","TCGA-19-1386","TCGA-19-1386-01A","Primary Tumor"
"2b67cf30-002b-4f83-9575-4edc338130ce","03cb3c09-96e4-4e0b-a5cf-0b8bd3448c7c.methylation_array.sesame.level3betas.txt","Illumina Human Methylation 27","TXT","774622","TCGA-19-1386","TCGA-19-1386-01A","Primary Tumor"
"47e01686-0f60-45d2-8310-278045751836","ebe5be32-1178-4191-89e3-28d19652e889_noid_Red.idat","Illumina Human Methylation 450","IDAT","8095288","TCGA-4W-AA9R","TCGA-4W-AA9R-01A","Primary Tumor"
"780ab97f-b939-4f8e-8d89-ed710398d8df","ebe5be32-1178-4191-89e3-28d19652e889_noid_Grn.idat","Illumina Human Methylation 450","IDAT","8095288","TCGA-4W-AA9R","TCGA-4W-AA9R-01A","Primary Tumor"
"340cddd1-a0e4-4f25-9f64-86284b0b1405","d1497e1a-0a36-4944-8ca9-1dfadce29cfe_noid_Grn.idat","Illumina Human Methylation 27","IDAT","719557","TCGA-02-0033","TCGA-02-0033-01A","Primary Tumor"
"90574a35-a036-441a-ac48-f6c114cc56b3","a9c1a124-1cee-4c99-9ba4-bd00310914c1_noid_Grn.idat","Illumina Human Methylation 27","IDAT","719556","TCGA-02-0038","TCGA-02-0038-01A","Primary Tumor"
"37a9daa9-f8df-4480-b40d-45f0bf9f9ab2","815656be-bb86-43ba-afb3-c4c67c831b47.methylation_array.sesame.level3betas.txt","Illumina Human Methylation 27","TXT","766189","TCGA-12-0826","TCGA-12-0826-01A","Primary Tumor"
"5572ddcb-ed71-4d35-9713-85dd423f2f2f","a478f001-3305-4881-acd5-79bcca154082_noid_Grn.idat","Illumina Human Methylation 27","IDAT","719553","TCGA-26-1799","TCGA-26-1799-01A","Primary Tumor"
"042620a6-bdb0-4219-9b84-1f3f3ac4fb1e","a478f001-3305-4881-acd5-79bcca154082.methylation_array.sesame.level3betas.txt","Illumina Human Methylation 27","TXT","769878","TCGA-26-1799","TCGA-26-1799-01A","Primary Tumor"
"343860e4-fa21-4c4a-abec-57592e774941","a478f001-3305-4881-acd5-79bcca154082_noid_Red.idat","Illumina Human Methylation 27","IDAT","719553","TCGA-26-1799","TCGA-26-1799-01A","Primary Tumor"
"6dc0775a-2233-4e71-b48e-95f87319a7bc","96047e3a-6f4b-41e7-a10a-cca831ad298a_noid_Grn.idat","Illumina Human Methylation 27","IDAT","719555","TCGA-28-1750","TCGA-28-1750-01A","Primary Tumor"
"7f57b9af-cb1b-438c-9e99-8ea5437555de","53a71eaa-bd48-46a3-96be-93128a20645d_noid_Grn.idat","Illumina Human Methylation 27","IDAT","719554","TCGA-06-1801","TCGA-06-1801-01A","Primary Tumor"
"7b2f4d6f-cc0a-445d-82c8-dfa366fd2bce","53a71eaa-bd48-46a3-96be-93128a20645d.methylation_array.sesame.level3betas.txt","Illumina Human Methylation 27","TXT","770259","TCGA-06-1801","TCGA-06-1801-01A","Primary Tumor"
"0b308cef-67ec-4178-bd05-bd6285244bad","591ceea0-4053-4683-ac11-ed0d725e1f65_noid_Grn.idat","Illumina Human Methylation 27","IDAT","719556","TCGA-28-1749","TCGA-28-1749-01A","Primary Tumor"
"8f2bfaec-a235-4ddb-8344-37aa21a2920c","53a71eaa-bd48-46a3-96be-93128a20645d_noid_Red.idat","Illumina Human Methylation 27","IDAT","719554","TCGA-06-1801","TCGA-06-1801-01A","Primary Tumor"
"503bcb20-1aa0-47b7-88b7-7dea0c2576b6","591ceea0-4053-4683-ac11-ed0d725e1f65.methylation_array.sesame.level3betas.txt","Illumina Human Methylation 27","TXT","770826","TCGA-28-1749","TCGA-28-1749-01A","Primary Tumor"
"d4c108de-37d4-4ade-9cc7-77f4d17c981e","e68ad148-ce9e-42d9-a094-e1cf9b73ba34_noid_Grn.idat","Illumina Human Methylation 27","IDAT","719557","TCGA-27-1831","TCGA-27-1831-01A","Primary Tumor"
"85ddefb9-6aeb-46c4-929b-00360d837071","e68ad148-ce9e-42d9-a094-e1cf9b73ba34_noid_Red.idat","Illumina Human Methylation 27","IDAT","719557","TCGA-27-1831","TCGA-27-1831-01A","Primary Tumor"
"14fff9d3-1fa2-4811-a985-0f493f89ba9c","fb308234-c394-4086-8216-4aa82825ae4c_noid_Red.idat","Illumina Human Methylation 27","IDAT","719553","TCGA-19-0955","TCGA-19-0955-01A","Primary Tumor"
"3aefcdef-10d9-4819-80af-a070c0009736","b66f7147-0316-4339-b6c5-b6da4f0b6689_noid_Grn.idat","Illumina Human Methylation 27","IDAT","719557","TCGA-06-2563","TCGA-06-2563-01A","Primary Tumor"
"6cf0c0b0-6665-4fac-a99d-636b01a2eecc","27064c2c-9300-4910-8264-49980b5273fb.methylation_array.sesame.level3betas.txt","Illumina Human Methylation 450","TXT","13199095","TCGA-76-6657","TCGA-76-6657-01A","Primary Tumor"
"6a961f74-7a9c-4672-ab5b-9b13e325ed86","d94e747d-d92c-4c14-b4c6-39c918129d3d_noid_Grn.idat","Illumina Human Methylation 450","IDAT","8091452","TCGA-19-5951","TCGA-19-5951-01A","Primary Tumor"
"244e9a93-6f61-49c9-9961-2f321425e58b","2a26fe88-7d2d-406e-b771-041bc179d8d6_noid_Grn.idat","Illumina Human Methylation 450","IDAT","8091452","TCGA-76-6192","TCGA-76-6192-01A","Primary Tumor"
"93927728-9390-43b1-acc2-36a722edd2f2","2a26fe88-7d2d-406e-b771-041bc179d8d6.methylation_array.sesame.level3betas.txt","Illumina Human Methylation 450","TXT","13061436","TCGA-76-6192","TCGA-76-6192-01A","Primary Tumor"
"b29787dc-2c6f-4455-9b4c-ee85b06976ef","ff78d2c4-c3bf-4f40-85d5-e37153176f1f.methylation_array.sesame.level3betas.txt","Illumina Human Methylation 27","TXT","772377","TCGA-06-2569","TCGA-06-2569-01A","Primary Tumor"
"e12df2af-b70d-4e50-b992-eb68b8f7e0fc","d7052115-1c34-48d5-99d3-0aae220c0f70_noid_Red.idat","Illumina Human Methylation 27","IDAT","719554","TCGA-19-1791","TCGA-19-1791-01A","Primary Tumor"
"c877ad7b-cc5a-4845-8ad3-30dff7b60398","62dfb7d8-3d8b-4ab5-ad88-f80f884ac502_noid_Grn.idat","Illumina Human Methylation 27","IDAT","719554","TCGA-28-1752","TCGA-28-1752-01A","Primary Tumor"
"97de777c-a26d-42e2-93d1-d2e241f49d31","6a9582e3-30a7-4444-8782-ec54003abd1a.methylation_array.sesame.level3betas.txt","Illumina Human Methylation 450","TXT","13196857","TCGA-74-6575","TCGA-74-6575-01A","Primary Tumor"
"bb47f189-2bb3-4aed-a89d-b65fd6927bc6","62dfb7d8-3d8b-4ab5-ad88-f80f884ac502_noid_Red.idat","Illumina Human Methylation 27","IDAT","719554","TCGA-28-1752","TCGA-28-1752-01A","Primary Tumor"
"4473510f-fc7c-40b4-a0bb-ddfb9d7eda3f","6a9582e3-30a7-4444-8782-ec54003abd1a_noid_Red.idat","Illumina Human Methylation 450","IDAT","8095268","TCGA-74-6575","TCGA-74-6575-01A","Primary Tumor"
"92bca7ae-25bd-4ae1-85c1-213afffb5bd0","acce9213-4e97-40a8-bc56-9a685bd9d83d_noid_Red.idat","Illumina Human Methylation 27","IDAT","719562","TCGA-02-0034","TCGA-02-0034-01A","Primary Tumor"
"3f22c30b-1719-4cc9-bf21-7fd8cbcfd1bd","acce9213-4e97-40a8-bc56-9a685bd9d83d.methylation_array.sesame.level3betas.txt","Illumina Human Methylation 27","TXT","764273","TCGA-02-0034","TCGA-02-0034-01A","Primary Tumor"
"bc3f539a-1903-4265-ad73-78ff0b0316d4","7dafceee-b9bd-4ca7-8482-14c7250ad45b_noid_Grn.idat","Illumina Human Methylation 27","IDAT","719552","TCGA-19-1392","TCGA-19-1392-01A","Primary Tumor"
"f2772e2f-b24c-4e03-bce5-ad694c13c150","90b5abf9-0f75-4c7d-aca7-9164a1aecb74.methylation_array.sesame.level3betas.txt","Illumina Human Methylation 27","TXT","775631","TCGA-32-1970","TCGA-32-1970-01A","Primary Tumor"
"f8032214-e008-4324-83fd-b21352c9283c","43dacc82-db30-4ebf-8652-9f6ba1e0a70a.methylation_array.sesame.level3betas.txt","Illumina Human Methylation 27","TXT","763148","TCGA-16-1063","TCGA-16-1063-01B","Primary Tumor"
"84e31273-0dc5-4425-b690-6a77cc361720","e5551b90-d783-4604-b4d3-7ba42f9e19ce.methylation_array.sesame.level3betas.txt","Illumina Human Methylation 27","TXT","768393","TCGA-02-0060","TCGA-02-0060-01A","Primary Tumor"
"99c19244-621e-4454-993e-75f9ddce7c15","1fea0b6e-29c2-45e3-934a-0687153dbaa8_noid_Red.idat","Illumina Human Methylation 27","IDAT","719555","TCGA-27-1830","TCGA-27-1830-01A","Primary Tumor"
"d46b4e03-7d43-4164-a513-4c7eed35346b","6b5c3cc5-1f11-444c-8b03-ad15e312fef7.methylation_array.sesame.level3betas.txt","Illumina Human Methylation 450","TXT","13208776","TCGA-76-6280","TCGA-76-6280-01A","Primary Tumor"
"8eb13116-933e-4c5e-bb43-4670820a961b","5e0c5d31-f3d6-4dc2-af42-28a57d19cfb7_noid_Red.idat","Illumina Human Methylation 27","IDAT","719554","TCGA-32-4719","TCGA-32-4719-01A","Primary Tumor"
"3868fd47-62c7-4713-9146-3c7c3523b049","d6d80441-ccf4-4468-9c4c-ac3931023e21_noid_Grn.idat","Illumina Human Methylation 27","IDAT","719556","TCGA-41-3393","TCGA-41-3393-01A","Primary Tumor"
"3ff0e1cf-e5b4-490a-b6dc-ae8183ce4802","d6d80441-ccf4-4468-9c4c-ac3931023e21.methylation_array.sesame.level3betas.txt","Illumina Human Methylation 27","TXT","775136","TCGA-41-3393","TCGA-41-3393-01A","Primary Tumor"
"b9708e4f-86d6-41fb-9dc0-d39d023b983e","6b5c3cc5-1f11-444c-8b03-ad15e312fef7_noid_Grn.idat","Illumina Human Methylation 450","IDAT","8095267","TCGA-76-6280","TCGA-76-6280-01A","Primary Tumor"
"9394818d-a251-4e3d-ad3c-7e87becb4a99","fff4f7a4-d30f-4854-a262-9a1c467c0199_noid_Grn.idat","Illumina Human Methylation 27","IDAT","719553","TCGA-19-0964","TCGA-19-0964-01A","Primary Tumor"
"bf2284ed-6170-4a54-96cc-01ad7165c690","a17c84ce-f10d-445b-8c78-c87bfb072218_noid_Red.idat","Illumina Human Methylation 27","IDAT","719549","TCGA-41-2571","TCGA-41-2571-01A","Primary Tumor"
"479adf4e-a6bc-4870-b618-bd63aacabff9","fff4f7a4-d30f-4854-a262-9a1c467c0199_noid_Red.idat","Illumina Human Methylation 27","IDAT","719553","TCGA-19-0964","TCGA-19-0964-01A","Primary Tumor"
"1bdcc94d-5900-4cdb-abf1-e8fae0e226f8","c42d0753-3bd1-4d44-b3a0-eaba68cae2ea_noid_Red.idat","Illumina Human Methylation 450","IDAT","8095263","TCGA-14-0740","TCGA-14-0740-01B","Primary Tumor"
"8eab321f-c05e-46ff-bd2f-9fab22b64f60","839c6309-c201-4503-a5f9-b470b30f38b3_noid_Grn.idat","Illumina Human Methylation 27","IDAT","719554","TCGA-14-0871","TCGA-14-0871-01A","Primary Tumor"
"3262218e-f825-4241-b2a4-d485c7db1610","59d1b598-2de3-43eb-b763-49ee299b54a5_noid_Red.idat","Illumina Human Methylation 450","IDAT","8095277","TCGA-06-5417","TCGA-06-5417-01A","Primary Tumor"
"1c0a9990-9e92-46cf-8a4c-272f7510528d","59d1b598-2de3-43eb-b763-49ee299b54a5_noid_Grn.idat","Illumina Human Methylation 450","IDAT","8095277","TCGA-06-5417","TCGA-06-5417-01A","Primary Tumor"
"60c059d3-1187-43d6-8cf5-4f073686727c","c42d0753-3bd1-4d44-b3a0-eaba68cae2ea.methylation_array.sesame.level3betas.txt","Illumina Human Methylation 450","TXT","13207887","TCGA-14-0740","TCGA-14-0740-01B","Primary Tumor"
"1717d36d-500b-48b4-9a95-0f6de310c23f","e0839446-38fd-442e-9eae-2a8f14ca55a1_noid_Red.idat","Illumina Human Methylation 450","IDAT","8095291","TCGA-28-5213","TCGA-28-5213-01A","Primary Tumor"
"6547396a-01b9-4911-a632-7755a74df162","e0839446-38fd-442e-9eae-2a8f14ca55a1_noid_Grn.idat","Illumina Human Methylation 450","IDAT","8095291","TCGA-28-5213","TCGA-28-5213-01A","Primary Tumor"
"83ca5e2e-cca9-4089-a68d-2049061dc961","61da217e-f98b-43b2-aa5e-d8329fc5b671.methylation_array.sesame.level3betas.txt","Illumina Human Methylation 450","TXT","12974822","TCGA-76-4931","TCGA-76-4931-01A","Primary Tumor"
"f3f5024a-875e-42d1-8f74-119a9f3e898c","61da217e-f98b-43b2-aa5e-d8329fc5b671_noid_Red.idat","Illumina Human Methylation 450","IDAT","8095293","TCGA-76-4931","TCGA-76-4931-01A","Primary Tumor"
"945ad549-b831-4365-beff-3883d7dbe5cf","e2336b05-ab9d-4328-95ad-6e0714ffde09.methylation_array.sesame.level3betas.txt","Illumina Human Methylation 450","TXT","13190653","TCGA-76-6656","TCGA-76-6656-01A","Primary Tumor"
"4bd92512-3ddb-40a5-ab08-9de111330a0f","e35c26c2-5fd1-4e68-9bb7-d5d586c16c76.methylation_array.sesame.level3betas.txt","Illumina Human Methylation 27","TXT","776570","TCGA-27-1834","TCGA-27-1834-01A","Primary Tumor"
"7d3b682b-6af9-4b6d-89ec-e64f6150da92","fe6901d3-efc3-4cd8-bdc7-8bc6c19236a9.methylation_array.sesame.level3betas.txt","Illumina Human Methylation 27","TXT","760530","TCGA-02-0069","TCGA-02-0069-01A","Primary Tumor"
"6ed7d297-6d30-4037-8da2-856a686894f5","e2336b05-ab9d-4328-95ad-6e0714ffde09_noid_Red.idat","Illumina Human Methylation 450","IDAT","8095266","TCGA-76-6656","TCGA-76-6656-01A","Primary Tumor"
"e4377737-5534-4e22-8845-fdb497ce8867","91f982ce-d8d4-44e1-9f49-8b20852fe5c6_noid_Red.idat","Illumina Human Methylation 450","IDAT","8095277","TCGA-06-5414","TCGA-06-5414-01A","Primary Tumor"
"2ab5b8c8-ca33-4a50-b407-ba54b35122f7","da32f5ad-d46b-487a-87bb-7746cd74f984.methylation_array.sesame.level3betas.txt","Illumina Human Methylation 450","TXT","13184791","TCGA-06-0190","TCGA-06-0190-01A","Primary Tumor"
"a7da8c4e-3f26-4b6f-b2ab-2a1a2bffaff8","d1adf0b9-8c6e-4533-a606-c982e74f0128_noid_Red.idat","Illumina Human Methylation 450","IDAT","8095278","TCGA-4W-AA9S","TCGA-4W-AA9S-01A","Primary Tumor"
"dddca81c-6b2b-4f76-b3bb-32aa4411a365","d1adf0b9-8c6e-4533-a606-c982e74f0128_noid_Grn.idat","Illumina Human Methylation 450","IDAT","8095278","TCGA-4W-AA9S","TCGA-4W-AA9S-01A","Primary Tumor"
"eabdfa9b-bc86-427c-b8b5-fad2b0395247","d1adf0b9-8c6e-4533-a606-c982e74f0128.methylation_array.sesame.level3betas.txt","Illumina Human Methylation 450","TXT","12980434","TCGA-4W-AA9S","TCGA-4W-AA9S-01A","Primary Tumor"
"39665fa9-01f5-4c2a-bebc-2aec8c3cad3e","a7825675-41d9-4ec0-af01-b0d2daff082e_noid_Grn.idat","Illumina Human Methylation 450","IDAT","8095267","TCGA-14-1395","TCGA-14-1395-01B","Primary Tumor"
"59d7137e-c7f3-45db-882b-99953bfeca55","a7825675-41d9-4ec0-af01-b0d2daff082e.methylation_array.sesame.level3betas.txt","Illumina Human Methylation 450","TXT","13213729","TCGA-14-1395","TCGA-14-1395-01B","Primary Tumor"
"63fd1a26-134a-41fb-bc0b-c52d487afd10","2034304b-bc4c-4542-935c-3eb6b0b4fba3_noid_Grn.idat","Illumina Human Methylation 27","IDAT","719557","TCGA-32-1986","TCGA-32-1986-01A","Primary Tumor"
"80ebcc6e-2503-4fe4-8533-8a5ef5c1c519","4aa1983f-b7db-48ec-ac96-42f5fd05b988.methylation_array.sesame.level3betas.txt","Illumina Human Methylation 450","TXT","13193383","TCGA-06-6388","TCGA-06-6388-01A","Primary Tumor"
"c0b12f18-64c0-4891-9770-3e08c1ecadb2","4aa1983f-b7db-48ec-ac96-42f5fd05b988_noid_Grn.idat","Illumina Human Methylation 450","IDAT","8095268","TCGA-06-6388","TCGA-06-6388-01A","Primary Tumor"
"7aa3edd6-cd04-4817-ab7f-ca4457134ddc","6595e567-63c1-4536-a7f3-7d48e8f78e7e_noid_Grn.idat","Illumina Human Methylation 27","IDAT","719554","TCGA-14-0865","TCGA-14-0865-01B","Primary Tumor"
"03238035-da20-4aaf-9d00-5c1dc626e23c","be6ab87d-3de1-4fdd-805d-8731ecbe0d8d_noid_Grn.idat","Illumina Human Methylation 450","IDAT","8091452","TCGA-19-5958","TCGA-19-5958-01A","Primary Tumor"
"820ce062-07ff-4493-9f0d-a7844f60ea60","be6ab87d-3de1-4fdd-805d-8731ecbe0d8d_noid_Red.idat","Illumina Human Methylation 450","IDAT","8091452","TCGA-19-5958","TCGA-19-5958-01A","Primary Tumor"
"a2452684-10e5-4dd8-b3a1-a79e170a026c","97005f8f-967c-4326-aac4-e81844d8c74c.methylation_array.sesame.level3betas.txt","Illumina Human Methylation 450","TXT","12907507","TCGA-06-A5U1","TCGA-06-A5U1-01A","Primary Tumor"
"c8446010-f430-4c88-802f-2fe847f013f9","39c74999-7750-4d1a-9bd6-7637a2692e67.methylation_array.sesame.level3betas.txt","Illumina Human Methylation 450","TXT","12855558","TCGA-06-A6S0","TCGA-06-A6S0-01A","Primary Tumor"
"674be6f7-a519-4c5f-8894-1e9053169169","10126ac2-f47b-4140-85d3-076880cd1b65_noid_Grn.idat","Illumina Human Methylation 27","IDAT","719554","TCGA-14-1795","TCGA-14-1795-01A","Primary Tumor"
"71652927-80fe-441b-8f79-774e0c495dc6","10126ac2-f47b-4140-85d3-076880cd1b65_noid_Red.idat","Illumina Human Methylation 27","IDAT","719554","TCGA-14-1795","TCGA-14-1795-01A","Primary Tumor"
"97fdca46-a88c-4855-95f6-c801872e4552","39c74999-7750-4d1a-9bd6-7637a2692e67_noid_Grn.idat","Illumina Human Methylation 450","IDAT","8095316","TCGA-06-A6S0","TCGA-06-A6S0-01A","Primary Tumor"
"842621e9-3f7e-4bef-93c4-d815b5ef4097","9345fd2a-d838-4206-b9c0-86c0e05f09c5_noid_Red.idat","Illumina Human Methylation 27","IDAT","719554","TCGA-12-1095","TCGA-12-1095-01A","Primary Tumor"
"05d9e81e-f586-4c4d-adea-12ba600d7ed1","d8ef2028-31f8-4653-917c-7f6ed246245f_noid_Grn.idat","Illumina Human Methylation 450","IDAT","8095260","TCGA-06-6694","TCGA-06-6694-01A","Primary Tumor"
"dce7f4d7-d2bd-4247-a67f-3cab977a47a9","d8ef2028-31f8-4653-917c-7f6ed246245f.methylation_array.sesame.level3betas.txt","Illumina Human Methylation 450","TXT","13204616","TCGA-06-6694","TCGA-06-6694-01A","Primary Tumor"
"763adbc8-8ce4-4d63-8168-cd7bd700be4b","9345fd2a-d838-4206-b9c0-86c0e05f09c5.methylation_array.sesame.level3betas.txt","Illumina Human Methylation 27","TXT","758324","TCGA-12-1095","TCGA-12-1095-01A","Primary Tumor"
"b622ab09-5f08-49bf-a2eb-e0bb130a7160","667e90bb-eb62-4ef2-bac1-4aa1fedf501c_noid_Grn.idat","Illumina Human Methylation 27","IDAT","719557","TCGA-06-2564","TCGA-06-2564-01A","Primary Tumor"
"e5b8cb5b-6cdd-43c1-8cd8-67a18bb78dd9","ec39b883-c004-4db1-a08c-17185b518818_noid_Red.idat","Illumina Human Methylation 27","IDAT","719557","TCGA-28-2502","TCGA-28-2502-01B","Primary Tumor"
"376f8f88-cf8c-4375-8b20-4524452efb30","ec39b883-c004-4db1-a08c-17185b518818_noid_Grn.idat","Illumina Human Methylation 27","IDAT","719557","TCGA-28-2502","TCGA-28-2502-01B","Primary Tumor"
"9983328e-6cfc-479e-ba6d-25fd81526acb","9716987a-03f5-44a4-b2f0-7febb63d715a.methylation_array.sesame.level3betas.txt","Illumina Human Methylation 27","TXT","766935","TCGA-16-0861","TCGA-16-0861-01A","Primary Tumor"
"46051e4a-2f93-453e-bd82-e5198de4d778","6aa3b9fc-a0c9-4ad1-93fb-da8505901837.methylation_array.sesame.level3betas.txt","Illumina Human Methylation 450","TXT","13203526","TCGA-76-6662","TCGA-76-6662-01A","Primary Tumor"
"92f903c9-b741-4f3a-b802-5fe6658f55a0","20cf2d85-72c8-458f-95ec-c4084936e849_noid_Red.idat","Illumina Human Methylation 450","IDAT","8095278","TCGA-76-4926","TCGA-76-4926-01B","Primary Tumor"
"73da1cbb-c3e1-46f3-8d39-0f28dad1aad1","e6eff422-b906-48d0-94c6-6b7ddb157f58_noid_Red.idat","Illumina Human Methylation 450","IDAT","8095266","TCGA-76-6663","TCGA-76-6663-01A","Primary Tumor"
"c2112bf9-0fc2-4074-99f3-24cafc8c1521","13e2cd72-c835-4a7c-92a9-9a3744999e60_noid_Grn.idat","Illumina Human Methylation 27","IDAT","719554","TCGA-12-1602","TCGA-12-1602-01A","Primary Tumor"
"28151922-a0fe-4475-a7d2-18419c685b0a","7c6b1c07-7864-4f3b-8ad8-49d9791bdba4.methylation_array.sesame.level3betas.txt","Illumina Human Methylation 27","TXT","764214","TCGA-12-3649","TCGA-12-3649-01A","Primary Tumor"
"1d2f8751-6942-4b44-b8a7-c437765e56ab","3bdbbcc5-2d3a-4290-9825-b8de6976a513.methylation_array.sesame.level3betas.txt","Illumina Human Methylation 27","TXT","752811","TCGA-02-0086","TCGA-02-0086-01A","Primary Tumor"
"edff7170-c35e-40d5-a95e-2c429df0c4f3","13e2cd72-c835-4a7c-92a9-9a3744999e60.methylation_array.sesame.level3betas.txt","Illumina Human Methylation 27","TXT","778385","TCGA-12-1602","TCGA-12-1602-01A","Primary Tumor"
"48eeb66e-759f-4ee5-a876-d25c2ce031be","7c6b1c07-7864-4f3b-8ad8-49d9791bdba4_noid_Grn.idat","Illumina Human Methylation 27","IDAT","719549","TCGA-12-3649","TCGA-12-3649-01A","Primary Tumor"
"21ab513f-3776-4cf1-b405-a985f75fb579","7c6b1c07-7864-4f3b-8ad8-49d9791bdba4_noid_Red.idat","Illumina Human Methylation 27","IDAT","719549","TCGA-12-3649","TCGA-12-3649-01A","Primary Tumor"
"3bf22bf8-9dda-4aae-8636-e967e65b18ea","74a5719a-335c-4ac1-974f-00db57a3f570_noid_Grn.idat","Illumina Human Methylation 27","IDAT","719553","TCGA-12-0829","TCGA-12-0829-01A","Primary Tumor"
"d9d10386-7073-4cc3-a43b-45731ac7f8df","667e90bb-eb62-4ef2-bac1-4aa1fedf501c_noid_Red.idat","Illumina Human Methylation 27","IDAT","719557","TCGA-06-2564","TCGA-06-2564-01A","Primary Tumor"
"7c1c93c3-4aea-4702-9c7a-bd38b25b0439","32b7d520-ec3a-4206-8e58-f2eb43e67490_noid_Grn.idat","Illumina Human Methylation 27","IDAT","719553","TCGA-12-1098","TCGA-12-1098-01C","Primary Tumor"
"0f77a524-0cc8-476d-9029-7aa755b7fbf8","d06bb036-3577-4faa-bc21-664e9e322c6b_noid_Red.idat","Illumina Human Methylation 450","IDAT","8095282","TCGA-76-4927","TCGA-76-4927-01A","Primary Tumor"
"6c393527-7ada-4f19-bca9-471d8543232d","b8535f6c-eaf1-4259-9ab4-83ee93e14236_noid_Red.idat","Illumina Human Methylation 27","IDAT","719550","TCGA-16-0849","TCGA-16-0849-01A","Primary Tumor"
"d1e2779c-84c8-4d95-a820-9a48b0c2d711","172afb98-2b9b-4248-9b74-3fc87a42af22_noid_Red.idat","Illumina Human Methylation 27","IDAT","719553","TCGA-06-1087","TCGA-06-1087-01A","Primary Tumor"
"24596b8e-546d-4d8c-85a4-9993f54aae8b","172afb98-2b9b-4248-9b74-3fc87a42af22_noid_Grn.idat","Illumina Human Methylation 27","IDAT","719553","TCGA-06-1087","TCGA-06-1087-01A","Primary Tumor"
"c5274192-a5e5-41aa-beee-e46bccef08f2","3b40b113-19d9-4c0e-a948-53aedc88beac_noid_Red.idat","Illumina Human Methylation 27","IDAT","719553","TCGA-06-0875","TCGA-06-0875-01A","Primary Tumor"
"81612862-c9e6-4bec-a938-662a4ea96c42","46a5c115-bf2a-471f-b110-d4d431f8ed14_noid_Grn.idat","Illumina Human Methylation 27","IDAT","719551","TCGA-14-0787","TCGA-14-0787-01A","Primary Tumor"
"086629c8-a448-427a-bb0f-821e6bc9108a","023fda04-970d-4324-97bc-117c6b5c591a_noid_Red.idat","Illumina Human Methylation 27","IDAT","719554","TCGA-06-1805","TCGA-06-1805-01A","Primary Tumor"
"274cab92-8054-4504-9fba-a7be63f40f0e","023fda04-970d-4324-97bc-117c6b5c591a.methylation_array.sesame.level3betas.txt","Illumina Human Methylation 27","TXT","768719","TCGA-06-1805","TCGA-06-1805-01A","Primary Tumor"
"efd3ba23-0342-4486-87da-be664a9a14de","46a5c115-bf2a-471f-b110-d4d431f8ed14.methylation_array.sesame.level3betas.txt","Illumina Human Methylation 27","TXT","763534","TCGA-14-0787","TCGA-14-0787-01A","Primary Tumor"
"254cc93a-c045-4c16-b860-e7df916e3387","46a5c115-bf2a-471f-b110-d4d431f8ed14_noid_Red.idat","Illumina Human Methylation 27","IDAT","719551","TCGA-14-0787","TCGA-14-0787-01A","Primary Tumor"
"bbcf55af-91c6-4073-af69-b72c733ed9e6","df7315d6-f9a5-4370-9ae9-f5c35ae14022_noid_Grn.idat","Illumina Human Methylation 450","IDAT","8095298","TCGA-19-0957","TCGA-19-0957-01C","Primary Tumor"
"aabdbc3d-90a5-4387-88a0-ca8a5dee198b","ca84ccf3-7d17-4917-a1e4-7fc7e8bfe046_noid_Red.idat","Illumina Human Methylation 27","IDAT","719557","TCGA-27-2524","TCGA-27-2524-01A","Primary Tumor"
"701ac8c3-18a1-4351-a211-604c7ec23105","8932f41f-1fe2-46de-a29a-5f2284f2d55c_noid_Grn.idat","Illumina Human Methylation 450","IDAT","8095268","TCGA-41-6646","TCGA-41-6646-01A","Primary Tumor"
"4bdc220f-4ce1-4b6b-b91e-03bd13800ca4","152945b1-8069-40a0-89e7-ac880dcf1a8a_noid_Grn.idat","Illumina Human Methylation 27","IDAT","719557","TCGA-27-2527","TCGA-27-2527-01A","Primary Tumor"
"8714eecb-c80b-4077-9ecb-011dd87ff9bf","152945b1-8069-40a0-89e7-ac880dcf1a8a.methylation_array.sesame.level3betas.txt","Illumina Human Methylation 27","TXT","776515","TCGA-27-2527","TCGA-27-2527-01A","Primary Tumor"
"a221c9a0-b7f8-4fa4-8e0c-6e5d342bf885","152945b1-8069-40a0-89e7-ac880dcf1a8a_noid_Red.idat","Illumina Human Methylation 27","IDAT","719557","TCGA-27-2527","TCGA-27-2527-01A","Primary Tumor"
"6ae0e2eb-6deb-4dc6-8e55-9253f3aeca66","de22380d-96d2-43ea-b75e-5a825b1fe83c.methylation_array.sesame.level3betas.txt","Illumina Human Methylation 450","TXT","13202894","TCGA-19-4065","TCGA-19-4065-01A","Primary Tumor"
"964b0cb0-6a99-4cad-84f4-51274afb8268","52f2f043-0506-4153-83e8-8358c48d5930_noid_Grn.idat","Illumina Human Methylation 27","IDAT","719555","TCGA-26-1439","TCGA-26-1439-01A","Primary Tumor"
"0b169e96-3693-48a5-afe7-6ceb8202b9e0","eee1a3b3-af90-4f05-a26d-b8a1bce531f0.methylation_array.sesame.level3betas.txt","Illumina Human Methylation 450","TXT","13111755","TCGA-76-6193","TCGA-76-6193-01A","Primary Tumor"
"fafbb6db-d30a-4173-bbc8-8df2b326c07c","52f2f043-0506-4153-83e8-8358c48d5930.methylation_array.sesame.level3betas.txt","Illumina Human Methylation 27","TXT","755716","TCGA-26-1439","TCGA-26-1439-01A","Primary Tumor"
"c827d3da-e04f-47eb-a9f2-b6aa8d68eeb7","82c95944-9bb1-45bb-907f-a24158399335_noid_Grn.idat","Illumina Human Methylation 450","IDAT","8095301","TCGA-26-5133","TCGA-26-5133-01A","Primary Tumor"
"59b145e1-668d-4b36-be5e-e2884e8ca4ea","0e62b49f-0049-4356-bf46-9d803e5a6a02_noid_Grn.idat","Illumina Human Methylation 27","IDAT","719553","TCGA-12-1088","TCGA-12-1088-01A","Primary Tumor"
"2f703a02-2319-4480-94b6-b72d0dd46887","62cf29a6-a712-4ccd-9d80-ab28a42e4f3e_noid_Red.idat","Illumina Human Methylation 27","IDAT","719554","TCGA-19-1385","TCGA-19-1385-01A","Primary Tumor"
"0ab4b996-ddf3-49f1-afd2-952cde4d51d4","82da608d-2378-4b3b-8db5-8f30bd2eec13_noid_Red.idat","Illumina Human Methylation 27","IDAT","719556","TCGA-02-2483","TCGA-02-2483-01A","Primary Tumor"
"3e3d7f03-f1b9-490c-8e4e-9453083daf7b","2084fd32-9a5b-4e75-8b81-7ff082b7139e.methylation_array.sesame.level3betas.txt","Illumina Human Methylation 27","TXT","772295","TCGA-19-2631","TCGA-19-2631-01A","Primary Tumor"
"5bc01923-7364-4e46-94b4-8de04f9e14e8","2084fd32-9a5b-4e75-8b81-7ff082b7139e_noid_Grn.idat","Illumina Human Methylation 27","IDAT","719556","TCGA-19-2631","TCGA-19-2631-01A","Primary Tumor"
"9dcf0d90-c5da-4897-9567-6e1e746272e2","6727d130-3a87-4966-b917-aeeb58910bac_noid_Red.idat","Illumina Human Methylation 27","IDAT","719552","TCGA-06-1084","TCGA-06-1084-01A","Primary Tumor"
"911c6500-9212-4ee6-ac5f-3ffe8221915d","6727d130-3a87-4966-b917-aeeb58910bac_noid_Grn.idat","Illumina Human Methylation 27","IDAT","719552","TCGA-06-1084","TCGA-06-1084-01A","Primary Tumor"
"de370fb7-7e85-4c7b-a859-06110cf9c1c4","e80013b4-f462-423f-83d4-aae3dd79f806.methylation_array.sesame.level3betas.txt","Illumina Human Methylation 27","TXT","756988","TCGA-12-1096","TCGA-12-1096-01A","Primary Tumor"
"28a73618-f5ee-45f5-b030-5c73c0cf3d9b","e80013b4-f462-423f-83d4-aae3dd79f806_noid_Red.idat","Illumina Human Methylation 27","IDAT","719552","TCGA-12-1096","TCGA-12-1096-01A","Primary Tumor"
"c5a123dc-dcc4-4245-8228-f2999d9fa884","e80013b4-f462-423f-83d4-aae3dd79f806_noid_Grn.idat","Illumina Human Methylation 27","IDAT","719552","TCGA-12-1096","TCGA-12-1096-01A","Primary Tumor"
"a672a8f9-f179-4a43-9c42-b85c1e95d164","bacde718-806a-4ca1-853e-e76b5329d69d.methylation_array.sesame.level3betas.txt","Illumina Human Methylation 27","TXT","762192","TCGA-06-0122","TCGA-06-0122-01A","Primary Tumor"
"56439fe2-159d-4cc9-88f0-8f73899eccb0","86fbdf21-837b-4fcc-9399-8cb8ae00499e.methylation_array.sesame.level3betas.txt","Illumina Human Methylation 450","TXT","13047995","TCGA-19-A6J4","TCGA-19-A6J4-01A","Primary Tumor"
"70e4b57c-1813-4d09-b967-437d04bb5bba","86fbdf21-837b-4fcc-9399-8cb8ae00499e_noid_Red.idat","Illumina Human Methylation 450","IDAT","8095320","TCGA-19-A6J4","TCGA-19-A6J4-01A","Primary Tumor"
"58e8592d-075d-4273-afab-2a4ac0caceb6","43b79b62-e6d4-42cf-b08d-396854278f00_noid_Red.idat","Illumina Human Methylation 27","IDAT","719558","TCGA-02-0075","TCGA-02-0075-01A","Primary Tumor"
"b8007e6d-4514-48dc-9ba4-8a7f99c8b30b","43b79b62-e6d4-42cf-b08d-396854278f00.methylation_array.sesame.level3betas.txt","Illumina Human Methylation 27","TXT","757191","TCGA-02-0075","TCGA-02-0075-01A","Primary Tumor"
"5c3005c1-9e74-4a01-bbfb-4a6ddf414c85","43b79b62-e6d4-42cf-b08d-396854278f00_noid_Grn.idat","Illumina Human Methylation 27","IDAT","719558","TCGA-02-0075","TCGA-02-0075-01A","Primary Tumor"
"992e6de7-2a49-4809-b0dd-51c4309b0c29","2f03645b-26dc-4f3a-a4f2-d716ef3b5e97_noid_Red.idat","Illumina Human Methylation 27","IDAT","719557","TCGA-14-2554","TCGA-14-2554-01A","Primary Tumor"
"bb68854d-4fe6-4580-aaa5-d6e0934022d1","6caf9626-5fd2-4421-bba7-62683ffb0f30_noid_Grn.idat","Illumina Human Methylation 450","IDAT","8095244","TCGA-41-5651","TCGA-41-5651-01A","Primary Tumor"
"7f0736b7-0208-4e46-8a5b-c19631d6ea84","2f03645b-26dc-4f3a-a4f2-d716ef3b5e97_noid_Grn.idat","Illumina Human Methylation 27","IDAT","719557","TCGA-14-2554","TCGA-14-2554-01A","Primary Tumor"
"42dbb205-94ae-4854-bd9c-b17757a52304","1600711d-e218-45e0-8229-723c48103d43.methylation_array.sesame.level3betas.txt","Illumina Human Methylation 27","TXT","771412","TCGA-06-1800","TCGA-06-1800-01A","Primary Tumor"
"2a58be4d-665f-4e54-b1cf-17589302ff0f","6caf9626-5fd2-4421-bba7-62683ffb0f30.methylation_array.sesame.level3betas.txt","Illumina Human Methylation 450","TXT","13097408","TCGA-41-5651","TCGA-41-5651-01A","Primary Tumor"
"f363a31f-4a99-405c-bf6e-8608c02a14b5","293acc99-d23a-4b70-980d-27d4f7dcfdf4_noid_Grn.idat","Illumina Human Methylation 450","IDAT","8095293","TCGA-28-5216","TCGA-28-5216-01A","Primary Tumor"
"d4325980-4ca6-4a64-951e-8a1ea74846f7","2a610e1a-cd58-4612-9e6f-b8da2cef921f.methylation_array.sesame.level3betas.txt","Illumina Human Methylation 450","TXT","13204774","TCGA-06-6697","TCGA-06-6697-01A","Primary Tumor"
"eb050e8e-da7e-443a-87bc-7a84ec793a2f","293acc99-d23a-4b70-980d-27d4f7dcfdf4_noid_Red.idat","Illumina Human Methylation 450","IDAT","8095293","TCGA-28-5216","TCGA-28-5216-01A","Primary Tumor"
"762cd664-60e0-4a38-9df7-9b6973dc38a2","2a610e1a-cd58-4612-9e6f-b8da2cef921f_noid_Red.idat","Illumina Human Methylation 450","IDAT","8095267","TCGA-06-6697","TCGA-06-6697-01A","Primary Tumor"
"0b3c47c0-5cfa-455c-bf0a-821be0188bd7","739934e1-6e74-4813-8d78-c1b78127ac5c.methylation_array.sesame.level3betas.txt","Illumina Human Methylation 27","TXT","776602","TCGA-06-2570","TCGA-06-2570-01A","Primary Tumor"
"643063c5-b224-4dc8-8f0e-7e3e9213454a","739934e1-6e74-4813-8d78-c1b78127ac5c_noid_Grn.idat","Illumina Human Methylation 27","IDAT","719554","TCGA-06-2570","TCGA-06-2570-01A","Primary Tumor"
"765fa0ed-4d0e-48d9-a8cb-2081caf1e559","f9f6c95c-0397-40d0-9275-311d44aaf325_noid_Red.idat","Illumina Human Methylation 27","IDAT","719554","TCGA-14-0866","TCGA-14-0866-01B","Primary Tumor"
"a7b5a214-6f96-495d-a642-7fe52341af80","6f1db8b9-e299-48a1-b1b9-001b8d4fe12d_noid_Grn.idat","Illumina Human Methylation 27","IDAT","719554","TCGA-28-1746","TCGA-28-1746-01A","Primary Tumor"
"5fef889d-82d2-4655-be0a-9b23e37568d4","6f1db8b9-e299-48a1-b1b9-001b8d4fe12d.methylation_array.sesame.level3betas.txt","Illumina Human Methylation 27","TXT","768735","TCGA-28-1746","TCGA-28-1746-01A","Primary Tumor"
"44b38ed1-8aa4-4936-a581-fddd6ed1fb4f","5d205c95-9fd5-48a7-bbe4-6b70dcf5ecab_noid_Red.idat","Illumina Human Methylation 27","IDAT","719553","TCGA-06-0876","TCGA-06-0876-01A","Primary Tumor"
"bd1de5ce-9213-440d-93fc-ada1cf7cab5b","5d205c95-9fd5-48a7-bbe4-6b70dcf5ecab.methylation_array.sesame.level3betas.txt","Illumina Human Methylation 27","TXT","750101","TCGA-06-0876","TCGA-06-0876-01A","Primary Tumor"
"29179b28-9452-46c0-b0ba-727e92338bc9","92d30dc0-ec99-4a9f-94f7-9984f45025a9_noid_Grn.idat","Illumina Human Methylation 450","IDAT","8091452","TCGA-76-6282","TCGA-76-6282-01A","Primary Tumor"
"172ad59b-c7fb-45ee-8905-69e68c1a92b6","6b62f7e7-f9d8-4dd6-889d-c28aba79ba45_noid_Red.idat","Illumina Human Methylation 27","IDAT","719557","TCGA-06-2565","TCGA-06-2565-01A","Primary Tumor"
"af195dc8-06dc-47f7-bed0-15ff731b720e","69073609-ccb9-4a39-859d-2f9d8dd3882f_noid_Red.idat","Illumina Human Methylation 450","IDAT","8095285","TCGA-28-5214","TCGA-28-5214-01A","Primary Tumor"
"07bb84e7-7b7a-4e58-b5b2-28865ee01653","9daef1ae-dc9f-4690-b8d7-caf48d4aea4d.methylation_array.sesame.level3betas.txt","Illumina Human Methylation 450","TXT","13098862","TCGA-12-5295","TCGA-12-5295-01A","Primary Tumor"
"d202428a-b6a5-4027-b0ea-7b5a8894f774","9daef1ae-dc9f-4690-b8d7-caf48d4aea4d_noid_Red.idat","Illumina Human Methylation 450","IDAT","8095280","TCGA-12-5295","TCGA-12-5295-01A","Primary Tumor"
"18ebb22c-e8ac-4d49-8ecd-2a2d12026776","733beb24-62f6-47e3-a446-603dadb8a844_noid_Red.idat","Illumina Human Methylation 27","IDAT","719557","TCGA-02-0115","TCGA-02-0115-01A","Primary Tumor"
"8e888e6e-2b4f-4ae7-bae5-9621ab906ff8","d56fad38-9097-4a49-bffb-b25a5da8841b.methylation_array.sesame.level3betas.txt","Illumina Human Methylation 27","TXT","760404","TCGA-02-0064","TCGA-02-0064-01A","Primary Tumor"
"2177d839-0654-4ada-bb6b-b5c36c5d3702","d56fad38-9097-4a49-bffb-b25a5da8841b_noid_Red.idat","Illumina Human Methylation 27","IDAT","719558","TCGA-02-0064","TCGA-02-0064-01A","Primary Tumor"
"b956ca99-d184-4456-bf84-fb470d22d87c","26f6e535-4298-4b4b-9390-5dc795f878f5.methylation_array.sesame.level3betas.txt","Illumina Human Methylation 27","TXT","767978","TCGA-06-0939","TCGA-06-0939-01A","Primary Tumor"
"5cc87b6a-4bfc-4042-93c2-e8155d5d66cd","65e67596-dc14-4bf8-8c18-11dadcc6fa92_noid_Grn.idat","Illumina Human Methylation 27","IDAT","719552","TCGA-12-0820","TCGA-12-0820-01A","Primary Tumor"
"53b22eb7-db8b-4e7a-bf72-c35afba379c9","33acc379-2bf1-4217-a03f-a134e14973d3_noid_Grn.idat","Illumina Human Methylation 450","IDAT","8091452","TCGA-06-5858","TCGA-06-5858-01A","Primary Tumor"
"efa77cc3-9065-4e67-8632-81b29781958a","26f6e535-4298-4b4b-9390-5dc795f878f5_noid_Red.idat","Illumina Human Methylation 27","IDAT","719555","TCGA-06-0939","TCGA-06-0939-01A","Primary Tumor"
"91181864-3988-4594-bea2-ecdcad8f569c","fdf9aeee-f886-42af-a9d0-dffb5f3383ae_noid_Red.idat","Illumina Human Methylation 450","IDAT","8095293","TCGA-76-4934","TCGA-76-4934-01A","Primary Tumor"
"fc3a253b-40f6-4d4b-8f71-dfa7af1034dc","7e16aeef-08af-4bd0-9fe4-412d307487a8_noid_Grn.idat","Illumina Human Methylation 27","IDAT","719553","TCGA-14-0736","TCGA-14-0736-01A","Primary Tumor"
"60d11c25-97a5-4f6b-9b93-886a310c9e41","fdf9aeee-f886-42af-a9d0-dffb5f3383ae_noid_Grn.idat","Illumina Human Methylation 450","IDAT","8095293","TCGA-76-4934","TCGA-76-4934-01A","Primary Tumor"
"7c12d6ec-e959-4a1d-8024-a7131097e4c3","3dc800dc-249f-4dcd-ae87-c8af6b57ed2c_noid_Grn.idat","Illumina Human Methylation 27","IDAT","719554","TCGA-06-2558","TCGA-06-2558-01A","Primary Tumor"
"55938b69-8395-490a-9c9b-7ea489243d07","c20fbf44-c626-44cc-9546-bc6e3d68609c.methylation_array.sesame.level3betas.txt","Illumina Human Methylation 450","TXT","13178555","TCGA-06-6693","TCGA-06-6693-01A","Primary Tumor"
"1aa00232-bc8b-4436-be35-f38a85a623f0","56e13c0d-4452-48e1-9929-11099e7d7648.methylation_array.sesame.level3betas.txt","Illumina Human Methylation 27","TXT","774246","TCGA-06-2561","TCGA-06-2561-01A","Primary Tumor"
"af1e16ca-0588-4f68-b162-3d2781ba66c3","56e13c0d-4452-48e1-9929-11099e7d7648_noid_Red.idat","Illumina Human Methylation 27","IDAT","719554","TCGA-06-2561","TCGA-06-2561-01A","Primary Tumor"
"465be4da-c411-4ef6-b147-22220e3630f2","3dc800dc-249f-4dcd-ae87-c8af6b57ed2c.methylation_array.sesame.level3betas.txt","Illumina Human Methylation 27","TXT","774774","TCGA-06-2558","TCGA-06-2558-01A","Primary Tumor"
"e69054e3-1033-441c-b553-1d3e673a2b29","8e9cdd46-4bb7-47f3-bb79-d369166e1c3d_noid_Red.idat","Illumina Human Methylation 27","IDAT","719554","TCGA-27-2518","TCGA-27-2518-01A","Primary Tumor"
"3ba23fc7-e0b3-4d48-8fe7-dce228ffd633","4de8ab15-d49a-42b5-80ec-ab0267de8a3b_noid_Red.idat","Illumina Human Methylation 450","IDAT","8095293","TCGA-26-5139","TCGA-26-5139-01A","Primary Tumor"
"84b616aa-8457-44ac-8391-179b37ecb137","6f17c576-f929-4b61-be3b-25c32775dc82_noid_Red.idat","Illumina Human Methylation 27","IDAT","719556","TCGA-19-1790","TCGA-19-1790-01B","Primary Tumor"
"46d62a12-ea6d-4520-8a57-02961f103f0b","b12d8100-4c1d-45df-943e-3e7b83e6d047_noid_Grn.idat","Illumina Human Methylation 27","IDAT","719553","TCGA-12-1094","TCGA-12-1094-01A","Primary Tumor"
"ca8f6826-27dc-468c-885a-8d9ec9d7f35a","f9e10b85-70ee-4411-b126-a98e3bbd10ca_noid_Red.idat","Illumina Human Methylation 27","IDAT","719549","TCGA-41-3392","TCGA-41-3392-01A","Primary Tumor"
"9c3268e3-41e7-4549-8683-da7efa7f173e","f9e10b85-70ee-4411-b126-a98e3bbd10ca.methylation_array.sesame.level3betas.txt","Illumina Human Methylation 27","TXT","766612","TCGA-41-3392","TCGA-41-3392-01A","Primary Tumor"
"c7556f46-7f82-4fbd-be63-2f93ffdb4e54","6ba0171b-46eb-43a3-80dd-c7a1eb13c5c3_noid_Grn.idat","Illumina Human Methylation 450","IDAT","8091452","TCGA-06-5408","TCGA-06-5408-01A","Primary Tumor"
"8e969fbb-1d9d-48b6-9da2-f1bc4be29c10","20dde4f5-7232-4fe5-979f-ace5a73286c9_noid_Grn.idat","Illumina Human Methylation 450","IDAT","8091452","TCGA-06-6389","TCGA-06-6389-01A","Primary Tumor"
"524c33c8-8083-4207-bd91-05d0d2e7f936","3bad0876-b9c4-4172-9c46-fff00271a429_noid_Red.idat","Illumina Human Methylation 27","IDAT","719554","TCGA-27-1832","TCGA-27-1832-01A","Primary Tumor"
"3fc5b7eb-6a0e-49dc-91a3-f03b069d54d9","6ba0171b-46eb-43a3-80dd-c7a1eb13c5c3_noid_Red.idat","Illumina Human Methylation 450","IDAT","8091452","TCGA-06-5408","TCGA-06-5408-01A","Primary Tumor"
"cba66ed9-23aa-4e4a-bd5e-f34db9a92c30","3fe3c906-a666-4c24-84df-15ff2b2e28b4_noid_Grn.idat","Illumina Human Methylation 450","IDAT","8095281","TCGA-28-5218","TCGA-28-5218-01A","Primary Tumor"
"51de8886-92bb-4b01-bd4f-6d2cd1e4b84a","09cb404b-1e46-4fc4-9fe7-39fefb4320ec_noid_Red.idat","Illumina Human Methylation 450","IDAT","8091452","TCGA-32-1980","TCGA-32-1980-01A","Primary Tumor"
"4382422c-def7-44b2-9f07-831d8ac99981","41badc95-1e62-4af4-ad19-fcfae9769d24_noid_Red.idat","Illumina Human Methylation 450","IDAT","8095291","TCGA-28-5207","TCGA-28-5207-01A","Primary Tumor"
"1c80ac56-5237-4a89-915c-6595b1199c51","41badc95-1e62-4af4-ad19-fcfae9769d24.methylation_array.sesame.level3betas.txt","Illumina Human Methylation 450","TXT","12942594","TCGA-28-5207","TCGA-28-5207-01A","Primary Tumor"
"cbb4270e-4270-40eb-9c1f-5aaf1671e5db","5cf01ba2-4385-426b-ba70-5cb6869ee782_noid_Grn.idat","Illumina Human Methylation 450","IDAT","8095283","TCGA-76-4928","TCGA-76-4928-01B","Primary Tumor"
"281ac3dd-7961-4bdf-9af0-72d26ad85bab","c5343441-106b-4888-85f7-b08b97e1cc35_noid_Red.idat","Illumina Human Methylation 450","IDAT","8095293","TCGA-32-5222","TCGA-32-5222-01A","Primary Tumor"
"b41c18e2-67c2-47f5-a964-bc541981497c","964c30a3-04ed-4939-bb00-2c28ca9c038b.methylation_array.sesame.level3betas.txt","Illumina Human Methylation 27","TXT","780517","TCGA-14-1825","TCGA-14-1825-01A","Primary Tumor"
"61b1774b-8f8f-40e1-bc4e-0ccfafe5cbb1","5fe8175c-41ca-4884-ab3d-05fad5fd4e3e_noid_Grn.idat","Illumina Human Methylation 27","IDAT","719557","TCGA-28-2506","TCGA-28-2506-01A","Primary Tumor"
"35b0757d-94f6-466a-8291-d2df233e749c","7a16a5a0-1940-4ce0-8aca-2c16e7431fb5_noid_Red.idat","Illumina Human Methylation 450","IDAT","8091452","TCGA-19-5950","TCGA-19-5950-01A","Primary Tumor"
"0f8aad12-7452-4bfb-877a-0aae3f491596","be8358b8-ff17-4a2a-8a1d-3a16fab9c58f.methylation_array.sesame.level3betas.txt","Illumina Human Methylation 450","TXT","13037835","TCGA-19-5952","TCGA-19-5952-01A","Primary Tumor"
"fb3b4eaa-7093-4ac4-bce4-1bda8c340a6c","c88b6601-f03f-4a96-88d8-2d2b8e1467b6.methylation_array.sesame.level3betas.txt","Illumina Human Methylation 450","TXT","12717280","TCGA-06-A6S1","TCGA-06-A6S1-01A","Primary Tumor"
"ddcf6226-dc69-4719-8feb-1ebf40395564","28c3cf31-1550-4060-bb7e-ba21576e8ac0_noid_Grn.idat","Illumina Human Methylation 450","IDAT","8091452","TCGA-06-5412","TCGA-06-5412-01A","Primary Tumor"
"35248e0d-f08a-40c9-874c-dc59e7c52e0d","f0ed4c71-d419-496a-8c53-a132f819060d.methylation_array.sesame.level3betas.txt","Illumina Human Methylation 27","TXT","771464","TCGA-14-0812","TCGA-14-0812-01B","Primary Tumor"
"705b9be8-de4d-4b53-ae7b-9c4a56131fb1","ae9d7e08-35e8-49c8-b378-1d706847ef9b.methylation_array.sesame.level3betas.txt","Illumina Human Methylation 27","TXT","763697","TCGA-06-0169","TCGA-06-0169-01A","Primary Tumor"
"b9bb8619-71cf-4a25-a55e-18086b7798de","a424b122-51ee-4e63-8cec-ec102779d467_noid_Red.idat","Illumina Human Methylation 27","IDAT","719553","TCGA-12-0827","TCGA-12-0827-01A","Primary Tumor"
"c4027c46-d26c-4575-8d19-8cc25473cb27","96047e3a-6f4b-41e7-a10a-cca831ad298a.methylation_array.sesame.level3betas.txt","Illumina Human Methylation 27","TXT","768910","TCGA-28-1750","TCGA-28-1750-01A","Primary Tumor"
"9b96fb1c-53f8-4700-97db-1ae32c2eea47","0d7e27ed-443f-4803-9349-6acb53ccc344.methylation_array.sesame.level3betas.txt","Illumina Human Methylation 27","TXT","773411","TCGA-27-1833","TCGA-27-1833-01A","Primary Tumor"
"5b816b4b-d3c2-4ceb-af6f-fef922fa6874","96047e3a-6f4b-41e7-a10a-cca831ad298a_noid_Red.idat","Illumina Human Methylation 27","IDAT","719555","TCGA-28-1750","TCGA-28-1750-01A","Primary Tumor"
"3543aa58-7cf4-4da5-b58c-50d5c6c71b46","3fdcd39c-3cf8-42d0-b435-e88057f71d5f.methylation_array.sesame.level3betas.txt","Illumina Human Methylation 27","TXT","767363","TCGA-28-1760","TCGA-28-1760-01A","Primary Tumor"
"45d16244-3868-4c67-b264-e77e387c6915","0d7e27ed-443f-4803-9349-6acb53ccc344_noid_Grn.idat","Illumina Human Methylation 27","IDAT","719555","TCGA-27-1833","TCGA-27-1833-01A","Primary Tumor"
"fb8bae31-52d6-4103-8c55-62b4beee875b","6c8442da-2a36-4294-8730-0288028fc588.methylation_array.sesame.level3betas.txt","Illumina Human Methylation 27","TXT","776943","TCGA-27-2528","TCGA-27-2528-01A","Primary Tumor"
"a77ee025-5e5d-4dee-bddb-f94044550c6a","c6fad5e2-81d0-4396-a942-5588f7836d7e.methylation_array.sesame.level3betas.txt","Illumina Human Methylation 27","TXT","773737","TCGA-28-1753","TCGA-28-1753-01A","Primary Tumor"
"b46cd75f-41d0-4ce3-ad91-e702662bfabf","e68ad148-ce9e-42d9-a094-e1cf9b73ba34.methylation_array.sesame.level3betas.txt","Illumina Human Methylation 27","TXT","776286","TCGA-27-1831","TCGA-27-1831-01A","Primary Tumor"
"2737292f-9677-4db3-9906-122b59b889db","c6fad5e2-81d0-4396-a942-5588f7836d7e_noid_Red.idat","Illumina Human Methylation 27","IDAT","719553","TCGA-28-1753","TCGA-28-1753-01A","Primary Tumor"
"f48bbc27-cd42-482a-90b8-94d822b20ccf","ca3ccee4-3004-4ffb-a0f9-aabe6fb32c77.methylation_array.sesame.level3betas.txt","Illumina Human Methylation 27","TXT","756545","TCGA-02-0054","TCGA-02-0054-01A","Primary Tumor"
"24627120-c3c0-4845-b96c-80a370ebd89c","ca3ccee4-3004-4ffb-a0f9-aabe6fb32c77_noid_Grn.idat","Illumina Human Methylation 27","IDAT","719558","TCGA-02-0054","TCGA-02-0054-01A","Primary Tumor"
"f031d15a-c4e1-4900-aa45-0017e807790b","83af5d5c-beb6-452b-8f0e-b98b332656b1_noid_Grn.idat","Illumina Human Methylation 450","IDAT","8095319","TCGA-RR-A6KC","TCGA-RR-A6KC-01A","Primary Tumor"
"e123b828-5094-49d1-99c4-75ebe735e311","f9424b12-5861-485d-b4fd-6f2146cfdea1_noid_Red.idat","Illumina Human Methylation 27","IDAT","719553","TCGA-12-1089","TCGA-12-1089-01A","Primary Tumor"
"4deebfdc-e1fd-4505-bfcf-1d8bd430ca5d","ff47dd82-1c43-43f9-bcd9-6645dd7b37cc_noid_Red.idat","Illumina Human Methylation 27","IDAT","719552","TCGA-16-0850","TCGA-16-0850-01A","Primary Tumor"
"38ba9754-4fd9-4e0b-8360-6d90faf3a274","70631f26-0d47-46cf-8d73-1a5cb184cfac_noid_Grn.idat","Illumina Human Methylation 27","IDAT","719549","TCGA-32-2632","TCGA-32-2632-01A","Primary Tumor"
"61bc696d-7fdc-4c0e-a0b2-168793aca61d","220448ca-a103-4e02-a8d4-8090f9278026.methylation_array.sesame.level3betas.txt","Illumina Human Methylation 27","TXT","775302","TCGA-14-4157","TCGA-14-4157-01A","Primary Tumor"
"e1d077df-0c4d-47ff-b5e8-2bb073f7bf2d","220448ca-a103-4e02-a8d4-8090f9278026_noid_Grn.idat","Illumina Human Methylation 27","IDAT","719556","TCGA-14-4157","TCGA-14-4157-01A","Primary Tumor"
"d1e10f7b-555e-4581-b960-c7c4dc3a3715","220448ca-a103-4e02-a8d4-8090f9278026_noid_Red.idat","Illumina Human Methylation 27","IDAT","719556","TCGA-14-4157","TCGA-14-4157-01A","Primary Tumor"
"af0a1e7f-795b-4f0f-8b4a-92aac941af27","e234df16-8669-4cc3-b316-dc23f1bf2121.methylation_array.sesame.level3betas.txt","Illumina Human Methylation 27","TXT","775848","TCGA-02-2485","TCGA-02-2485-01A","Primary Tumor"
"134b3277-f400-470a-baa8-ed63be525e35","a526753d-c5c1-4d94-9eeb-910a7cb62c8f_noid_Grn.idat","Illumina Human Methylation 27","IDAT","719554","TCGA-14-1821","TCGA-14-1821-01A","Primary Tumor"
"772a7bda-0146-4d92-bfc1-71f4140ab449","e234df16-8669-4cc3-b316-dc23f1bf2121_noid_Red.idat","Illumina Human Methylation 27","IDAT","719557","TCGA-02-2485","TCGA-02-2485-01A","Primary Tumor"
"1a9b5634-592a-49dd-8b62-df3c4f9ca204","e5571b0a-2232-449e-8372-eafa56aa0ea8_noid_Grn.idat","Illumina Human Methylation 450","IDAT","8095291","TCGA-12-5299","TCGA-12-5299-01A","Primary Tumor"
"88e52a09-0865-4953-8a84-2aadf796e934","4c148f26-5cc1-4c64-8a42-379a7bb93f48_noid_Red.idat","Illumina Human Methylation 450","IDAT","8095293","TCGA-06-5416","TCGA-06-5416-01A","Primary Tumor"
"2640b200-9aa3-44b5-8303-61c197f1bf24","4cd32acb-315c-4af3-8750-9e258ec67446.methylation_array.sesame.level3betas.txt","Illumina Human Methylation 27","TXT","762947","TCGA-16-1056","TCGA-16-1056-01B","Primary Tumor"
"b1f15fc2-e29b-4f56-a537-0768f5df9b5c","4cd32acb-315c-4af3-8750-9e258ec67446_noid_Red.idat","Illumina Human Methylation 27","IDAT","719552","TCGA-16-1056","TCGA-16-1056-01B","Primary Tumor"
"5ee3f21a-11e5-413a-90c0-1d211d98785a","4c148f26-5cc1-4c64-8a42-379a7bb93f48.methylation_array.sesame.level3betas.txt","Illumina Human Methylation 450","TXT","13024889","TCGA-06-5416","TCGA-06-5416-01A","Primary Tumor"
"4fe74aec-5631-4133-ab32-88e18d898c35","32019f0d-b756-48f2-bbba-917cb23fa2fa.methylation_array.sesame.level3betas.txt","Illumina Human Methylation 27","TXT","761837","TCGA-19-1390","TCGA-19-1390-01A","Primary Tumor"
"8e59759f-a8aa-41ff-8382-62f6abd2868e","32019f0d-b756-48f2-bbba-917cb23fa2fa_noid_Grn.idat","Illumina Human Methylation 27","IDAT","719550","TCGA-19-1390","TCGA-19-1390-01A","Primary Tumor"
"37d514d8-e386-493d-9248-857e1379d4db","24ab98eb-02eb-4866-b107-cc5967eedc58_noid_Red.idat","Illumina Human Methylation 27","IDAT","719554","TCGA-16-0846","TCGA-16-0846-01A","Primary Tumor"
"1a8c6375-86ba-4209-9777-386618a766bf","ff85c3cf-cfb7-4e5c-993a-99adf02b1408_noid_Red.idat","Illumina Human Methylation 27","IDAT","719553","TCGA-19-1789","TCGA-19-1789-01A","Primary Tumor"
"3e4090d0-9198-4982-b331-1377a3a77100","24ab98eb-02eb-4866-b107-cc5967eedc58_noid_Grn.idat","Illumina Human Methylation 27","IDAT","719554","TCGA-16-0846","TCGA-16-0846-01A","Primary Tumor"
"84768ce1-666f-4e47-adc8-6d2d8e6af0bf","ff85c3cf-cfb7-4e5c-993a-99adf02b1408.methylation_array.sesame.level3betas.txt","Illumina Human Methylation 27","TXT","772444","TCGA-19-1789","TCGA-19-1789-01A","Primary Tumor"
"21945118-7980-4b7d-9a5c-38bf436579ec","e676253e-b12d-41bc-968f-71fce924da41.methylation_array.sesame.level3betas.txt","Illumina Human Methylation 27","TXT","780576","TCGA-28-1755","TCGA-28-1755-01A","Primary Tumor"
"6587bdc3-779e-4fa9-8e2e-aee332e3b675","6aceb16e-2157-4e6d-b01a-035edac0f3f0.methylation_array.sesame.level3betas.txt","Illumina Human Methylation 27","TXT","754794","TCGA-02-0047","TCGA-02-0047-01A","Primary Tumor"
"87545ace-918a-4b19-a5a2-7a27a8931448","551306ce-7011-4855-b4b8-c73951a63cfd_noid_Red.idat","Illumina Human Methylation 27","IDAT","719554","TCGA-06-2567","TCGA-06-2567-01A","Primary Tumor"
"2f648dee-e95a-4c8d-8877-6793f0c122d2","551306ce-7011-4855-b4b8-c73951a63cfd_noid_Grn.idat","Illumina Human Methylation 27","IDAT","719554","TCGA-06-2567","TCGA-06-2567-01A","Primary Tumor"
"0b21380b-e8aa-4b49-8b44-fd12a07bdd33","59aac981-0387-4154-8570-d1647fd09851_noid_Grn.idat","Illumina Human Methylation 27","IDAT","719555","TCGA-32-4208","TCGA-32-4208-01A","Primary Tumor"
"da8b3273-621a-4739-9f32-ed9ff499d6f0","3fde76ee-1b5d-41f3-bbf1-4488cdabe28f_noid_Grn.idat","Illumina Human Methylation 27","IDAT","719556","TCGA-02-0052","TCGA-02-0052-01A","Primary Tumor"
"88db8a60-eade-4d8b-86b4-07da4bb07330","3fde76ee-1b5d-41f3-bbf1-4488cdabe28f_noid_Red.idat","Illumina Human Methylation 27","IDAT","719556","TCGA-02-0052","TCGA-02-0052-01A","Primary Tumor"
"ea80d13a-1fff-4576-833a-69c8395779d7","0473ced5-ec50-4a15-8d6f-6ce62c2364ce_noid_Grn.idat","Illumina Human Methylation 450","IDAT","8095286","TCGA-28-5219","TCGA-28-5219-01A","Primary Tumor"
"e2909f39-005a-4fec-87b0-fc39296b364c","b9cebe21-a0e1-44a4-9364-652e85e7a3d1.methylation_array.sesame.level3betas.txt","Illumina Human Methylation 27","TXT","772647","TCGA-28-1757","TCGA-28-1757-01A","Primary Tumor"
"a6fe4d54-76e9-428a-8eec-5a1e6c8a7750","10e039d1-3d95-4082-bbdf-ca228d1ac12a_noid_Red.idat","Illumina Human Methylation 27","IDAT","719556","TCGA-02-0011","TCGA-02-0011-01B","Primary Tumor"
"2727c77f-c34e-4ce8-a26b-181d377c1905","3c52e53a-4fc4-4a53-999d-93516248d605.methylation_array.sesame.level3betas.txt","Illumina Human Methylation 27","TXT","766635","TCGA-14-0817","TCGA-14-0817-01A","Primary Tumor"
"f2b0339d-94a1-48ca-a6fb-acc147b01d35","3c52e53a-4fc4-4a53-999d-93516248d605_noid_Grn.idat","Illumina Human Methylation 27","IDAT","719553","TCGA-14-0817","TCGA-14-0817-01A","Primary Tumor"
"91329f18-8c9d-41aa-8839-db509fce9ea1","789283ce-5e62-4652-81d1-806eab084d9f.methylation_array.sesame.level3betas.txt","Illumina Human Methylation 450","TXT","13020921","TCGA-26-5136","TCGA-26-5136-01B","Primary Tumor"
"adce7299-0292-4d1f-8a56-2365ef5bbeb3","3c52e53a-4fc4-4a53-999d-93516248d605_noid_Red.idat","Illumina Human Methylation 27","IDAT","719553","TCGA-14-0817","TCGA-14-0817-01A","Primary Tumor"
"33cc98d5-4d56-4a3a-b9ff-d6d790175665","789283ce-5e62-4652-81d1-806eab084d9f_noid_Grn.idat","Illumina Human Methylation 450","IDAT","8095279","TCGA-26-5136","TCGA-26-5136-01B","Primary Tumor"
"77954425-0709-47f9-8281-5240a63cb063","ac715450-cf9a-48f9-a450-c2fc20b5c8fc.methylation_array.sesame.level3betas.txt","Illumina Human Methylation 27","TXT","771943","TCGA-02-0046","TCGA-02-0046-01A","Primary Tumor"
"b01c7798-715a-4b1b-94ce-1fc8ccbde422","ac715450-cf9a-48f9-a450-c2fc20b5c8fc_noid_Grn.idat","Illumina Human Methylation 27","IDAT","719562","TCGA-02-0046","TCGA-02-0046-01A","Primary Tumor"
"1515b39a-b2eb-474d-98d1-c6695b10e305","ac715450-cf9a-48f9-a450-c2fc20b5c8fc_noid_Red.idat","Illumina Human Methylation 27","IDAT","719562","TCGA-02-0046","TCGA-02-0046-01A","Primary Tumor"
"4209b6c9-1c9d-4db1-989e-17b53e537e05","d5c350db-c556-425d-9799-a410325b3119_noid_Red.idat","Illumina Human Methylation 27","IDAT","719553","TCGA-28-2514","TCGA-28-2514-01A","Primary Tumor"
"41d62962-b14e-4eef-a828-602566ec7e39","c6657006-15b2-4af9-81b9-0cea914c30f2_noid_Red.idat","Illumina Human Methylation 27","IDAT","719549","TCGA-19-2620","TCGA-19-2620-01A","Primary Tumor"
"6b8d1aba-9c67-4fa1-bfee-bc98931e2acb","cb37f6b2-2076-4f39-96f1-9c6b7c5a8e38_noid_Red.idat","Illumina Human Methylation 450","IDAT","8095316","TCGA-06-A5U0","TCGA-06-A5U0-01A","Primary Tumor"
"dd09acb6-c92c-4e6f-9bf5-3ef002834bb6","cb37f6b2-2076-4f39-96f1-9c6b7c5a8e38.methylation_array.sesame.level3betas.txt","Illumina Human Methylation 450","TXT","12872865","TCGA-06-A5U0","TCGA-06-A5U0-01A","Primary Tumor"
"917bb5d3-430f-4bf4-a613-ccf537a9cecd","39eedeaf-29ed-48cb-b545-33b6cd04167c.methylation_array.sesame.level3betas.txt","Illumina Human Methylation 27","TXT","761108","TCGA-14-1458","TCGA-14-1458-01A","Primary Tumor"
"d46bd5a4-2b49-4a1c-8069-cd8d4807190c","9a8315ba-db55-426e-8a3c-14947651d063_noid_Red.idat","Illumina Human Methylation 27","IDAT","719549","TCGA-12-3650","TCGA-12-3650-01A","Primary Tumor"
"0b44c927-fef7-4882-9611-4c967b8760ef","1b9dea2b-a7bd-4284-b483-1a2a08773fc4.methylation_array.sesame.level3betas.txt","Illumina Human Methylation 27","TXT","771647","TCGA-14-3477","TCGA-14-3477-01A","Primary Tumor"
"149b3016-1dba-41e5-9a56-ef02eed41391","12807c1a-e977-4dcb-a9da-058690c31884_noid_Grn.idat","Illumina Human Methylation 27","IDAT","719562","TCGA-06-0143","TCGA-06-0143-01A","Primary Tumor"
"598110c1-cf65-4b5c-844f-f65256c12cdb","d94e747d-d92c-4c14-b4c6-39c918129d3d_noid_Red.idat","Illumina Human Methylation 450","IDAT","8091452","TCGA-19-5951","TCGA-19-5951-01A","Primary Tumor"
"35fab2a2-b372-40c0-bbdc-3f3abc94820a","27064c2c-9300-4910-8264-49980b5273fb_noid_Grn.idat","Illumina Human Methylation 450","IDAT","8095266","TCGA-76-6657","TCGA-76-6657-01A","Primary Tumor"
"c18285ed-b335-4bf7-b923-b0a62f2effab","27064c2c-9300-4910-8264-49980b5273fb_noid_Red.idat","Illumina Human Methylation 450","IDAT","8095266","TCGA-76-6657","TCGA-76-6657-01A","Primary Tumor"
"34bf3f1b-b5a4-4e61-aaf9-4ca868bf0c5b","c8d3e492-ac29-47c5-ae80-c38b15051c7a_noid_Red.idat","Illumina Human Methylation 450","IDAT","8095288","TCGA-26-A7UX","TCGA-26-A7UX-01B","Primary Tumor"
"314c2ed8-cbc0-4f79-b53a-a5b43582664d","c4af09fa-49b6-4a34-90f7-409969666435_noid_Red.idat","Illumina Human Methylation 27","IDAT","719554","TCGA-14-1827","TCGA-14-1827-01A","Primary Tumor"
"5a69cfe9-cff1-4f62-b3f8-4e1ed5e2c114","c8d3e492-ac29-47c5-ae80-c38b15051c7a_noid_Grn.idat","Illumina Human Methylation 450","IDAT","8095288","TCGA-26-A7UX","TCGA-26-A7UX-01B","Primary Tumor"
"4b914909-8820-4fa2-b352-80fd2722ae7c","cb37f6b2-2076-4f39-96f1-9c6b7c5a8e38_noid_Grn.idat","Illumina Human Methylation 450","IDAT","8095316","TCGA-06-A5U0","TCGA-06-A5U0-01A","Primary Tumor"
"bf733578-a37b-4e0c-a159-5eb6b26adfe8","ff78d2c4-c3bf-4f40-85d5-e37153176f1f_noid_Red.idat","Illumina Human Methylation 27","IDAT","719554","TCGA-06-2569","TCGA-06-2569-01A","Primary Tumor"
"a67337ce-84da-4ab3-b047-1a6db329a7c6","d7052115-1c34-48d5-99d3-0aae220c0f70_noid_Grn.idat","Illumina Human Methylation 27","IDAT","719554","TCGA-19-1791","TCGA-19-1791-01A","Primary Tumor"
"12b82049-03f1-4bd7-a0bd-0417c145fd39","6a9582e3-30a7-4444-8782-ec54003abd1a_noid_Grn.idat","Illumina Human Methylation 450","IDAT","8095268","TCGA-74-6575","TCGA-74-6575-01A","Primary Tumor"
"8b59e2f4-c06e-4b64-8edc-ebae4c4e1736","38f574d5-c3f3-4ec7-af0f-bfc91a7827f9_noid_Grn.idat","Illumina Human Methylation 27","IDAT","719556","TCGA-41-4097","TCGA-41-4097-01A","Primary Tumor"
"d6fb6614-8aad-48d8-8a8b-de17bb2d178c","1254942e-3742-48d2-9322-1169a446ebcc_noid_Grn.idat","Illumina Human Methylation 450","IDAT","8095284","TCGA-26-5135","TCGA-26-5135-01A","Primary Tumor"
"613207c2-61f0-464a-80f6-92d269bedb43","961a7752-879d-4f3f-b5be-edf2fe849f30_noid_Grn.idat","Illumina Human Methylation 27","IDAT","719553","TCGA-06-1086","TCGA-06-1086-01A","Primary Tumor"
"6e61e566-ce0d-4e8e-9b85-54f31231961f","df47e3fe-5cab-4d0e-8958-f5fd2bb9d2cf.methylation_array.sesame.level3betas.txt","Illumina Human Methylation 450","TXT","13141416","TCGA-28-5220","TCGA-28-5220-01A","Primary Tumor"
"21ea9e78-f853-44e0-b859-add735d407d5","05a58db0-dede-4344-8c5e-05d2df70b509.methylation_array.sesame.level3betas.txt","Illumina Human Methylation 450","TXT","13143392","TCGA-76-6191","TCGA-76-6191-01A","Primary Tumor"
"f0c09fbe-953a-43b5-bd84-fb28bc77a6dc","8bc41e3e-6500-4d3c-9775-6101f572deb6_noid_Red.idat","Illumina Human Methylation 450","IDAT","8095267","TCGA-76-6664","TCGA-76-6664-01A","Primary Tumor"
"25a4f750-1305-4582-90aa-8647f1c19fb1","1e9dcf52-0142-4add-b862-33aa35604179.methylation_array.sesame.level3betas.txt","Illumina Human Methylation 450","TXT","13105891","TCGA-19-5960","TCGA-19-5960-01A","Primary Tumor"
"5a16bc36-8d2d-49cd-97fd-e7b89904578a","62d2be13-55f8-4c16-84ad-557a09b85b8a_noid_Grn.idat","Illumina Human Methylation 27","IDAT","719550","TCGA-06-0878","TCGA-06-0878-01A","Primary Tumor"
"9b5111f0-2d64-4ab8-a0a0-8d225a23623a","74a5719a-335c-4ac1-974f-00db57a3f570_noid_Red.idat","Illumina Human Methylation 27","IDAT","719553","TCGA-12-0829","TCGA-12-0829-01A","Primary Tumor"
"e062ad43-9992-4593-9bc6-c647364ff9c9","74a5719a-335c-4ac1-974f-00db57a3f570.methylation_array.sesame.level3betas.txt","Illumina Human Methylation 27","TXT","766440","TCGA-12-0829","TCGA-12-0829-01A","Primary Tumor"
"a9f61f51-0eb5-491e-99d3-c9b05dca6b81","98a4eca3-b597-438b-9d8d-4066f86786f2_noid_Red.idat","Illumina Human Methylation 27","IDAT","719553","TCGA-19-1788","TCGA-19-1788-01A","Primary Tumor"
"cfd66c6c-441d-4ee7-8f6c-de1babbb8c6f","a5ea96ff-aa14-40c7-9bf8-e813e7120d5d.methylation_array.sesame.level3betas.txt","Illumina Human Methylation 27","TXT","761592","TCGA-26-1440","TCGA-26-1440-01A","Primary Tumor"
"6a655a46-d9c6-4f98-b69a-5563150d23e5","32b7d520-ec3a-4206-8e58-f2eb43e67490.methylation_array.sesame.level3betas.txt","Illumina Human Methylation 27","TXT","763997","TCGA-12-1098","TCGA-12-1098-01C","Primary Tumor"
"1c25f778-5153-4a4e-8eb3-3f75fcf39d77","d52b10d1-5aa1-4441-9ee1-e064a1c95be1.methylation_array.sesame.level3betas.txt","Illumina Human Methylation 450","TXT","13051669","TCGA-14-0781","TCGA-14-0781-01B","Primary Tumor"
"bab9e5c0-bd74-455a-b604-0b9caeb87459","d52b10d1-5aa1-4441-9ee1-e064a1c95be1_noid_Red.idat","Illumina Human Methylation 450","IDAT","8091452","TCGA-14-0781","TCGA-14-0781-01B","Primary Tumor"
"4b9a040e-0d0a-472b-924b-3db5989b02e3","7933d530-ffda-4b60-b8f7-7777dee107e1_noid_Red.idat","Illumina Human Methylation 27","IDAT","719557","TCGA-27-1835","TCGA-27-1835-01A","Primary Tumor"
"729bbd4c-0c40-45fd-adeb-e9d5a73ecde2","7933d530-ffda-4b60-b8f7-7777dee107e1.methylation_array.sesame.level3betas.txt","Illumina Human Methylation 27","TXT","776689","TCGA-27-1835","TCGA-27-1835-01A","Primary Tumor"
"2bb987ea-c05c-4bbe-8dfc-680a5a9f4cf2","ac979beb-b2c3-4c6d-9532-6aaf4909c898.methylation_array.sesame.level3betas.txt","Illumina Human Methylation 450","TXT","13214929","TCGA-74-6577","TCGA-74-6577-01A","Primary Tumor"
"491ae578-dcd7-44be-9ac8-8851be309a93","f4e98d67-beac-481c-89fb-4c108221d792_noid_Grn.idat","Illumina Human Methylation 27","IDAT","719559","TCGA-02-0027","TCGA-02-0027-01A","Primary Tumor"
"7b0157b1-ec2e-4ffd-837f-b79812d098db","d06bb036-3577-4faa-bc21-664e9e322c6b.methylation_array.sesame.level3betas.txt","Illumina Human Methylation 450","TXT","12959266","TCGA-76-4927","TCGA-76-4927-01A","Primary Tumor"
"667a33c5-4244-436d-a762-5db8ed067e1a","f4e98d67-beac-481c-89fb-4c108221d792_noid_Red.idat","Illumina Human Methylation 27","IDAT","719559","TCGA-02-0027","TCGA-02-0027-01A","Primary Tumor"
"61fb8ff6-d494-4141-bfb5-2c4a7b17ef10","b8535f6c-eaf1-4259-9ab4-83ee93e14236_noid_Grn.idat","Illumina Human Methylation 27","IDAT","719550","TCGA-16-0849","TCGA-16-0849-01A","Primary Tumor"
"4d07d66a-894b-4a79-8ad0-8b130f2c4a3b","fd1009dc-9b57-490d-9d38-f10710c45d22.methylation_array.sesame.level3betas.txt","Illumina Human Methylation 450","TXT","12982814","TCGA-76-6285","TCGA-76-6285-01A","Primary Tumor"
"246a5344-76dd-436c-b5dc-390f2e08d438","172afb98-2b9b-4248-9b74-3fc87a42af22.methylation_array.sesame.level3betas.txt","Illumina Human Methylation 27","TXT","760953","TCGA-06-1087","TCGA-06-1087-01A","Primary Tumor"
"7a8c25a3-1a9b-4084-8e75-078cfc1fe356","fd1009dc-9b57-490d-9d38-f10710c45d22_noid_Red.idat","Illumina Human Methylation 450","IDAT","8091452","TCGA-76-6285","TCGA-76-6285-01A","Primary Tumor"
"9abf4273-ba81-4203-93dd-fcba5fd43a73","023fda04-970d-4324-97bc-117c6b5c591a_noid_Grn.idat","Illumina Human Methylation 27","IDAT","719554","TCGA-06-1805","TCGA-06-1805-01A","Primary Tumor"
"84571a26-d425-473e-b488-140a656e9dfb","df7315d6-f9a5-4370-9ae9-f5c35ae14022.methylation_array.sesame.level3betas.txt","Illumina Human Methylation 450","TXT","13168627","TCGA-19-0957","TCGA-19-0957-01C","Primary Tumor"
"516c0b0e-e391-43d1-9934-ff7a14f711ec","c8603c7f-341d-43df-a851-622a04a11661.methylation_array.sesame.level3betas.txt","Illumina Human Methylation 450","TXT","13205141","TCGA-06-1806","TCGA-06-1806-01A","Primary Tumor"
"869acc39-87f9-4921-abeb-100235e657ce","2f03645b-26dc-4f3a-a4f2-d716ef3b5e97.methylation_array.sesame.level3betas.txt","Illumina Human Methylation 27","TXT","776338","TCGA-14-2554","TCGA-14-2554-01A","Primary Tumor"
"ce5bef67-6cb2-4af2-ad2f-74ab89189ac3","1600711d-e218-45e0-8229-723c48103d43_noid_Grn.idat","Illumina Human Methylation 27","IDAT","719555","TCGA-06-1800","TCGA-06-1800-01A","Primary Tumor"
"71188b8b-e300-4cf6-b08a-94a2215e4428","1600711d-e218-45e0-8229-723c48103d43_noid_Red.idat","Illumina Human Methylation 27","IDAT","719555","TCGA-06-1800","TCGA-06-1800-01A","Primary Tumor"
"3092c3a2-d9b2-4175-a167-691418e011e8","8fb61be1-d7b8-4b41-8453-394593e81061_noid_Grn.idat","Illumina Human Methylation 27","IDAT","719556","TCGA-02-0009","TCGA-02-0009-01A","Primary Tumor"
"0efc3dd3-9627-4f02-b386-a63646b4dcbf","8fb61be1-d7b8-4b41-8453-394593e81061_noid_Red.idat","Illumina Human Methylation 27","IDAT","719556","TCGA-02-0009","TCGA-02-0009-01A","Primary Tumor"
"09763f94-f990-4b3f-8304-d3412a5aae7a","8fb61be1-d7b8-4b41-8453-394593e81061.methylation_array.sesame.level3betas.txt","Illumina Human Methylation 27","TXT","767170","TCGA-02-0009","TCGA-02-0009-01A","Primary Tumor"
"908a61c3-551f-44ab-b1b0-8b66436ddf22","2a610e1a-cd58-4612-9e6f-b8da2cef921f_noid_Grn.idat","Illumina Human Methylation 450","IDAT","8095267","TCGA-06-6697","TCGA-06-6697-01A","Primary Tumor"
"566009b5-b368-4ee1-9a3d-12b30027b85a","293acc99-d23a-4b70-980d-27d4f7dcfdf4.methylation_array.sesame.level3betas.txt","Illumina Human Methylation 450","TXT","12971777","TCGA-28-5216","TCGA-28-5216-01A","Primary Tumor"
"1d4542cc-5b4a-42f6-a4a6-2af993fbb5a9","6f1db8b9-e299-48a1-b1b9-001b8d4fe12d_noid_Red.idat","Illumina Human Methylation 27","IDAT","719554","TCGA-28-1746","TCGA-28-1746-01A","Primary Tumor"
"9fb67a8d-4586-45b1-b05a-2713637a632d","f9f6c95c-0397-40d0-9275-311d44aaf325.methylation_array.sesame.level3betas.txt","Illumina Human Methylation 27","TXT","771890","TCGA-14-0866","TCGA-14-0866-01B","Primary Tumor"
"39fd4d66-399a-4767-80d0-6505d6ddcdf7","1c208c99-b68a-4ae3-a6c9-5c64f58bbd64.methylation_array.sesame.level3betas.txt","Illumina Human Methylation 450","TXT","12958668","TCGA-28-2501","TCGA-28-2501-01A","Primary Tumor"
"02818447-69ba-4c82-881a-4ec4be9dfb33","33d9e25f-25a3-4c04-b11b-7b456095df41_noid_Red.idat","Illumina Human Methylation 27","IDAT","719558","TCGA-32-1982","TCGA-32-1982-01A","Primary Tumor"
"1eb1bc11-e71f-4bad-a346-6a4af5fc784c","1c208c99-b68a-4ae3-a6c9-5c64f58bbd64_noid_Red.idat","Illumina Human Methylation 450","IDAT","8091452","TCGA-28-2501","TCGA-28-2501-01A","Primary Tumor"
"0b17eb84-0cb2-443b-bba9-fbfe85c2f6bd","1c208c99-b68a-4ae3-a6c9-5c64f58bbd64_noid_Grn.idat","Illumina Human Methylation 450","IDAT","8091452","TCGA-28-2501","TCGA-28-2501-01A","Primary Tumor"
"e1efd97f-6c03-4678-947f-5d6c2186d5f7","23c18107-a9c2-48f8-93df-80f16e466086_noid_Grn.idat","Illumina Human Methylation 27","IDAT","719554","TCGA-02-2466","TCGA-02-2466-01A","Primary Tumor"
"584647d9-4e4e-454f-bf7d-93095d328d49","92d30dc0-ec99-4a9f-94f7-9984f45025a9.methylation_array.sesame.level3betas.txt","Illumina Human Methylation 450","TXT","13123456","TCGA-76-6282","TCGA-76-6282-01A","Primary Tumor"
"eeecdf32-6d46-44f4-b025-6ab1b638d910","6b62f7e7-f9d8-4dd6-889d-c28aba79ba45.methylation_array.sesame.level3betas.txt","Illumina Human Methylation 27","TXT","775406","TCGA-06-2565","TCGA-06-2565-01A","Primary Tumor"
"e388c393-123e-4618-a17a-3dc5e3f49316","6b62f7e7-f9d8-4dd6-889d-c28aba79ba45_noid_Grn.idat","Illumina Human Methylation 27","IDAT","719557","TCGA-06-2565","TCGA-06-2565-01A","Primary Tumor"
"00fec1b9-4d21-4b8f-a686-670da4a087f4","69073609-ccb9-4a39-859d-2f9d8dd3882f_noid_Grn.idat","Illumina Human Methylation 450","IDAT","8095285","TCGA-28-5214","TCGA-28-5214-01A","Primary Tumor"
"9e6b26b0-ea6f-4a39-ae53-6c1a6dfacf25","9daef1ae-dc9f-4690-b8d7-caf48d4aea4d_noid_Grn.idat","Illumina Human Methylation 450","IDAT","8095280","TCGA-12-5295","TCGA-12-5295-01A","Primary Tumor"
"605e1265-2ba6-4453-a762-02b6885bad0b","a881fef9-9884-4439-90ea-bd73fe3a7a68_noid_Grn.idat","Illumina Human Methylation 27","IDAT","719555","TCGA-32-2494","TCGA-32-2494-01A","Primary Tumor"
"43ff2ddb-41e4-4ff7-a740-e334df99d98d","a881fef9-9884-4439-90ea-bd73fe3a7a68_noid_Red.idat","Illumina Human Methylation 27","IDAT","719555","TCGA-32-2494","TCGA-32-2494-01A","Primary Tumor"
"f8856a8c-b0af-499a-b4df-fa60a0c15979","7dfdceca-a534-4849-87d4-10200d369000.methylation_array.sesame.level3betas.txt","Illumina Human Methylation 450","TXT","13069183","TCGA-28-5215","TCGA-28-5215-01A","Primary Tumor"
"f1e7fb5d-d59b-428f-90b5-f3d4cee06240","d56fad38-9097-4a49-bffb-b25a5da8841b_noid_Grn.idat","Illumina Human Methylation 27","IDAT","719558","TCGA-02-0064","TCGA-02-0064-01A","Primary Tumor"
"9fa43c55-8e91-4d3f-a634-a48424e25531","26f6e535-4298-4b4b-9390-5dc795f878f5_noid_Grn.idat","Illumina Human Methylation 27","IDAT","719555","TCGA-06-0939","TCGA-06-0939-01A","Primary Tumor"
"c128dee6-499f-426e-83bb-fa75158cb82e","65e67596-dc14-4bf8-8c18-11dadcc6fa92.methylation_array.sesame.level3betas.txt","Illumina Human Methylation 27","TXT","735700","TCGA-12-0820","TCGA-12-0820-01A","Primary Tumor"
"f3d3b241-60c0-4c78-9f6c-09406a61e78d","c74cf997-6734-4ab1-89f9-c78135ea6a52_noid_Grn.idat","Illumina Human Methylation 27","IDAT","719561","TCGA-02-0037","TCGA-02-0037-01A","Primary Tumor"
"a01fbd1e-2c85-4392-a824-662767b64d2a","00ac1bef-1474-4d34-97a0-1083f3a705a8_noid_Red.idat","Illumina Human Methylation 450","IDAT","8095301","TCGA-14-0736","TCGA-14-0736-01A","Primary Tumor"
"a9937ae2-bb4b-4132-9c0a-e02188594bec","00ac1bef-1474-4d34-97a0-1083f3a705a8.methylation_array.sesame.level3betas.txt","Illumina Human Methylation 450","TXT","13181381","TCGA-14-0736","TCGA-14-0736-01A","Primary Tumor"
"89215df8-a4e9-4575-ba8f-0f7726d1a6ca","7e16aeef-08af-4bd0-9fe4-412d307487a8_noid_Red.idat","Illumina Human Methylation 27","IDAT","719553","TCGA-14-0736","TCGA-14-0736-01A","Primary Tumor"
"219f0c19-bae5-46d3-b26d-3d0852c6c3d2","00ac1bef-1474-4d34-97a0-1083f3a705a8_noid_Grn.idat","Illumina Human Methylation 450","IDAT","8095301","TCGA-14-0736","TCGA-14-0736-01A","Primary Tumor"
"2872f3dd-d1de-448d-a576-a3473ecc3142","c20fbf44-c626-44cc-9546-bc6e3d68609c_noid_Grn.idat","Illumina Human Methylation 450","IDAT","8095268","TCGA-06-6693","TCGA-06-6693-01A","Primary Tumor"
"429d7b91-7968-4b37-87d8-44f4c8f78fbb","3dc800dc-249f-4dcd-ae87-c8af6b57ed2c_noid_Red.idat","Illumina Human Methylation 27","IDAT","719554","TCGA-06-2558","TCGA-06-2558-01A","Primary Tumor"
"646ba0d8-cd7a-438b-9909-f54dcc7ddecf","56e13c0d-4452-48e1-9929-11099e7d7648_noid_Grn.idat","Illumina Human Methylation 27","IDAT","719554","TCGA-06-2561","TCGA-06-2561-01A","Primary Tumor"
"c3875d34-fe74-4241-b67d-0797bb31a103","a126dc41-8dd0-4198-8d06-458e99e0f424.methylation_array.sesame.level3betas.txt","Illumina Human Methylation 450","TXT","13209131","TCGA-28-5211","TCGA-28-5211-01C","Primary Tumor"
"f82e4b61-4a3f-4d65-a829-1d9fe55d8803","531f3a73-5a24-4ca8-9dce-673c9bb28144.methylation_array.sesame.level3betas.txt","Illumina Human Methylation 450","TXT","12924949","TCGA-76-4932","TCGA-76-4932-01A","Primary Tumor"
"ef66da02-85b1-48dc-8a58-119625403fbf","531f3a73-5a24-4ca8-9dce-673c9bb28144_noid_Red.idat","Illumina Human Methylation 450","IDAT","8095285","TCGA-76-4932","TCGA-76-4932-01A","Primary Tumor"
"0af6845a-a17e-4bc3-af3d-a7e99308bddd","a5f3c2e6-fd73-41a3-a5cc-de0b7b5bbc3e.methylation_array.sesame.level3betas.txt","Illumina Human Methylation 27","TXT","775837","TCGA-06-2566","TCGA-06-2566-01A","Primary Tumor"
"96aaf6b3-48ca-49cc-94f6-42b28cbc2676","a5f3c2e6-fd73-41a3-a5cc-de0b7b5bbc3e_noid_Red.idat","Illumina Human Methylation 27","IDAT","719558","TCGA-06-2566","TCGA-06-2566-01A","Primary Tumor"
"e5bca791-59ce-484a-9ca5-945ef3a9cb0e","b12d8100-4c1d-45df-943e-3e7b83e6d047_noid_Red.idat","Illumina Human Methylation 27","IDAT","719553","TCGA-12-1094","TCGA-12-1094-01A","Primary Tumor"
"7a55ad6f-71de-4985-a781-9bc300eb5269","f9e10b85-70ee-4411-b126-a98e3bbd10ca_noid_Grn.idat","Illumina Human Methylation 27","IDAT","719549","TCGA-41-3392","TCGA-41-3392-01A","Primary Tumor"
"11fcfb2b-4f1e-4e75-9990-a5a17fdd2e09","081d1808-e239-43ff-82b6-cfd62aeddce3.methylation_array.sesame.level3betas.txt","Illumina Human Methylation 27","TXT","770605","TCGA-12-1090","TCGA-12-1090-01A","Primary Tumor"
"6a01d2e3-bb72-4712-a431-1765b4399ae1","f02a4142-3aaf-41e1-acbd-5a8833405b0a_noid_Grn.idat","Illumina Human Methylation 27","IDAT","719549","TCGA-12-3651","TCGA-12-3651-01A","Primary Tumor"
"6e248348-67be-4349-b796-4df7e419be08","3bad0876-b9c4-4172-9c46-fff00271a429.methylation_array.sesame.level3betas.txt","Illumina Human Methylation 27","TXT","776180","TCGA-27-1832","TCGA-27-1832-01A","Primary Tumor"
"b0e6e938-f5b8-4bde-8561-ccaee299e5e8","41badc95-1e62-4af4-ad19-fcfae9769d24_noid_Grn.idat","Illumina Human Methylation 450","IDAT","8095291","TCGA-28-5207","TCGA-28-5207-01A","Primary Tumor"
"35e5c0ba-894c-479b-bfa9-521029c41ab4","34cb5861-a5b9-4094-a564-ffd6476efc83_noid_Red.idat","Illumina Human Methylation 27","IDAT","719558","TCGA-02-0003","TCGA-02-0003-01A","Primary Tumor"
"a3662481-5b0c-4c48-a030-88372cc36ebd","776224d0-98cf-41cb-b23b-358da5b1b201_noid_Grn.idat","Illumina Human Methylation 27","IDAT","719554","TCGA-19-1786","TCGA-19-1786-01A","Primary Tumor"
"dfd4230c-9e04-4ef2-beb0-b78b17f02373","28c3cf31-1550-4060-bb7e-ba21576e8ac0.methylation_array.sesame.level3betas.txt","Illumina Human Methylation 450","TXT","13170721","TCGA-06-5412","TCGA-06-5412-01A","Primary Tumor"
"5a126902-3ad2-4ea4-9818-db4978da11bd","dca7d0c8-aa29-4c08-bae0-909cf62d44dd.methylation_array.sesame.level3betas.txt","Illumina Human Methylation 27","TXT","774227","TCGA-32-4210","TCGA-32-4210-01A","Primary Tumor"
"b3da7a92-00e6-4441-bda5-9442d23b9881","467d12d9-073d-4333-93f2-b29bb2b019e0_noid_Red.idat","Illumina Human Methylation 27","IDAT","719551","TCGA-12-0821","TCGA-12-0821-01A","Primary Tumor"
"3b8ce6ba-cf37-406c-8eff-e26e50296909","467d12d9-073d-4333-93f2-b29bb2b019e0.methylation_array.sesame.level3betas.txt","Illumina Human Methylation 27","TXT","769842","TCGA-12-0821","TCGA-12-0821-01A","Primary Tumor"
"3da6d873-85a7-4228-b547-d99d6ce7c53c","964c30a3-04ed-4939-bb00-2c28ca9c038b_noid_Red.idat","Illumina Human Methylation 27","IDAT","719554","TCGA-14-1825","TCGA-14-1825-01A","Primary Tumor"
"055c14bf-064f-43ec-a5f5-cf1724382b05","864ac16d-fb4d-4f58-903e-11a078bd31bb_noid_Red.idat","Illumina Human Methylation 27","IDAT","719549","TCGA-12-3646","TCGA-12-3646-01A","Primary Tumor"
"c4e0f589-e704-485c-a41a-b67d2028a2ee","d76097d6-1285-4d74-8e84-8593118cd6c2_noid_Grn.idat","Illumina Human Methylation 27","IDAT","719554","TCGA-06-2562","TCGA-06-2562-01A","Primary Tumor"
"7949867d-c548-4b2b-9a47-b416a8f79a7c","964c30a3-04ed-4939-bb00-2c28ca9c038b_noid_Grn.idat","Illumina Human Methylation 27","IDAT","719554","TCGA-14-1825","TCGA-14-1825-01A","Primary Tumor"
"ba05798a-0c84-4ed7-bf7d-478c82195b83","e7cc4b36-ad6d-453e-92d9-1f20fece199c_noid_Red.idat","Illumina Human Methylation 27","IDAT","719554","TCGA-14-1794","TCGA-14-1794-01A","Primary Tumor"
"c7cb7d55-389f-4955-973a-7ba18a035f44","be8358b8-ff17-4a2a-8a1d-3a16fab9c58f_noid_Grn.idat","Illumina Human Methylation 450","IDAT","8091452","TCGA-19-5952","TCGA-19-5952-01A","Primary Tumor"
"a1f330d5-190f-40e0-9bdf-e143c62d98f3","be8358b8-ff17-4a2a-8a1d-3a16fab9c58f_noid_Red.idat","Illumina Human Methylation 450","IDAT","8091452","TCGA-19-5952","TCGA-19-5952-01A","Primary Tumor"
"51f93d6e-34c8-4841-a0ab-3fc68a82176d","7a16a5a0-1940-4ce0-8aca-2c16e7431fb5.methylation_array.sesame.level3betas.txt","Illumina Human Methylation 450","TXT","13134127","TCGA-19-5950","TCGA-19-5950-01A","Primary Tumor"
"572cff1a-838a-4a69-b69c-66198af0d952","c88b6601-f03f-4a96-88d8-2d2b8e1467b6_noid_Red.idat","Illumina Human Methylation 450","IDAT","8095315","TCGA-06-A6S1","TCGA-06-A6S1-01A","Primary Tumor"
"087a40bc-6e04-463b-b5e6-bfe7396bad0d","7e801693-4ad6-487d-a6d5-e11cd4ba1f8d_noid_Grn.idat","Illumina Human Methylation 27","IDAT","719554","TCGA-26-1443","TCGA-26-1443-01A","Primary Tumor"
"19bdeec6-2798-49e6-9f91-3d1f6e8e0969","3d95092d-77d3-4704-9d6b-25e774e28713_noid_Red.idat","Illumina Human Methylation 450","IDAT","8091452","TCGA-87-5896","TCGA-87-5896-01A","Primary Tumor"
"ba6e831d-a05e-4433-8f99-961b3d14b8cf","9042d24e-dfd0-43d8-b9e1-0b0f6df7f51f_noid_Red.idat","Illumina Human Methylation 450","IDAT","8095268","TCGA-76-6283","TCGA-76-6283-01A","Primary Tumor"
"9aa59e10-cb0d-4be1-9c2b-a63813fc661d","f0ed4c71-d419-496a-8c53-a132f819060d_noid_Grn.idat","Illumina Human Methylation 27","IDAT","719554","TCGA-14-0812","TCGA-14-0812-01B","Primary Tumor"
"fae9a9e8-e355-469e-a287-1f18a42efd23","3fdcd39c-3cf8-42d0-b435-e88057f71d5f_noid_Red.idat","Illumina Human Methylation 27","IDAT","719553","TCGA-28-1760","TCGA-28-1760-01A","Primary Tumor"
"5722f154-7b4d-428c-a927-908187a20a91","591ceea0-4053-4683-ac11-ed0d725e1f65_noid_Red.idat","Illumina Human Methylation 27","IDAT","719556","TCGA-28-1749","TCGA-28-1749-01A","Primary Tumor"
"1c51e13e-b1e9-425a-a266-c3a779cc1d67","fb308234-c394-4086-8216-4aa82825ae4c_noid_Grn.idat","Illumina Human Methylation 27","IDAT","719553","TCGA-19-0955","TCGA-19-0955-01A","Primary Tumor"
"f7c70628-461f-42f3-a134-a7797f0a94b1","8e9cdd46-4bb7-47f3-bb79-d369166e1c3d_noid_Grn.idat","Illumina Human Methylation 27","IDAT","719554","TCGA-27-2518","TCGA-27-2518-01A","Primary Tumor"
"7e283121-4a5c-4ec2-b6fc-2f30142f7417","8e9cdd46-4bb7-47f3-bb79-d369166e1c3d.methylation_array.sesame.level3betas.txt","Illumina Human Methylation 27","TXT","776874","TCGA-27-2518","TCGA-27-2518-01A","Primary Tumor"
"d681aabc-9845-44fd-9ecd-758d08ec23fc","4de8ab15-d49a-42b5-80ec-ab0267de8a3b_noid_Grn.idat","Illumina Human Methylation 450","IDAT","8095293","TCGA-26-5139","TCGA-26-5139-01A","Primary Tumor"
"ac21afa0-1fd6-420d-8fd0-95a6ade0ac6a","eaf54b99-9fd4-4e53-ba2e-50ec28dcdc08.methylation_array.sesame.level3betas.txt","Illumina Human Methylation 450","TXT","12965419","TCGA-19-A60I","TCGA-19-A60I-01A","Primary Tumor"
"fd2f78ab-1c35-4cab-addc-177fc285f57f","eaf54b99-9fd4-4e53-ba2e-50ec28dcdc08_noid_Red.idat","Illumina Human Methylation 450","IDAT","8095320","TCGA-19-A60I","TCGA-19-A60I-01A","Primary Tumor"
"3be6f0e8-87d2-4d1d-8720-c645249c6516","eaf54b99-9fd4-4e53-ba2e-50ec28dcdc08_noid_Grn.idat","Illumina Human Methylation 450","IDAT","8095320","TCGA-19-A60I","TCGA-19-A60I-01A","Primary Tumor"
"4129c556-b1bf-45c9-bb3e-a7f8bbce7c11","f02a4142-3aaf-41e1-acbd-5a8833405b0a_noid_Red.idat","Illumina Human Methylation 27","IDAT","719549","TCGA-12-3651","TCGA-12-3651-01A","Primary Tumor"
"de79eacb-8779-4149-8b2d-67ca663a31a0","081d1808-e239-43ff-82b6-cfd62aeddce3_noid_Grn.idat","Illumina Human Methylation 27","IDAT","719553","TCGA-12-1090","TCGA-12-1090-01A","Primary Tumor"
"f879ddf3-7c1c-4eb4-a246-db75368aeed3","081d1808-e239-43ff-82b6-cfd62aeddce3_noid_Red.idat","Illumina Human Methylation 27","IDAT","719553","TCGA-12-1090","TCGA-12-1090-01A","Primary Tumor"
"851fa572-b952-4203-a307-d5d659bafd38","6ba0171b-46eb-43a3-80dd-c7a1eb13c5c3.methylation_array.sesame.level3betas.txt","Illumina Human Methylation 450","TXT","13163981","TCGA-06-5408","TCGA-06-5408-01A","Primary Tumor"
"b30dc292-016b-41af-8129-9893f0117ae0","3fe3c906-a666-4c24-84df-15ff2b2e28b4.methylation_array.sesame.level3betas.txt","Illumina Human Methylation 450","TXT","13026635","TCGA-28-5218","TCGA-28-5218-01A","Primary Tumor"
"4bb7c959-f8de-469c-8c53-fc95c084c485","09cb404b-1e46-4fc4-9fe7-39fefb4320ec_noid_Grn.idat","Illumina Human Methylation 450","IDAT","8091452","TCGA-32-1980","TCGA-32-1980-01A","Primary Tumor"
"bc1f3de8-e566-4edc-ab9b-70cdb0de7802","09cb404b-1e46-4fc4-9fe7-39fefb4320ec.methylation_array.sesame.level3betas.txt","Illumina Human Methylation 450","TXT","13085226","TCGA-32-1980","TCGA-32-1980-01A","Primary Tumor"
"9a3c3cee-9bb1-4897-bcfa-322e7e51c4e2","34cb5861-a5b9-4094-a564-ffd6476efc83.methylation_array.sesame.level3betas.txt","Illumina Human Methylation 27","TXT","739151","TCGA-02-0003","TCGA-02-0003-01A","Primary Tumor"
"09f52546-f358-4bdc-8987-6283035535ca","34cb5861-a5b9-4094-a564-ffd6476efc83_noid_Grn.idat","Illumina Human Methylation 27","IDAT","719558","TCGA-02-0003","TCGA-02-0003-01A","Primary Tumor"
"e94b9df1-5668-40aa-acaa-a2e7aef967ab","28c3cf31-1550-4060-bb7e-ba21576e8ac0_noid_Red.idat","Illumina Human Methylation 450","IDAT","8091452","TCGA-06-5412","TCGA-06-5412-01A","Primary Tumor"
"bd1008d3-9097-4b9c-a21f-676c673f684b","f0e4757f-0ac1-4ee8-bc77-43ed6f614bf5_noid_Grn.idat","Illumina Human Methylation 27","IDAT","719549","TCGA-19-2629","TCGA-19-2629-01A","Primary Tumor"
"d4b2480f-45f1-4f4d-9f12-47120f167e63","f0e4757f-0ac1-4ee8-bc77-43ed6f614bf5.methylation_array.sesame.level3betas.txt","Illumina Human Methylation 27","TXT","763042","TCGA-19-2629","TCGA-19-2629-01A","Primary Tumor"
"62e6473d-0326-4b3c-b34d-56706b4b269d","dca7d0c8-aa29-4c08-bae0-909cf62d44dd_noid_Red.idat","Illumina Human Methylation 27","IDAT","719556","TCGA-32-4210","TCGA-32-4210-01A","Primary Tumor"
"4a800651-11d4-4d3e-9567-b3412fda3f74","864ac16d-fb4d-4f58-903e-11a078bd31bb.methylation_array.sesame.level3betas.txt","Illumina Human Methylation 27","TXT","767051","TCGA-12-3646","TCGA-12-3646-01A","Primary Tumor"
"2ce2ce14-8df7-49b3-be1c-880574e4eefe","3b0175aa-907d-4e38-ba14-01a4861f1ff9_noid_Grn.idat","Illumina Human Methylation 27","IDAT","719556","TCGA-19-4068","TCGA-19-4068-01A","Primary Tumor"
"7e1ef4cb-7f3f-40f0-b13c-b0c796193707","3b0175aa-907d-4e38-ba14-01a4861f1ff9_noid_Red.idat","Illumina Human Methylation 27","IDAT","719556","TCGA-19-4068","TCGA-19-4068-01A","Primary Tumor"
"f79e72f3-2eaa-4dac-bf56-387afc9bb57c","3d95092d-77d3-4704-9d6b-25e774e28713_noid_Grn.idat","Illumina Human Methylation 450","IDAT","8091452","TCGA-87-5896","TCGA-87-5896-01A","Primary Tumor"
"b6907c8c-c8ce-45ef-9688-2ce922208536","3d95092d-77d3-4704-9d6b-25e774e28713.methylation_array.sesame.level3betas.txt","Illumina Human Methylation 450","TXT","13108885","TCGA-87-5896","TCGA-87-5896-01A","Primary Tumor"
"827d6053-0c90-40e6-b14d-3955401d6da5","9042d24e-dfd0-43d8-b9e1-0b0f6df7f51f.methylation_array.sesame.level3betas.txt","Illumina Human Methylation 450","TXT","13198911","TCGA-76-6283","TCGA-76-6283-01A","Primary Tumor"
"25ff33a0-9be4-43a9-9054-71149a71c33e","ae9d7e08-35e8-49c8-b378-1d706847ef9b_noid_Grn.idat","Illumina Human Methylation 27","IDAT","719561","TCGA-06-0169","TCGA-06-0169-01A","Primary Tumor"
"08222d92-50b2-4ad7-938c-17b6e249e8e0","a424b122-51ee-4e63-8cec-ec102779d467_noid_Grn.idat","Illumina Human Methylation 27","IDAT","719553","TCGA-12-0827","TCGA-12-0827-01A","Primary Tumor"
"e6b08234-c22e-4762-85dc-380684d2e947","f9f6c95c-0397-40d0-9275-311d44aaf325_noid_Grn.idat","Illumina Human Methylation 27","IDAT","719554","TCGA-14-0866","TCGA-14-0866-01B","Primary Tumor"
"48e6ea3e-ea9b-42fb-9b7d-a7a4648519ac","739934e1-6e74-4813-8d78-c1b78127ac5c_noid_Red.idat","Illumina Human Methylation 27","IDAT","719554","TCGA-06-2570","TCGA-06-2570-01A","Primary Tumor"
"3a49a775-5f6d-4abd-ba61-1fd29c961f0a","33d9e25f-25a3-4c04-b11b-7b456095df41_noid_Grn.idat","Illumina Human Methylation 27","IDAT","719558","TCGA-32-1982","TCGA-32-1982-01A","Primary Tumor"
"d2bb819d-4c38-4f0c-b0ac-e026af469831","5d205c95-9fd5-48a7-bbe4-6b70dcf5ecab_noid_Grn.idat","Illumina Human Methylation 27","IDAT","719553","TCGA-06-0876","TCGA-06-0876-01A","Primary Tumor"
"020eb43b-9957-4641-91e8-69977727f3a2","33d9e25f-25a3-4c04-b11b-7b456095df41.methylation_array.sesame.level3betas.txt","Illumina Human Methylation 27","TXT","775783","TCGA-32-1982","TCGA-32-1982-01A","Primary Tumor"
"2663b8bd-7b9e-4629-a2ae-ce4f00f4e92d","23c18107-a9c2-48f8-93df-80f16e466086.methylation_array.sesame.level3betas.txt","Illumina Human Methylation 27","TXT","778049","TCGA-02-2466","TCGA-02-2466-01A","Primary Tumor"
"60c70d78-f00c-449d-8ad5-167b45330450","8ac42e0b-b119-4d52-9d96-ee3880d00a64_noid_Red.idat","Illumina Human Methylation 27","IDAT","719554","TCGA-06-2559","TCGA-06-2559-01A","Primary Tumor"
"62416bba-cada-4a94-a354-390d648b1c38","23c18107-a9c2-48f8-93df-80f16e466086_noid_Red.idat","Illumina Human Methylation 27","IDAT","719554","TCGA-02-2466","TCGA-02-2466-01A","Primary Tumor"
"2f8d7db5-0bac-48bc-9cc8-487dffba02b2","92d30dc0-ec99-4a9f-94f7-9984f45025a9_noid_Red.idat","Illumina Human Methylation 450","IDAT","8091452","TCGA-76-6282","TCGA-76-6282-01A","Primary Tumor"
"b59fc890-fe1b-45f8-b744-24a5e801340f","8ac42e0b-b119-4d52-9d96-ee3880d00a64.methylation_array.sesame.level3betas.txt","Illumina Human Methylation 27","TXT","776579","TCGA-06-2559","TCGA-06-2559-01A","Primary Tumor"
"87c278ec-4247-4707-ad4d-264fe89a20b6","8ac42e0b-b119-4d52-9d96-ee3880d00a64_noid_Grn.idat","Illumina Human Methylation 27","IDAT","719554","TCGA-06-2559","TCGA-06-2559-01A","Primary Tumor"
"cacd15af-075f-4d2f-997f-0710b78d7213","69073609-ccb9-4a39-859d-2f9d8dd3882f.methylation_array.sesame.level3betas.txt","Illumina Human Methylation 450","TXT","13008525","TCGA-28-5214","TCGA-28-5214-01A","Primary Tumor"
"a94117de-73f6-4e36-a42c-ee14b64a68ad","a881fef9-9884-4439-90ea-bd73fe3a7a68.methylation_array.sesame.level3betas.txt","Illumina Human Methylation 27","TXT","774484","TCGA-32-2494","TCGA-32-2494-01A","Primary Tumor"
"fb15b57b-a38c-47cd-9930-a0fe6e5faa16","7e2036b6-2000-4fe3-aead-4a63b689db81.methylation_array.sesame.level3betas.txt","Illumina Human Methylation 27","TXT","766147","TCGA-14-0813","TCGA-14-0813-01A","Primary Tumor"
"e4be7daf-6f84-4e98-be26-056c08530c2b","7e2036b6-2000-4fe3-aead-4a63b689db81_noid_Red.idat","Illumina Human Methylation 27","IDAT","719553","TCGA-14-0813","TCGA-14-0813-01A","Primary Tumor"
"54f7d127-5693-42a6-bb8d-35a8e655afe0","7e2036b6-2000-4fe3-aead-4a63b689db81_noid_Grn.idat","Illumina Human Methylation 27","IDAT","719553","TCGA-14-0813","TCGA-14-0813-01A","Primary Tumor"
"67a51816-3c84-49e0-9e0d-a411ac42a111","733beb24-62f6-47e3-a446-603dadb8a844.methylation_array.sesame.level3betas.txt","Illumina Human Methylation 27","TXT","760524","TCGA-02-0115","TCGA-02-0115-01A","Primary Tumor"
"ab8abd1b-ec2a-4a97-80f0-5559bc90a850","733beb24-62f6-47e3-a446-603dadb8a844_noid_Grn.idat","Illumina Human Methylation 27","IDAT","719557","TCGA-02-0115","TCGA-02-0115-01A","Primary Tumor"
"fb3a6168-dd7e-4c30-8841-4bd0a0086a63","7dfdceca-a534-4849-87d4-10200d369000_noid_Grn.idat","Illumina Human Methylation 450","IDAT","8095277","TCGA-28-5215","TCGA-28-5215-01A","Primary Tumor"
"35079210-1f93-4dc8-9b1e-d588315bd16d","7dfdceca-a534-4849-87d4-10200d369000_noid_Red.idat","Illumina Human Methylation 450","IDAT","8095277","TCGA-28-5215","TCGA-28-5215-01A","Primary Tumor"
"a110296d-d25c-4b2f-a9fa-63f805505c8e","33acc379-2bf1-4217-a03f-a134e14973d3_noid_Red.idat","Illumina Human Methylation 450","IDAT","8091452","TCGA-06-5858","TCGA-06-5858-01A","Primary Tumor"
"2c11de41-720b-4f9f-af5b-ceb2458269b0","33acc379-2bf1-4217-a03f-a134e14973d3.methylation_array.sesame.level3betas.txt","Illumina Human Methylation 450","TXT","13158195","TCGA-06-5858","TCGA-06-5858-01A","Primary Tumor"
"e691335f-db11-4a50-9f30-186fb758f69d","65e67596-dc14-4bf8-8c18-11dadcc6fa92_noid_Red.idat","Illumina Human Methylation 27","IDAT","719552","TCGA-12-0820","TCGA-12-0820-01A","Primary Tumor"
"d1dc9c40-0591-4e62-9fe2-579031835344","c74cf997-6734-4ab1-89f9-c78135ea6a52_noid_Red.idat","Illumina Human Methylation 27","IDAT","719561","TCGA-02-0037","TCGA-02-0037-01A","Primary Tumor"
"aaed4034-41cd-4eed-9b94-091fea223d7a","c74cf997-6734-4ab1-89f9-c78135ea6a52.methylation_array.sesame.level3betas.txt","Illumina Human Methylation 27","TXT","766413","TCGA-02-0037","TCGA-02-0037-01A","Primary Tumor"
"d1a31966-a3f8-403d-bfae-61897b627415","7e16aeef-08af-4bd0-9fe4-412d307487a8.methylation_array.sesame.level3betas.txt","Illumina Human Methylation 27","TXT","769801","TCGA-14-0736","TCGA-14-0736-01A","Primary Tumor"
"f91f2ac2-9e50-40e6-855c-39a3e5f9b93e","fdf9aeee-f886-42af-a9d0-dffb5f3383ae.methylation_array.sesame.level3betas.txt","Illumina Human Methylation 450","TXT","12942908","TCGA-76-4934","TCGA-76-4934-01A","Primary Tumor"
"b80018ac-a95b-42d1-a5bf-ee2de071ae12","c20fbf44-c626-44cc-9546-bc6e3d68609c_noid_Red.idat","Illumina Human Methylation 450","IDAT","8095268","TCGA-06-6693","TCGA-06-6693-01A","Primary Tumor"
"68553882-8b92-4858-a1f9-d0de2d3f4dd3","a126dc41-8dd0-4198-8d06-458e99e0f424_noid_Grn.idat","Illumina Human Methylation 450","IDAT","8095264","TCGA-28-5211","TCGA-28-5211-01C","Primary Tumor"
"b63e0f3f-231c-4ecd-a131-1d2300365818","a126dc41-8dd0-4198-8d06-458e99e0f424_noid_Red.idat","Illumina Human Methylation 450","IDAT","8095264","TCGA-28-5211","TCGA-28-5211-01C","Primary Tumor"
"dca1fa1a-8e05-486b-9716-32b4c990031a","531f3a73-5a24-4ca8-9dce-673c9bb28144_noid_Grn.idat","Illumina Human Methylation 450","IDAT","8095285","TCGA-76-4932","TCGA-76-4932-01A","Primary Tumor"
"222a1e15-cb21-428a-b4cf-07b87174bf29","4de8ab15-d49a-42b5-80ec-ab0267de8a3b.methylation_array.sesame.level3betas.txt","Illumina Human Methylation 450","TXT","12925772","TCGA-26-5139","TCGA-26-5139-01A","Primary Tumor"
"b4f6e8ed-88b4-4c88-987b-c0f23252271d","a5f3c2e6-fd73-41a3-a5cc-de0b7b5bbc3e_noid_Grn.idat","Illumina Human Methylation 27","IDAT","719558","TCGA-06-2566","TCGA-06-2566-01A","Primary Tumor"
"d6f9bda2-ebca-41b2-90a2-9d80f8bd19e4","6f17c576-f929-4b61-be3b-25c32775dc82_noid_Grn.idat","Illumina Human Methylation 27","IDAT","719556","TCGA-19-1790","TCGA-19-1790-01B","Primary Tumor"
"eddd75c6-218d-4e81-927b-ce772e665ac4","b12d8100-4c1d-45df-943e-3e7b83e6d047.methylation_array.sesame.level3betas.txt","Illumina Human Methylation 27","TXT","757757","TCGA-12-1094","TCGA-12-1094-01A","Primary Tumor"
"81f1cf16-dd34-42b5-8430-9692551a0a2a","6f17c576-f929-4b61-be3b-25c32775dc82.methylation_array.sesame.level3betas.txt","Illumina Human Methylation 27","TXT","769519","TCGA-19-1790","TCGA-19-1790-01B","Primary Tumor"
"55691b69-57c2-4866-a099-541373e369e8","f02a4142-3aaf-41e1-acbd-5a8833405b0a.methylation_array.sesame.level3betas.txt","Illumina Human Methylation 27","TXT","765722","TCGA-12-3651","TCGA-12-3651-01A","Primary Tumor"
"591b77fe-74ac-47c1-a8c7-e0f90671d14a","20dde4f5-7232-4fe5-979f-ace5a73286c9_noid_Red.idat","Illumina Human Methylation 450","IDAT","8091452","TCGA-06-6389","TCGA-06-6389-01A","Primary Tumor"
"6b306ab9-540a-49c7-896c-acb1107166c3","20dde4f5-7232-4fe5-979f-ace5a73286c9.methylation_array.sesame.level3betas.txt","Illumina Human Methylation 450","TXT","13120179","TCGA-06-6389","TCGA-06-6389-01A","Primary Tumor"
"28ab6688-1418-4491-82af-538257dbb9d4","3fe3c906-a666-4c24-84df-15ff2b2e28b4_noid_Red.idat","Illumina Human Methylation 450","IDAT","8095281","TCGA-28-5218","TCGA-28-5218-01A","Primary Tumor"
"e64cf8b8-149f-4ef5-bd34-698aacfcf672","3bad0876-b9c4-4172-9c46-fff00271a429_noid_Grn.idat","Illumina Human Methylation 27","IDAT","719554","TCGA-27-1832","TCGA-27-1832-01A","Primary Tumor"
"791f23ee-168b-43ca-9e49-f7e8a3dde6b1","776224d0-98cf-41cb-b23b-358da5b1b201.methylation_array.sesame.level3betas.txt","Illumina Human Methylation 27","TXT","779777","TCGA-19-1786","TCGA-19-1786-01A","Primary Tumor"
"5597b426-5001-4aa4-bccd-2d4a997874e0","2e5d66ed-baea-42e1-86af-6089d2d9242a_noid_Grn.idat","Illumina Human Methylation 27","IDAT","719554","TCGA-12-0828","TCGA-12-0828-01A","Primary Tumor"
"6872e817-7cd9-4593-a079-bb5e35454792","776224d0-98cf-41cb-b23b-358da5b1b201_noid_Red.idat","Illumina Human Methylation 27","IDAT","719554","TCGA-19-1786","TCGA-19-1786-01A","Primary Tumor"
"6589f102-388f-46e7-ac62-20867bd428fc","2e5d66ed-baea-42e1-86af-6089d2d9242a_noid_Red.idat","Illumina Human Methylation 27","IDAT","719554","TCGA-12-0828","TCGA-12-0828-01A","Primary Tumor"
"991bc28e-61bf-4812-98b0-9bf2d3318dbf","f0e4757f-0ac1-4ee8-bc77-43ed6f614bf5_noid_Red.idat","Illumina Human Methylation 27","IDAT","719549","TCGA-19-2629","TCGA-19-2629-01A","Primary Tumor"
"20526805-d0f8-4b84-9a2e-296429c6d195","2e5d66ed-baea-42e1-86af-6089d2d9242a.methylation_array.sesame.level3betas.txt","Illumina Human Methylation 27","TXT","766976","TCGA-12-0828","TCGA-12-0828-01A","Primary Tumor"
"d083682a-a771-41b4-b5df-cb49f5ed4890","dca7d0c8-aa29-4c08-bae0-909cf62d44dd_noid_Grn.idat","Illumina Human Methylation 27","IDAT","719556","TCGA-32-4210","TCGA-32-4210-01A","Primary Tumor"
"c848d3ed-13a4-4152-8124-ad737044f488","5cf01ba2-4385-426b-ba70-5cb6869ee782_noid_Red.idat","Illumina Human Methylation 450","IDAT","8095283","TCGA-76-4928","TCGA-76-4928-01B","Primary Tumor"
"9ac3dcf0-f163-4a05-9796-15ccaf87a161","c5343441-106b-4888-85f7-b08b97e1cc35.methylation_array.sesame.level3betas.txt","Illumina Human Methylation 450","TXT","13014919","TCGA-32-5222","TCGA-32-5222-01A","Primary Tumor"
"b855e3b2-f5bf-4dc9-9084-f45d18b6571d","467d12d9-073d-4333-93f2-b29bb2b019e0_noid_Grn.idat","Illumina Human Methylation 27","IDAT","719551","TCGA-12-0821","TCGA-12-0821-01A","Primary Tumor"
"beaee48f-1d4e-478a-a353-d07c6f1bcfe7","c5343441-106b-4888-85f7-b08b97e1cc35_noid_Grn.idat","Illumina Human Methylation 450","IDAT","8095293","TCGA-32-5222","TCGA-32-5222-01A","Primary Tumor"
"fdee3ab0-ad69-47d2-8b65-22a1a4e1b849","5cf01ba2-4385-426b-ba70-5cb6869ee782.methylation_array.sesame.level3betas.txt","Illumina Human Methylation 450","TXT","13000856","TCGA-76-4928","TCGA-76-4928-01B","Primary Tumor"
"195a1fcb-372f-4fc6-abbc-23a82f2e2a2d","e7cc4b36-ad6d-453e-92d9-1f20fece199c.methylation_array.sesame.level3betas.txt","Illumina Human Methylation 27","TXT","772168","TCGA-14-1794","TCGA-14-1794-01A","Primary Tumor"
"4b22399c-ef86-4aae-b5cf-fac688a7c5a2","e7cc4b36-ad6d-453e-92d9-1f20fece199c_noid_Grn.idat","Illumina Human Methylation 27","IDAT","719554","TCGA-14-1794","TCGA-14-1794-01A","Primary Tumor"
"406239b0-2fcb-45bd-b317-1db4b3f6bb64","864ac16d-fb4d-4f58-903e-11a078bd31bb_noid_Grn.idat","Illumina Human Methylation 27","IDAT","719549","TCGA-12-3646","TCGA-12-3646-01A","Primary Tumor"
"356ca1b9-040c-40a2-b537-4042d84a6137","5fe8175c-41ca-4884-ab3d-05fad5fd4e3e_noid_Red.idat","Illumina Human Methylation 27","IDAT","719557","TCGA-28-2506","TCGA-28-2506-01A","Primary Tumor"
"fcf2b683-eff9-4ea7-bba0-3af12388bd5c","d76097d6-1285-4d74-8e84-8593118cd6c2_noid_Red.idat","Illumina Human Methylation 27","IDAT","719554","TCGA-06-2562","TCGA-06-2562-01A","Primary Tumor"
"c9ecff59-edc7-407e-a5ae-52bfc9cf8cb0","5fe8175c-41ca-4884-ab3d-05fad5fd4e3e.methylation_array.sesame.level3betas.txt","Illumina Human Methylation 27","TXT","775762","TCGA-28-2506","TCGA-28-2506-01A","Primary Tumor"
"d257bb06-d4f6-471b-a93e-9d1980d3def8","d76097d6-1285-4d74-8e84-8593118cd6c2.methylation_array.sesame.level3betas.txt","Illumina Human Methylation 27","TXT","774061","TCGA-06-2562","TCGA-06-2562-01A","Primary Tumor"
"870f30b1-d880-49cb-af89-edef5b06cb85","c88b6601-f03f-4a96-88d8-2d2b8e1467b6_noid_Grn.idat","Illumina Human Methylation 450","IDAT","8095315","TCGA-06-A6S1","TCGA-06-A6S1-01A","Primary Tumor"
"b55ce0b8-3863-4334-9718-deaee261aed9","7a16a5a0-1940-4ce0-8aca-2c16e7431fb5_noid_Grn.idat","Illumina Human Methylation 450","IDAT","8091452","TCGA-19-5950","TCGA-19-5950-01A","Primary Tumor"
"bc3db750-17f4-4b86-afa1-65eb392a6393","3b0175aa-907d-4e38-ba14-01a4861f1ff9.methylation_array.sesame.level3betas.txt","Illumina Human Methylation 27","TXT","773911","TCGA-19-4068","TCGA-19-4068-01A","Primary Tumor"
"930f92d8-c148-48dd-a312-3fe66cdf3945","7e801693-4ad6-487d-a6d5-e11cd4ba1f8d_noid_Red.idat","Illumina Human Methylation 27","IDAT","719554","TCGA-26-1443","TCGA-26-1443-01A","Primary Tumor"
"19ba6dc0-c2b7-4454-b405-bb1a8a85d965","7e801693-4ad6-487d-a6d5-e11cd4ba1f8d.methylation_array.sesame.level3betas.txt","Illumina Human Methylation 27","TXT","757350","TCGA-26-1443","TCGA-26-1443-01A","Primary Tumor"
"31d2d8a1-78a2-4013-bb03-3896ecddbd36","9042d24e-dfd0-43d8-b9e1-0b0f6df7f51f_noid_Grn.idat","Illumina Human Methylation 450","IDAT","8095268","TCGA-76-6283","TCGA-76-6283-01A","Primary Tumor"
"9e6a6612-e675-4065-9e0a-41b170194270","f0ed4c71-d419-496a-8c53-a132f819060d_noid_Red.idat","Illumina Human Methylation 27","IDAT","719554","TCGA-14-0812","TCGA-14-0812-01B","Primary Tumor"
"1b2c9890-ef84-41f1-8acd-6c9529324ca8","ac812b62-e75b-4d68-8759-84717ec79000_noid_Red.idat","Illumina Human Methylation 450","IDAT","8095268","TCGA-14-1450","TCGA-14-1450-01B","Primary Tumor"
"04fcef2c-55eb-4483-b44e-02f15e181b17","ae9d7e08-35e8-49c8-b378-1d706847ef9b_noid_Red.idat","Illumina Human Methylation 27","IDAT","719561","TCGA-06-0169","TCGA-06-0169-01A","Primary Tumor"
"c53f865d-638e-4e74-a91e-a29421200051","a424b122-51ee-4e63-8cec-ec102779d467.methylation_array.sesame.level3betas.txt","Illumina Human Methylation 27","TXT","765257","TCGA-12-0827","TCGA-12-0827-01A","Primary Tumor"
"4b8767ca-18ad-4c58-9a68-02568969a7ba","3fdcd39c-3cf8-42d0-b435-e88057f71d5f_noid_Grn.idat","Illumina Human Methylation 27","IDAT","719553","TCGA-28-1760","TCGA-28-1760-01A","Primary Tumor"
"26db5b8a-8f35-4c46-a13a-c21f162a5f83","a2c33ee2-3852-40ee-8142-9137c9b45e98_noid_Red.idat","Illumina Human Methylation 450","IDAT","8091452","TCGA-06-5856","TCGA-06-5856-01A","Primary Tumor"
"470fca65-ebfd-4654-b4f4-24770afda8d9","a2c33ee2-3852-40ee-8142-9137c9b45e98_noid_Grn.idat","Illumina Human Methylation 450","IDAT","8091452","TCGA-06-5856","TCGA-06-5856-01A","Primary Tumor"
"c2699f9b-d636-4781-8560-6e8c44e0f0be","a2c33ee2-3852-40ee-8142-9137c9b45e98.methylation_array.sesame.level3betas.txt","Illumina Human Methylation 450","TXT","13138449","TCGA-06-5856","TCGA-06-5856-01A","Primary Tumor"
"6958c7ce-4235-496e-b38d-8f11e737ebca","03cb3c09-96e4-4e0b-a5cf-0b8bd3448c7c_noid_Red.idat","Illumina Human Methylation 27","IDAT","719554","TCGA-19-1386","TCGA-19-1386-01A","Primary Tumor"
"03dbacaa-57cb-436e-b093-8f0d2dc33b27","ebe5be32-1178-4191-89e3-28d19652e889.methylation_array.sesame.level3betas.txt","Illumina Human Methylation 450","TXT","12758815","TCGA-4W-AA9R","TCGA-4W-AA9R-01A","Primary Tumor"
"c3f0b1b1-a7e2-4928-b0ce-46a0c8a86c96","d1497e1a-0a36-4944-8ca9-1dfadce29cfe_noid_Red.idat","Illumina Human Methylation 27","IDAT","719557","TCGA-02-0033","TCGA-02-0033-01A","Primary Tumor"
"26d3c26a-ebab-4820-a9f4-beb8e4d388ee","148ff983-90ae-43e0-a853-baec1db4ef64_noid_Red.idat","Illumina Human Methylation 450","IDAT","8095307","TCGA-06-0152","TCGA-06-0152-01A","Primary Tumor"
"21fa4f88-5cb5-4036-9622-61b9c0e4d272","148ff983-90ae-43e0-a853-baec1db4ef64_noid_Grn.idat","Illumina Human Methylation 450","IDAT","8095307","TCGA-06-0152","TCGA-06-0152-01A","Primary Tumor"
"e0209398-994c-47b8-b1ae-fc5114f036df","d1497e1a-0a36-4944-8ca9-1dfadce29cfe.methylation_array.sesame.level3betas.txt","Illumina Human Methylation 27","TXT","770834","TCGA-02-0033","TCGA-02-0033-01A","Primary Tumor"
"7d8bf9b6-75da-4038-9cc5-6bda269f09d9","a9c1a124-1cee-4c99-9ba4-bd00310914c1.methylation_array.sesame.level3betas.txt","Illumina Human Methylation 27","TXT","764938","TCGA-02-0038","TCGA-02-0038-01A","Primary Tumor"
"b4780d73-6e82-4e47-a885-40677e43ea12","a9c1a124-1cee-4c99-9ba4-bd00310914c1_noid_Red.idat","Illumina Human Methylation 27","IDAT","719556","TCGA-02-0038","TCGA-02-0038-01A","Primary Tumor"
"4fe57c77-9255-435a-b2a6-ef721171966e","148ff983-90ae-43e0-a853-baec1db4ef64.methylation_array.sesame.level3betas.txt","Illumina Human Methylation 450","TXT","13166051","TCGA-06-0152","TCGA-06-0152-01A","Primary Tumor"
"9bdfd33f-cd70-485f-adf9-dd6cf2cf55d3","815656be-bb86-43ba-afb3-c4c67c831b47_noid_Grn.idat","Illumina Human Methylation 27","IDAT","719551","TCGA-12-0826","TCGA-12-0826-01A","Primary Tumor"
"afa6e2e8-c991-4e23-8fd8-42f5b609c826","815656be-bb86-43ba-afb3-c4c67c831b47_noid_Red.idat","Illumina Human Methylation 27","IDAT","719551","TCGA-12-0826","TCGA-12-0826-01A","Primary Tumor"
"b76e73eb-e15a-4f57-9106-d20d99eec03c","b66f7147-0316-4339-b6c5-b6da4f0b6689_noid_Red.idat","Illumina Human Methylation 27","IDAT","719557","TCGA-06-2563","TCGA-06-2563-01A","Primary Tumor"
"5d44b096-ccd5-4593-83e1-ebd352b45ca0","b66f7147-0316-4339-b6c5-b6da4f0b6689.methylation_array.sesame.level3betas.txt","Illumina Human Methylation 27","TXT","775860","TCGA-06-2563","TCGA-06-2563-01A","Primary Tumor"
"036686d4-3b39-44fa-9721-635c958202a7","6abd70ff-6455-4c0b-8d34-53b946ef17e5_noid_Grn.idat","Illumina Human Methylation 27","IDAT","719557","TCGA-27-1837","TCGA-27-1837-01A","Primary Tumor"
"e701f988-1747-4828-853b-35ed242a6d6d","6abd70ff-6455-4c0b-8d34-53b946ef17e5_noid_Red.idat","Illumina Human Methylation 27","IDAT","719557","TCGA-27-1837","TCGA-27-1837-01A","Primary Tumor"
"fb478f60-4f1c-4280-bcf1-150bb149b11b","6abd70ff-6455-4c0b-8d34-53b946ef17e5.methylation_array.sesame.level3betas.txt","Illumina Human Methylation 27","TXT","777431","TCGA-27-1837","TCGA-27-1837-01A","Primary Tumor"
"2927a828-9630-4bd7-a334-e6cd318d3540","f2932643-c60f-46dc-ac26-9357263984e3.methylation_array.sesame.level3betas.txt","Illumina Human Methylation 27","TXT","762511","TCGA-19-2625","TCGA-19-2625-01A","Primary Tumor"
"c2fdbacb-02eb-44af-b580-ec523f857a0f","f2932643-c60f-46dc-ac26-9357263984e3_noid_Grn.idat","Illumina Human Methylation 27","IDAT","719549","TCGA-19-2625","TCGA-19-2625-01A","Primary Tumor"
"79dc845f-1db1-4445-8123-90ca129e4301","f2932643-c60f-46dc-ac26-9357263984e3_noid_Red.idat","Illumina Human Methylation 27","IDAT","719549","TCGA-19-2625","TCGA-19-2625-01A","Primary Tumor"
"111a6cea-9839-47f1-9aa6-38b050813c60","a22178fe-b344-4630-b0e9-719c8f1fd98b_noid_Grn.idat","Illumina Human Methylation 27","IDAT","719552","TCGA-12-3644","TCGA-12-3644-01A","Primary Tumor"
"6b1e6f44-4215-4971-acc0-7f938174dba7","a22178fe-b344-4630-b0e9-719c8f1fd98b_noid_Red.idat","Illumina Human Methylation 27","IDAT","719552","TCGA-12-3644","TCGA-12-3644-01A","Primary Tumor"
"dd247687-2458-405a-bbad-3f1ac9157d60","a16cfaae-dc96-4898-b9ea-40eff1b37faa_noid_Red.idat","Illumina Human Methylation 27","IDAT","719554","TCGA-12-1097","TCGA-12-1097-01B","Primary Tumor"
"0b23b5e2-d862-4d83-aa30-f0e238926a5a","b23f31a7-0a1b-45f9-97b6-1a81cf991ffe_noid_Grn.idat","Illumina Human Methylation 27","IDAT","719554","TCGA-14-1402","TCGA-14-1402-01A","Primary Tumor"
"509774ac-7f35-46bc-820d-eaddc3c74f1c","91646d54-fef6-445e-983a-9172380f5b85_noid_Red.idat","Illumina Human Methylation 450","IDAT","8095302","TCGA-14-1402","TCGA-14-1402-01A","Primary Tumor"
"60304060-463c-4678-bf3f-93dbd93a8e29","6485c6fd-7019-4254-a095-fd21fec98ecb_noid_Grn.idat","Illumina Human Methylation 27","IDAT","719553","TCGA-12-0670","TCGA-12-0670-01B","Primary Tumor"
"7ed9155e-2914-4024-bcd4-57c33d83cb6e","6485c6fd-7019-4254-a095-fd21fec98ecb.methylation_array.sesame.level3betas.txt","Illumina Human Methylation 27","TXT","764383","TCGA-12-0670","TCGA-12-0670-01B","Primary Tumor"
"0f924ed8-8672-4bc5-8fe1-e04731b666d5","88976c0b-39ed-482e-815d-f36b353909e5_noid_Red.idat","Illumina Human Methylation 27","IDAT","719554","TCGA-14-1452","TCGA-14-1452-01A","Primary Tumor"
"84490fdb-222e-4c5d-ba7a-2bfe5089b809","7c3722c4-09e6-46f2-99f4-024266ed4844_noid_Red.idat","Illumina Human Methylation 450","IDAT","8095281","TCGA-76-4929","TCGA-76-4929-01A","Primary Tumor"
"326832d2-0fb6-436d-ac4d-ba1154828c38","0f2c658f-6042-401b-b42e-8f56224bcdf3_noid_Grn.idat","Illumina Human Methylation 27","IDAT","719552","TCGA-06-0879","TCGA-06-0879-01A","Primary Tumor"
"f08d239d-6544-4d94-83fb-0e192201826b","6caf9626-5fd2-4421-bba7-62683ffb0f30_noid_Red.idat","Illumina Human Methylation 450","IDAT","8095244","TCGA-41-5651","TCGA-41-5651-01A","Primary Tumor"
"784e15c8-a02f-43b5-8929-7facd695cb89","0f2c658f-6042-401b-b42e-8f56224bcdf3_noid_Red.idat","Illumina Human Methylation 27","IDAT","719552","TCGA-06-0879","TCGA-06-0879-01A","Primary Tumor"
"24e8333e-a65e-457f-a74c-4f5385073961","789490ef-a213-4853-84c8-98f59cf0cb94.methylation_array.sesame.level3betas.txt","Illumina Human Methylation 27","TXT","766755","TCGA-06-0155","TCGA-06-0155-01B","Primary Tumor"
