gene,wald
PPP1R15B,5.733157786134499
SDK2,5.710845323276364
GRIN2B,5.214938040512876
MIA,5.02633062634216
SNRPE,5.013738512003432
CHAD,4.878431571574363
EYA1,4.839840633187405
LOC100506453,4.774871218580175
CA10,4.7337228593967655
ZC3H11A,4.639706924674348
SLC1A6,4.636675514740396
COPB2,4.557717486122859
FAM101A,4.550816386575239
MMP13,4.528673714091221
DSTYK,4.492007154323911
TERF2IP,4.383487738925738
GPC2,4.354516939252128
MAGED1,4.340810466890396
HIST2H2AA4,4.331374501458158
HIST2H2AA3,4.331374501458158
ZNF516,4.322900064235174
HIST2H2BE,4.235774136830394
ETNK2,4.228571804708838
ROR2,4.21755873472702
SLC17A6,4.193497630073322
NHLH1,4.136755115567094
OPCML,4.11174360034028
SYN3,4.1108700014092365
FABP1,4.1059558940815295
HRASLS,4.073257626863871
EFCAB4B,4.050364856126984
PIK3C2B,4.0489192035101675
NR0B1,4.0205626142204345
PLEKHA6,3.9986743083587366
MDM4,3.950488216303472
GAS2,3.9473627874521466
CRABP1,3.9368919856774784
FABP6,3.9203311599528496
DUSP16,3.8876879700857696
LOC100507594,3.883239332149335
ISL2,3.877306514667744
CPXM2,3.8700250799485545
NFASC,3.858724248203904
CDH3,3.843200990752646
FLJ43390,3.8391706267438326
PIM2,3.8383370965335284
P4HA2,3.832317042925321
PCDH15,3.8131638469478055
STMN2,3.8038813561532776
NACA,3.799201877973428
TMSB4Y,3.796929870381696
ZNF274,3.7712790251746373
HIST1H2BD,3.7687627763115623
NLGN4Y,3.764051506507049
LOC100506196,3.751565747418066
PTPN3,3.7494832272617162
PRAC,3.7489621881915127
TRH,3.7365721990497756
CRABP2,3.7339683984870407
LOC100270746,3.7175835974820624
DAZ2,3.7137073913558694
PGAM4,3.7080786663988543
TMSB15A,3.6991223114559975
CTHRC1,3.689021406620917
NEFL,3.687164669173905
FCRLA,3.6867630326155325
HIST1H2BN,3.6780118739963807
NDUFV2,3.6720327428349084
CABYR,3.6684038807015575
RPS4Y1,3.667781009599492
ZBED6,3.6566691314901316
PPP2R3A,3.6528962373241756
NKAIN1,3.6483825942535475
TMEM52,3.6395070304780974
TTTY10,3.6387218351657586
ANKRD34B,3.635918405758856
KLRC4-KLRK1,3.6291017034945106
DDX3Y,3.6284096294617716
USP9Y,3.6180852707851527
FRG1B,3.613755174133681
C2orf66,3.612957736157935
MYOM3,3.6104015626761217
DMRT2,3.606720188469252
LOC644242,3.605269020263259
NUDT11,3.6023952450544647
GABBR2,3.594643072908527
SLITRK4,3.593072107844318
USP43,3.575252775335852
HOXD11,3.574959209548274
KDM4A,3.5698775728278678
DYRK4,3.5624813359041907
TSPYL2,3.55913681394765
LOC100505946,3.548867110895551
DDX11L2,3.5486636657102557
LOC100506384,3.5460710794198786
TPSAB1,3.54367951873926
NEUROD4,3.543620796579336
TAGLN3,3.540577065244763
SLC39A11,3.5390138790978565
HECW1,3.5334465314155032
MPZ,3.5247743491341623
TTTY15,3.5223765886494474
RIIAD1,3.5220390433468816
SCN9A,3.512291649877377
HIST1H2BJ,3.5096419279312165
MIR7-1,3.506645357823019
EPCAM,3.497312134919478
SNAR-G1,3.495852554432257
SCN3A,3.4933698439882988
LOC100288181,3.4930670470320933
HIST1H3D,3.486196088402753
RPP14,3.4808106192509674
STEAP1B,3.475457377983946
PRAME,3.4681630047101746
MGC2889,3.4594095359551438
TLX1,3.4562338004377984
RBBP5,3.4557521650297187
MKRN3,3.4516071341135546
SNORD78,3.446558111868751
SNORD116-25,3.4465581118687454
TRNAV16,3.4465581118687427
TRNAC30,3.4465581118687427
LOC100652784,3.446558111868738
FRRS1L,3.4388920950427115
DDX4,3.435677545632135
ATP6V1A,3.429765670471674
MMP12,3.423621962793994
NHLH2,3.4232354567243704
PPIAL4F,3.4216213697731677
ZFY,3.4057816023428464
LOC100506798,3.4008732979829452
NXPH2,3.3979503121278873
FRMPD2,3.3952517262831923
LOC149351,3.3951191567141823
ZMYND12,3.394490113055626
GSPT2,3.390301003647441
FAM174B,3.386703689033733
HOXD8,3.3808074790274847
ANO3,3.3802776781209
ANKRD13B,3.376656016575128
KLKB1,3.376554091902963
ZCCHC12,3.3733533692708284
HIST1H2AE,3.3731709478312375
MCCC2,3.3727420306819824
VTRNA1-3,3.3721738290865746
ATP1B3,3.370892462657103
LOH12CR1,3.3701464122702065
RNF144A,3.357811265634454
PABPC5,3.3569574628370678
LOC339290,3.355730257974348
TEX14,3.354067537287917
CHEK2P2,3.352616239506379
SNHG15,3.352567319059749
HSBP1,3.351164630413417
LOC254559,3.3460368087499175
UBE2E2,3.342755435511958
KDM5D,3.340322958755815
TOX,3.3380589830821843
GMPS,3.3328402217302373
IQCA1,3.328529590321346
MAGEE1,3.317132269315565
SNORD35B,3.316418785194677
NCRNA00185,3.3127832863542
TMPRSS2,3.2975534229307177
OSBP2,3.2960402018697446
AMBP,3.2940241816555877
STMN4,3.291761847698026
PPTC7,3.291729485114737
CHCHD6,3.290872685225676
TMEFF2,3.290823315841874
EPHA6,3.290263882470111
SULT1A1,3.2872213898161986
C16orf46,3.2835510442409808
FAM66D,3.275277858414693
SEC13,3.273569190677716
SCAMP5,3.2591654710205398
FAM109B,3.2586938074693492
PFN2,3.2548009287943747
NUDT10,3.247384440597089
SOX10,3.2341909851137864
ATP8A2,3.2253533468865783
HAND2,3.224582058445061
EIF1AY,3.2207001617580304
GTF2H2,3.2197980069275802
LOC374890,3.2150913340952347
PPP2R3B,3.214044232373003
TXLNG2P,3.2111122737678865
MLLT11,3.209697797166854
LOC728819,3.2036074458073953
FAM155B,3.197937276757302
CCT8,3.1963545212352655
HOXD-AS2,3.189010359732072
KCNQ4,3.188124228975404
CPT1C,3.18377422964809
LOC441204,3.183289146261535
RAI14,3.1828882317492533
LOC100130155,3.1808955025422674
C7orf61,3.1802773925978367
AQP7P1,3.177545693896976
EPHB1,3.1700013504781825
FEZF1,3.169982371448511
ACACA,3.1688313418728487
UBFD1,3.1676362711541883
GTF2B,3.1668756379787264
C17orf58,3.166094762084239
FAM226B,3.1644544375309063
TMEM169,3.164284803801022
CDKL4,3.1608356815613656
ATAT1,3.155259902785578
SOX13,3.1490838800068985
LOC146481,3.1487589213070275
PRKAB1,3.1479713486681598
HES5,3.1420438926089953
VEZT,3.1386286475336083
NKX2-1,3.1383653602503587
PSMD7,3.1377918230613537
CACNG1,3.135807591458224
CUX2,3.135685264819691
FTSJ1,3.1342791685363687
NCBP2,3.1342467885215166
LOC100505821,3.132960831548041
TPSB2,3.1225162488392817
CNTNAP5,3.120849598906644
TPPP3,3.119781379894663
OSR2,3.115292187220885
GNG3,3.113001701176056
KIF21B,3.1114436401672645
NIT2,3.1087094830213924
ACOT7,3.10487376876942
UFSP2,3.100945309028399
MPP2,3.0968123767042917
UTY,3.092132213327803
HNRNPH2,3.086277466433928
FBLN2,3.0807717073189718
PIR,3.077204682298825
KCNA3,3.0752393827641598
APTX,3.075128702722256
LOC100505872,3.0750707396764163
MIPEPP3,3.074071462388686
LOC654342,3.0723281869652985
GOLT1A,3.0639705490240687
PSMD3,3.063723811234225
IP6K2,3.0609787723892508
LOC644366,3.0509209497961747
CBX2,3.049555617019631
CMC2,3.047538429607053
NKIRAS1,3.0440572924157827
RERG,3.0387328635324455
GGCT,3.037377079009248
DR1,3.0365799623692302
ZNF233,3.0272418926288953
ARHGEF9,3.0241210086641073
TXNL4A,3.019682948978372
LRIF1,3.0194665688807705
CCNA1,3.01731380681226
IRX2,3.016492962587986
CNTN1,3.0131286388653096
CD47,3.009822010827594
ZNF280B,3.0087275222074013
MED8,3.008027702014426
TBC1D3F,3.0057143291040784
EPB41L4A-AS1,3.0036589584460724
FAM66C,3.003584667957268
NUP93,3.0019528260492914
FOXR2,3.000200933817772
CENPVP2,2.999082190998449
CENPVP1,2.999082190998449
SUSD5,2.9958534500334597
CLCN4,2.983445072349195
SNAR-C3,2.977255492106534
PTPRG,2.9772551143547616
PLCB1,2.9766217616490014
BLMH,2.9762030816492206
LOC728715,2.974876111786409
ATP5G3,2.9745653681008744
TAS2R8,2.973607283630142
CIDEA,2.9725345609206903
HIST1H2AC,2.9701849453400295
AOC3,2.9681811025166116
TOMM34,2.96654716038264
SLC46A1,2.95975096392947
OXNAD1,2.9573843232626005
UGT2B7,2.955006160152371
EDARADD,2.9548741047840146
ATP10B,2.9526419165539948
SNRPA1,2.9511650546429293
WISP3,2.949991785836285
CRYAA,2.9485470442758435
RLN1,2.946195919364225
VAT1L,2.9444464526114924
TRO,2.944200401155928
MSL2,2.940130840068501
PCDHGC4,2.938671037541038
FHIT,2.9332389558575684
LOC100287178,2.9317257317600998
ZCCHC17,2.9312976637941466
GNB1,2.9292562259129244
ABCA5,2.9282777112049945
TDRKH,2.9253494025679134
METTL24,2.922996145615728
LOC100506465,2.922474043839374
GPR162,2.921168057546241
FAM20B,2.9202905183167123
KARS,2.9195266663593813
MYOM2,2.916147303559254
CHMP1B,2.9120371834180436
CXorf40A,2.905437658493634
LOC100505908,2.9049607464190617
MCAT,2.902587503104555
LOC100506901,2.900268053797156
BCL7A,2.8972675603288804
PPIH,2.896168450115028
ATP1A3,2.8935503628059216
MAGED4B,2.8899240791463106
PRO0611,2.8898291558155837
ELOVL6,2.8894358972892693
LOC100500938,2.887494170501672
PRSS1,2.8862628252710634
KCNK17,2.8862628252710625
SNORD38A,2.8862628252710607
LOC100132314,2.8844746303421887
EIF4E3,2.883693959302139
POLR2C,2.881629547658344
HTATIP2,2.8768231748212343
PLCL2,2.87616024952548
LCMT1,2.8760621777412485
ODC1,2.8729506827883644
KCNQ5,2.8723496181336086
COA1,2.870998630619553
HOXB13,2.8681941749772504
CYP26A1,2.8681535293822047
KCNIP2,2.8677015406435467
UBC,2.863539086080453
ARMC8,2.861219105900689
PAK7,2.8600788113556654
PDLIM1,2.8600568830623394
APCDD1,2.8592000716324897
RNF168,2.858959732890294
TCP11L2,2.8552828315449426
DLK1,2.8550333212679098
ZFP1,2.85397157091021
ZNF778,2.853624370568163
SLC27A2,2.849889339127642
SLC6A6,2.8472607597050326
SNAP25,2.845832773339842
TM4SF1,2.8341389918220745
ATP5J2-PTCD1,2.8340871342333305
SCARNA18,2.829282826672985
RNU12,2.825658490235288
POLR1D,2.8235065769628562
TXNRD1,2.8202177396129158
SLC1A1,2.8199334083775285
PDE4DIP,2.8198747626255716
GOT2,2.8187371212768997
EHD3,2.8177407364389224
ATP6V1E2,2.8176522126564527
DUOX1,2.8173671451569873
EFHC2,2.8171807212015167
ANKRD20A1,2.815126254420227
RBP1,2.814756801732113
WDR3,2.808592795330476
NREP,2.8076925428357145
LOC100505683,2.806456869850341
LOC100132501,2.8043467981826744
CCL27,2.8006608707729135
SBK1,2.7995120544678573
IRX1,2.798578632106089
LOC100507291,2.7985630273197866
LOC100652828,2.7961628359187563
ARMCX5-GPRASP2,2.7945411989206272
SHC3,2.792673796863162
LOC100505606,2.7922809145156435
FBXO21,2.789502687760973
CHIT1,2.788936759488088
SNORA50,2.7886852534416824
SYT6,2.7878976313990305
LOC100506127,2.786456668495029
ELAVL4,2.7861865756001722
LOC550643,2.7856552508468733
TMCC1,2.7846852723709254
LOC645166,2.784191982386662
ARF3,2.7836682583943455
DGUOK,2.783503002126132
LRP8,2.782056965591732
OTP,2.7808763358470348
NEUROD6,2.780688834032715
SMG8,2.780674144781117
TUSC3,2.778147054088641
GPR17,2.7762464323328446
UBQLN2,2.7760400461576853
TIMM8A,2.7671262364079614
ANKRD20A3,2.7664179492515553
MAPKAPK5,2.7636275434392625
B4GALT6,2.7634734976341475
NEUROD2,2.7616108389973935
TNNC1,2.761441234872523
CDK16,2.7609271312714827
HUWE1,2.760188240904255
OCM,2.75963626411349
HOXD-AS1,2.759015315777753
SAP18,2.7504930617018366
FLJ30375,2.750485423592831
AFAP1L2,2.7496367085860753
CSDC2,2.7493606132628963
DHRS2,2.7491486274240864
ANO5,2.746830145141141
NPEPPS,2.746813398388886
NHP2L1,2.7465400829317614
N6AMT2,2.7455924142605093
VEPH1,2.743127199127161
DUSP14,2.7429515033849676
HTR4,2.741394713307329
BEX4,2.7413352292229853
GALNTL4,2.741223602298577
SIAH2,2.741062456510971
ZNF697,2.737325906548187
VDAC1,2.737150356622591
SRPK2,2.7370836796870854
WNT4,2.7355160657574
BEX2,2.7352557973950837
PPP1R2,2.7348008403541373
SMPD3,2.732813749681986
CPB2,2.732585112363618
MORF4L2,2.731892009126582
ORM1,2.731074922906916
DDX12P,2.7298893404650864
CS,2.729157239193961
SF3B3,2.7286922641322455
STRAP,2.727829667126844
RWDD2B,2.72376014368207
SBNO1,2.7224781477323337
LSAMP,2.722110875300511
PRKCZ,2.7208327373204977
LOC100506823,2.720426651189809
PCOLCE2,2.719773606091509
PRRG3,2.715313398849372
KCTD10,2.7151686929748093
LOC220729,2.7146672677286006
NRGN,2.7138047863705768
MGEA5,2.712776234072058
MUC12,2.7124029921478368
PROK1,2.7093041930045394
SCN2A,2.7081590990293543
HIST1H3A,2.7076628983900886
GPR153,2.702603995810242
MON1B,2.7024353104120995
C9orf131,2.7023468850547405
AGAP8,2.7001351086405476
SENP5,2.696780326631389
ZNF135,2.6963657561974324
FAM198A,2.6954686648693365
FLNB,2.694945765185743
ATP5B,2.69322528645428
HMX1,2.690147496219513
FBLL1,2.687103740257746
RAB33A,2.686593116771612
CCNH,2.6862327012932368
GABRB3,2.6856773194997823
DSCR8,2.6838152508654427
DCX,2.6825851861325867
STXBP5L,2.680748098702485
HOXD10,2.679781397182915
LOC100127888,2.6795467462875213
SPTBN2,2.6783036410563725
LINC00617,2.6781536801129984
LPPR5,2.677009043330854
PRRG2,2.676517077220811
TUB,2.675517925964575
ACVR1,2.674457664149873
RAB38,2.673282169140234
RBM15B,2.6712979372063135
XRCC6,2.666935800487824
TBX5,2.665527917811661
ACTR8,2.6639591728418766
CCDC136,2.6633630334525504
TTLL1,2.6620016190107885
SEC22B,2.6594681082849356
CHST11,2.657343928026291
B3GNTL1,2.6542452548033073
SNORA37,2.6497972058591643
FBXL2,2.6484049859192926
UBE3C,2.6476073546967447
PHF21B,2.6461223738861803
C19orf73,2.644466881200493
KIAA1468,2.6434974424198456
KLHL13,2.6434099878159247
NPTX2,2.64227689304896
CORO7,2.6408302335527996
ARMC3,2.6405782192648566
PTGDS,2.6397229315153568
ADAM15,2.634947481465391
MAP3K4,2.6325728018098937
SNORA26,2.6322065952043765
GFPT1,2.632085606020199
GLB1,2.6318757538453603
PAK3,2.631755774445168
PARK7,2.630818252524489
TP53AIP1,2.6285756008092744
RIMS2,2.6250467121826193
SFXN1,2.6247852582950815
LOC375295,2.62438709708837
KCNA5,2.623840871417378
CFDP1,2.622876380436936
C16orf93,2.6212143171577953
LOC400027,2.6198548794011702
DDX47,2.619509249330068
RNF7,2.6178050653953764
MYT1L,2.617690782593838
DAZ4,2.6134691569906363
TAL2,2.612033121313186
ATP6AP2,2.610462168856088
DNAJB5,2.610420869465708
FGF12,2.608428510739104
KLHL35,2.6075237287667177
RND2,2.6027524509219484
CEP70,2.601500555391167
POLR3E,2.6000703667666145
C1QL1,2.6000411788633793
WBP11,2.5994431910550873
NAPG,2.598979320860616
SLC2A12,2.596545842007873
PRICKLE1,2.594491688557245
TMCC2,2.592356890095536
SLC25A3,2.591825085615024
TMEM130,2.5882126682206437
CSMD3,2.588163522481637
ZNF816-ZNF321P,2.587462781407213
BCKDK,2.587401659366768
LOC100506691,2.5863156516863977
KLK8,2.5838300369125102
ACAT1,2.5833866134377983
POMP,2.5833676074517804
RMND5A,2.582493669145859
SGIP1,2.580539216119032
CIT,2.578838176467973
LPPR1,2.5788085572209587
MIR4477B,2.577361751298343
CDC42SE1,2.574814422359093
MEX3B,2.5732067594544894
PHF16,2.5730780430126523
DNAI1,2.5718391212343743
HIST1H2BC,2.571208329975697
MIR302D,2.570406167197292
PAQR9,2.569213844814807
RGMB,2.567592589977539
MAPK8,2.5660369579836
ARF4,2.5621429798004445
ZNF532,2.5615086254016606
ZNF285,2.56148716250521
LRP12,2.5610219749452283
DNAJA4,2.560442418760891
EIF4H,2.557650648581063
PRSS30P,2.5564593856209026
ABHD10,2.556145068685536
LOC646903,2.5510024163613605
LOC100507165,2.550947922062374
NDUFAB1,2.549829096396838
COQ3,2.549596610322508
NDUFS1,2.5474177975003314
DBN1,2.5464651910133695
ANGPTL5,2.545708786475494
MSANTD3,2.5448854382636474
VAX1,2.544201133968152
ZBBX,2.54356453003171
RPS6KC1,2.543469205625298
CRYGD,2.5426134928086097
RAB3C,2.5414250611691473
ERP44,2.540917252924141
KCNS2,2.5399106884806244
NETO1,2.539453413148773
SLCO4A1,2.538196740187673
C9orf64,2.538144088639974
GPR19,2.536586146576819
PDXDC1,2.5364896496547
SPSB4,2.536382659336016
LRRTM1,2.5345803870788215
ETFA,2.532481060329885
YSK4,2.5322317468138835
ATXN7L2,2.53209701290446
RPL39L,2.5319012770671234
MMP17,2.531265361539393
C5orf49,2.531187430011527
TMEM132C,2.5311515260196193
C14orf162,2.5310349829202803
CYP4X1,2.529849319445443
CCDC19,2.5293253519733025
LOC100289627,2.52739919620162
MRPL51,2.5241556941877556
A1BG-AS1,2.5241414542584404
FBXO7,2.524108614549099
LOC100505562,2.523530686308731
PALM2-AKAP2,2.521124329890889
IL12RB2,2.521048509532213
RTDR1,2.51928794071408
VANGL2,2.518474638268947
KLRG1,2.517741448532736
DBC1,2.5153252919317635
DLK2,2.5141366059070593
BLVRA,2.513837872726566
CD99P1,2.513784215424669
LOC100506636,2.5132358619646817
CDADC1,2.512971747090712
FAM226A,2.5116115663060943
LOC100506105,2.5111163531834904
LOC92249,2.5103589666665593
ZNRF1,2.5096740712530248
TPBG,2.5094022303193237
ARL4C,2.5093282494453124
NAT16,2.508643341828014
KCNH8,2.5049556649723526
ZSCAN1,2.504230646048421
CCDC134,2.504018064020091
LOC728743,2.503621362038393
COL9A1,2.5034597342186564
ABRACL,2.5012365511718313
RNASEH1,2.5011128461743377
CLSTN2,2.5007934387639064
MIR181A2,2.5006776577949634
HLTF,2.4992871233215967
FEZF1-AS1,2.499277694147254
HOXA4,2.4986703780758637
TBC1D10A,2.498255664180967
GFRA1,2.4973978840010838
PPFIA4,2.495608143741839
MED24,2.4951156653621522
NUDT7,2.4938690156645444
POLR3A,2.4927342487718502
SLC6A15,2.491673696384927
ARHGAP17,2.4916027405363175
ZNF474,2.491464702398452
CKMT1A,2.49074662308235
B4GALT3,2.4901813381181808
SLC38A1,2.48873703118128
LOC100506352,2.4887063993673753
PHLDA1,2.4872167860117576
FAM47E,2.4871932386181883
DEFA3,2.4854847019453095
HIST1H4I,2.4847849771385864
HDAC5,2.4839777130770075
IMP3,2.483826455288581
SNORA66,2.48277862838574
HIST1H4H,2.4823500197475123
HIST1H2BH,2.4812289098333067
LOC100287290,2.47881109102083
NKX2-2,2.478739026561134
ISCU,2.477657133698448
RYBP,2.4768378544729646
LOC100505501,2.476028219810971
LRGUK,2.4758618641859194
PCDHA3,2.4757803005596815
ZNF518B,2.4752786286398494
POPDC3,2.474507350827526
ZNF649,2.4738733995905293
SDHA,2.47226350445344
B3GALNT1,2.470326676475633
ZNF615,2.468743270622593
LOC100130950,2.467415996545311
RBFA,2.46467251591625
GFM1,2.463704385338235
GTSE1,2.4635567846090685
TEX12,2.4615993786334944
CHCHD4,2.45584689650087
ACAP2,2.454463033576382
MYL12A,2.449460107732456
RALGPS2,2.4492069992349315
BDH1,2.4477410926897853
VWDE,2.4461718639631043
RFWD3,2.4453132936696425
PIK3R3,2.441365080605978
COPZ1,2.4405337323353997
PITHD1,2.440331472123513
LSM12,2.439983073135793
TNFRSF21,2.438451551378951
DCTN3,2.4382183244763356
LOC100287329,2.438203398370649
TCEAL7,2.436224409253792
PNMA3,2.4350378287610086
CDH19,2.434200814280097
SKP2,2.432174316397278
KDM5B,2.4320024743427493
STAG3,2.431939494980752
DHX36,2.4308935185864806
LOC100506731,2.4280088725060347
CACNG4,2.4264553421221264
AFG3L2,2.426083653139661
DCTN1-AS1,2.4254335481592553
GSTO2,2.425192723654881
CALCA,2.424372835687216
GOT1,2.424003959117915
USF1,2.4236900317532553
PCCB,2.4232090527872856
ANKRD29,2.42139391248199
TIMM21,2.4209806712486874
KDM1A,2.4209303243685567
ERC2,2.4208849539866084
SMS,2.4199345484174017
ULK1,2.419885332814442
AP1G1,2.419796829086143
TTLL6,2.4197407840795684
FAM222A,2.418786509747091
LPIN2,2.4179869192820376
SULT1A2,2.4158175707187066
OPA1,2.4150376308549606
FGF9,2.4135775496477443
INA,2.413389867451164
CD9,2.411316540580908
CXXC4,2.409901011541005
MFAP3,2.409653890279754
LOC100506411,2.408337196040992
SLC8A2,2.4075534819641433
CCT5,2.4074659836599954
HIST2H2BC,2.4067889026587177
FAM162A,2.4067693865762245
LOC100506546,2.406289791176568
TTC39C,2.404424386215395
ISLR,2.4030046498561246
CYFIP2,2.4021626521759987
PHB2,2.401867882697218
MTX2,2.4018533508194913
EDC3,2.4013660562986914
NSF,2.401252111001393
KAZALD1,2.4010062988174306
PRKY,2.3995259052271085
ARFGAP3,2.3988282678666475
ZNF99,2.398129711643348
ALDH18A1,2.396997663641853
KIAA1244,2.393403351661453
SLC44A5,2.393268959702532
ZC3H12B,2.392781465894539
ZNF707,2.3924096741527587
IMMT,2.3910559673444425
LOC100505920,2.3904007746750437
UNK,2.389547227203528
CEP63,2.3875050076136253
MYH11,2.3862446879380776
CDK5R1,2.3855160205735038
NDUFB4,2.3829959225300046
UCHL5,2.3823637394711734
C1orf61,2.3821972796283233
FAXC,2.380430851454297
PSMD1,2.3802707268586136
FYTTD1,2.380141145273253
SOX17,2.3797820101864944
YPEL2,2.379378687378323
TSC22D3,2.3792759771366945
C12orf53,2.3780266194332262
USP11,2.377264558163715
C11orf93,2.3760281911775727
RNASE1,2.373849201481106
YBX1,2.3734330804627555
LRRC42,2.3729105415519425
LOC100505737,2.3727791144259243
SNORD14E,2.3725533370027354
EMC3,2.371878019834691
FAT3,2.3713155457741606
COX17,2.370820214175584
MTF2,2.367876117977258
LOC400456,2.3669548230857607
DNAJC12,2.3660610892963
NDUFS2,2.364535322327519
HIST2H2BA,2.3613233061617014
MMP1,2.360575285495609
C9orf123,2.357008407240138
CD36,2.3570044820945144
FGF14,2.355278781905955
MDH1,2.3514599729900656
RASEF,2.3507922961144203
SLC41A2,2.350569930184598
RPL5,2.346982746121671
USP10,2.346100179198801
NAP1L3,2.3433602050576994
FLJ42289,2.3430313599132826
HSPA12A,2.3426233366776796
FAM69A,2.3425428247211264
HSP90AB1,2.341028603484727
NOA1,2.3402888573251848
CLPTM1L,2.3401285634928364
SYNDIG1L,2.337325309429769
LOC100507558,2.336317432342833
ARL5B,2.335210757402542
SLC4A8,2.3345015269988965
TNNT1,2.3343715384964465
OSMR,2.3323570356243932
PPAPDC2,2.3315731028500446
NARS,2.3295461594368123
ODF3L1,2.328928487950071
CYP4F24P,2.3272518601175625
PLK1,2.326901382238508
NGFRAP1,2.3267976313884433
SART3,2.3255461938853768
NIPSNAP1,2.325425180001288
THEM4,2.3208652647182197
APPL2,2.3204059392221654
ERBB3,2.3198551332819894
STMN1,2.3193538233782247
SDHB,2.3187987060746518
MPI,2.3177702687995008
RHBDL3,2.3173468968713404
RELL2,2.316442970557532
ADAM21,2.316267995904758
GJC3,2.314888329635509
PNMT,2.3126902497014394
INPP5A,2.311227904663402
GLDC,2.3102682131200316
CCZ1,2.3100367844420475
ATXN10,2.3090618218497467
PENK,2.307794909740892
UCHL1,2.3063118506068028
LOC100507309,2.3050341614751515
LINC00087,2.3035819020760453
DMRTA1,2.3029562317101715
PDHA1,2.301850453146715
UTP14C,2.3003754480256395
HILS1,2.2998379630492614
PLD6,2.299215010683831
TSPAN2,2.297942550077873
PHYHIP,2.296862404898578
C16orf52,2.2955005930642463
MPHOSPH6,2.2951278271844346
LEPROTL1,2.2945957528866257
ZRANB1,2.294247533191648
PRSS3,2.293270665945352
GHITM,2.292594355049659
TMEM35,2.292538682764978
C12orf51,2.2907371458665184
DNAH6,2.289252914409348
GDNF,2.2887739907980515
C15orf59,2.2886338583785224
KPNB1,2.288036805466641
LOC100506188,2.2856464807459504
FIG4,2.2852026715359988
USP39,2.284928220704214
INSIG1,2.2837905467873503
KCNT2,2.2831856015085505
C16orf62,2.282367298079421
C17orf85,2.2800255922829344
WDR67,2.2798892535678004
CKAP4,2.279751083254679
LNP1,2.2797375491251586
THOC5,2.2791934753839973
KALRN,2.2791241296845204
NEUROD1,2.2784860257601047
C15orf57,2.2780346524105717
SSU72,2.2772479509419594
DBR1,2.2770254944353376
DLGAP1,2.2734104514108
DNAH9,2.273111468679241
MNX1,2.273029644749816
TAMM41,2.272799258821581
LMBRD2,2.272313626633294
KCTD13,2.2713579534491823
AHR,2.271249248875338
HPX,2.2703997333267116
PCYOX1L,2.2692122403407278
NAA50,2.2674388638394323
UQCRH,2.2663621105444367
PRPF18,2.2662296471857557
WRB,2.2658953637946286
CCPG1,2.2607407969785513
ZNF610,2.260577795740275
H2AFY,2.260389981905958
NDUFB6,2.258702231091069
BCKDHA,2.2560681869975374
ACTC1,2.2551959153332803
NPTX1,2.254570794097361
TFCP2,2.253367852310486
GTPBP4,2.252929477809283
CNTN3,2.2506622008796495
UBB,2.2489531748675033
BAG3,2.2476144433433003
HIST1H2BB,2.2464414823113796
ITIH1,2.2462657679316047
AGAP11,2.2460314855133126
LMAN1,2.245788971402384
HIST1H3J,2.245523658447612
LOC653513,2.244461253946095
ACO1,2.2444588254180626
OGFOD1,2.243973116637262
EXOSC3,2.2435649309374113
OTUD5,2.2431462174586225
SPATA4,2.243123335640937
CNTNAP2,2.242804434800155
ATP6V1E1,2.241702997515212
LOC100505576,2.2416834231791776
LOC257358,2.24059460299341
BCCIP,2.2405427370487794
SLC39A7,2.2403047023519833
MAD2L1BP,2.2393576693045607
LOC100506303,2.2383486909824013
APOH,2.2379208469685943
NCKIPSD,2.2372855066363746
FAS-AS1,2.2362255284118575
L1CAM,2.236022344454984
LOC100049716,2.2353266323996444
DNAJC6,2.2323017551532405
WDR53,2.231168389538774
C12orf5,2.2306733279125166
SNX2,2.230582022960783
FAM49A,2.2298501312667027
SCARNA12,2.229831042117933
SFT2D2,2.2295542468511584
C17orf108,2.22944465018628
COG7,2.2276701726474206
HEMK1,2.226868482509437
FTO-IT1,2.225929039195613
PARD6G-AS1,2.223707995669452
CELF5,2.2236729046784336
ATAD3B,2.2235241097676455
AGAP7,2.223333235297553
SPATA18,2.2225794618013373
FN1,2.2224813051847
KIAA1549,2.221960814257254
RANGAP1,2.2213751392317445
ECD,2.2209624580871834
FAM41C,2.2203691724479415
LRP6,2.2200312538801192
IQSEC1,2.2200284278729483
NTRK2,2.2195608544498433
TRIT1,2.2194955109166594
CCNG2,2.2193570463313197
CDH7,2.217334949928987
FAM92A1,2.2168670352661564
ARG2,2.2158372591658964
SNORD32A,2.2157234045029415
TCEAL6,2.2135422327471166
NECAP1,2.2133840459841054
CKMT1B,2.21335681009879
ST8SIA2,2.2126133911917076
DNAJC11,2.212600971167064
CACNG2,2.2121859685741545
ARL3,2.211477929378282
KIF5A,2.2113682336199734
GABRR1,2.211158500740315
LOC100630918,2.2110549542837097
YWHAG,2.210912429602176
MRPL10,2.2102049600004676
NUFIP1,2.2090150934174746
AQP7P3,2.207563213081456
MAP2K6,2.2065644113900036
SMA5,2.205109806932479
MTMR9LP,2.2026183065610496
CCL3L1,2.199476751916948
LAX1,2.1992287370029815
MIR600HG,2.1988584532693585
SLC38A8,2.1971498865342944
MOSPD1,2.196641475372664
PPP1R3F,2.1958213647659783
UBE2T,2.1944865112261844
C11orf9,2.1941689431726608
GPI,2.1939586532918347
XPO5,2.1937302947686352
WSB2,2.193518246471473
LOC100507307,2.193177761903202
SPHK1,2.193047328253179
ZNF30,2.190992096466789
DHRSX,2.1909624563747614
UBXN7,2.190831293893151
SRSF9,2.1907009052595794
GARS,2.190335658548964
LOC100506935,2.189858036316754
MYT1,2.1895567781638716
CCDC28A,2.189299353290179
CEP41,2.1890921624858617
C10orf35,2.188678379582597
RBL2,2.184421182996757
CAMSAP1,2.182635832140458
EAF1,2.1815952323974614
KATNAL1,2.1815181217057376
ST3GAL5,2.1807073985326912
CASK,2.1806742935420957
RRAD,2.1805230525239896
DTNB,2.1795477875236844
TMOD4,2.179290722511183
BAMBI,2.178827458097087
SNORD116-18,2.1786667746489456
LOC728554,2.1781371514069625
C5orf25,2.177582731913726
CRYBA4,2.176673568918621
HOXA-AS2,2.1764188621572726
GNB3,2.176367118935661
ITIH3,2.176263615381944
NAP1L2,2.1756622500400153
TARS,2.1732188376368717
FAM209B,2.1730836144677963
DNAJA1,2.1725944062291336
LOC100506824,2.1720987961984215
CD200,2.171963144786491
ADCY8,2.17101342412142
CELF4,2.170198681198944
GYG1,2.1698123740086235
CSF3,2.1673785474523775
MARVELD1,2.167166391433013
SHANK2,2.166490767479113
LOC100287623,2.165988201570811
HSBP1L1,2.164651543414783
PLGRKT,2.1645688651476354
SPESP1,2.1644474017189115
FAM166B,2.1644073897737623
LOC100507341,2.164223943044909
LOC100132891,2.1619969317429035
LOC643837,2.161659906947586
FAM96B,2.161396895750231
SNAP91,2.1601155174309334
BPGM,2.160095390493864
ERMP1,2.1600206141323506
LOC100132909,2.159749326277713
FAM107B,2.159562530595854
C10orf112,2.1592521149821744
DPH2,2.158829377993048
BCL7B,2.1578089748000333
ZNF155,2.1565494339815
SLC35G2,2.1565297842146216
ATMIN,2.156454159688131
SYBU,2.1555643626972847
NPM1,2.1552924040205768
SLC35A3,2.155197594746245
CBLB,2.155020358470115
CXorf64,2.155015979714474
LOC100505687,2.15500234319919
GNAI1,2.1544094768794433
RASL12,2.15393422601378
HECA,2.1517404613758466
CIAPIN1,2.151038843381482
RAC3,2.1508426960255105
C16orf80,2.149704035108082
MRPL47,2.1493165868295234
TET3,2.148569011954967
STX1A,2.1482467398247884
PSMD11,2.1480215350089096
FGF13,2.1466112588033006
TCTEX1D2,2.1465177737757037
HAGH,2.1448486421709942
HMP19,2.144402919512761
USP22,2.143589347802441
ZFR2,2.142802753339402
APOA1,2.142532209648048
LINC00403,2.1423986182549983
MLF1,2.140442415923732
ZNF790-AS1,2.1388374061243316
RIMS1,2.1387276035164056
SPATA6L,2.1384383241812253
CNOT10,2.1376545694144626
HSPBAP1,2.1366999444566552
BEST1,2.136185152255352
MSRA,2.135528025406678
SRRM3,2.1352105849346796
SERINC2,2.134328893239887
ANPEP,2.1324170477235427
PRDX1,2.132253405907778
TRPC1,2.13220741807971
LDOC1,2.1321913489687003
RGS4,2.1321568196561875
HIST1H2BI,2.128998467593971
SLC4A10,2.128016896566436
FASTKD3,2.1270748061790363
LINGO1,2.1260675790169685
SLC35E2B,2.125994442628936
KSR2,2.1258842948823546
RBM8A,2.1249757175478936
ITGB1BP2,2.1240480513711106
PGM1,2.123211022178853
ZNF597,2.123084251035279
C5orf22,2.122419043402018
SCN4B,2.12091768721141
SLITRK5,2.1201151554661197
LGI3,2.119614782053377
SRP19,2.1187301065829556
NOLC1,2.1179449694413153
LIMD2,2.117258891000566
KCNQ5-IT1,2.117064529766131
LARP4,2.1166167836123244
C5orf15,2.1150881360873433
SFN,2.1143292575144232
NCAM2,2.113570669691471
CALM3,2.112215707373902
SS18,2.1113210226782138
SNORA80B,2.1111422094253998
LOC100287865,2.1108196332809706
VSNL1,2.108925078607455
CAMKV,2.1084703597427747
MAGEC2,2.108366669686206
CSF2,2.1078632997740843
ZNF813,2.107338817115372
VLDLR,2.1058806862282866
HMGCR,2.1056032315429642
GUSBP2,2.105240708172415
TSPAN11,2.104470734970944
SNAR-H,2.104210467064131
ARL9,2.1037242905833793
COPG1,2.1026471096936685
OR51E1,2.1011921782885676
NSUN5P2,2.1008581095014534
FTO,2.10017218586445
TYW1B,2.099454666054782
PUS3,2.0994467476122174
CD276,2.099021449159353
XIRP1,2.098166537404457
ATRNL1,2.0979363683288907
BCAS2,2.0966897051622437
TCP1,2.0965557681232294
RAD23B,2.0964458137904045
NR1H4,2.0948623311262744
CAV2,2.0948491701925285
FNBP1L,2.0947289689352004
ZNF224,2.0945835737664265
CCDC81,2.094418863812418
SPARCL1,2.0937600455885756
LOC100505797,2.093247545722262
LOC100130298,2.0930636707001673
SUPV3L1,2.092923819997575
GABBR1,2.0906045089625254
MYL12B,2.090518499816092
C1orf101,2.0898136320066243
ORM2,2.0894441693907453
ANXA2P1,2.088580345753844
NPC1,2.0879573567978196
PINX1,2.087687238858576
C6orf120,2.087627978807284
MDK,2.08736749197242
CERK,2.0872992014507092
LOC100506454,2.0867743513532035
FBXO2,2.086737007054878
NDUFAF1,2.086260933093611
BRIX1,2.085952658847422
SNORA33,2.0847959138592844
BECN1,2.0846608265301896
IBSP,2.084083018422925
H3F3B,2.083054792184602
HOXA2,2.0830411674107654
SLC35B4,2.082728836790516
MRPS22,2.082435111655294
ME1,2.0816330725950123
BZW2,2.0809273884336847
FLJ35024,2.080489299064062
PRAP1,2.0802600448051303
C11orf88,2.0797119118411183
SLC25A13,2.0795066091892234
CCNJL,2.0795029956538724
UQCRC2,2.0788902916450533
RCN2,2.078548260450423
ZBTB49,2.0784872132186187
SAR1A,2.0781258562874023
MMP9,2.077507235399658
EIF1B,2.0765476769269027
CSTF2,2.076360819365541
RNLS,2.0756963821715475
BEND5,2.072219518316327
LOC100506214,2.071863156491366
C16orf57,2.0701051995355537
MAPT-IT1,2.070078646207761
ASPDH,2.0700776457989956
DCAF4L2,2.069761074863291
RCOR2,2.069753956159959
SPCS1,2.0696857531317625
SOX11,2.0684249380263418
IGBP1,2.06823985532719
AMZ2P1,2.0665408024654495
AXIN2,2.0650955184662223
STXBP1,2.064382485459541
RNASEK,2.0643182809153275
ZADH2,2.0639245834108872
OPRM1,2.063483200639955
PODXL2,2.063453170586645
SLC16A10,2.062669509592477
PYROXD2,2.061933208721431
HADHB,2.0617159277335992
C17orf97,2.0616432836425878
TIMMDC1,2.0610861163065626
APOD,2.060739687156044
HNRPDL,2.0604650902952204
PIGT,2.0594831887799936
ECEL1,2.059480206311894
ARL6,2.059328021619234
ELF5,2.059185375255038
LRRC59,2.057409171500763
PABPC1L2A,2.0566629160012244
LOC100652800,2.056476475437631
RNU4ATAC,2.0562968833423105
RAB1A,2.0561507760051203
MRTO4,2.055949336783262
C7orf25,2.055776637519429
EFTUD2,2.055404549554695
PQLC1,2.0533686801413156
KIAA1191,2.0523942221468423
TMEM196,2.052310010143064
SNORD118,2.0519795163312953
NTN4,2.0502986512280796
PSD,2.0502560268574945
DNAH12,2.0499694274615647
C6orf58,2.048896929153283
MDH2,2.0482619556299375
RND1,2.0478208057280947
PTPRM,2.047736345359838
MAGEL2,2.0474761151473735
RAB39B,2.046696761696395
C15orf41,2.0465761630409114
MEGF10,2.04637759859741
FAM171A1,2.045286941693302
LOC728734,2.043243409118667
RAB3A,2.0421403397946043
ACPL2,2.0409465577459835
GGH,2.0402317583360894
ZFYVE27,2.0395063617219487
JMJD6,2.039387534696289
PPCDC,2.039062821975427
LOC150622,2.038679173984879
ADA,2.0384225821469784
HDGF,2.0377830468186215
ST7-OT3,2.0377385622298245
SLC19A2,2.0369023493960063
NBR1,2.036751007752874
HOXA3,2.0363939935214845
LOC390806,2.035859907194586
LOC389906,2.0353367855602986
TTN-AS1,2.0349397971125707
SARNP,2.034154758909057
COL10A1,2.033395968246571
STARD13,2.0332853647288958
ADAM11,2.0328718682798246
CACYBP,2.0307352499262494
JPH4,2.0303912530823838
GNG8,2.0301965811742244
SOD1,2.0300768975302366
TMEM183A,2.0297057098993667
LDHB,2.029488555518226
EIF2A,2.029395935770328
N6AMT1,2.029272411290806
CEP19,2.029246478076885
KCNH7,2.0287799346374933
KCNJ16,2.02705253989443
RCAN2,2.026393650335313
HIST3H2A,2.026154022125375
MAOA,2.025051085001538
ASIC4,2.02480902390532
H2AFZ,2.023757460630229
WDR48,2.023577518724006
RAB11FIP4,2.0228636657838956
ATP6AP1,2.0213538801306714
SYT5,2.021158925904528
TRMU,2.021149811799568
RAD1,2.020186552998781
FAM222A-AS1,2.0194756571761907
LOC643037,2.019408634242741
CAPN10,2.018631318921983
PTGER2,2.018343448608217
EBF3,2.0171270770649707
MCF2L-AS1,2.0170737528489533
HPCAL4,2.016631309153079
TBC1D25,2.016516773014936
GLUL,2.0154130023446095
DGKI,2.015059701262638
JHDM1D,2.0150101618331653
ISOC1,2.014989962305038
USP9X,2.0135171184322735
LOC100128511,2.0134843958934985
OGDHL,2.013387352759133
PSMB2,2.0123728787727577
USP31,2.0106128419104867
SNX32,2.009594350295778
ANXA7,2.0095014913620695
KTI12,2.0089635552349643
RPF2,2.008924714792697
MAP2K4P1,2.008878276376467
RANBP6,2.008422956618488
REPS2,2.004694521610946
TYRP1,2.0035338556343905
LOC100652821,2.0034780954958404
LOC440934,2.003329313223106
GTF2IRD1P1,2.002631780524221
BACE2,2.0024894532963162
LINC00115,2.0020588357117783
NPIP,2.001712389569467
TBX18,2.001701720607176
HDDC2,2.0016158844115726
THAP9-AS1,2.0015848465825883
PABPC1L2B,2.001322574360699
SRSF5,2.000730872194596
SVIP,2.000513329880725
MYLK-AS1,2.000463749063555
HOOK1,2.000439873825011
VPS37D,2.000075195045561
OSCP1,1.9999896081864934
ATP6V0D1,1.999728616307477
PEX19,1.999385936076917
PSPH,1.998850008458357
SBF1,1.9977635454625973
HIST2H2BF,1.997426820559918
PPM1L,1.997310938112484
RUVBL1,1.9961023910897164
FUNDC2,1.995680353617084
C8orf46,1.9938237771438394
EGFL6,1.9922477175813837
KIAA0196,1.992051147677383
CD27-AS1,1.9914023355880066
ODZ2,1.9913639041829734
PCDH11X,1.9913058667006214
TMEM185A,1.9912827050811195
SORCS3,1.99089192570074
SUV39H1,1.9907487289368562
LOC643339,1.9903614351812475
B3GALT2,1.9900873801912269
ABCA4,1.9899501523299927
LOC729995,1.9892326741894102
FNDC1,1.989090678680407
MCF2,1.988660665992069
IGFBP5,1.9882450459803696
GRAMD1B,1.9865319531727779
VDAC2,1.9864720791496078
TIPRL,1.9863528114996922
USP14,1.9858710432582374
KCNK9,1.9854561365205423
LOC100506995,1.985285577057508
FAM150A,1.985176526773615
PRKAR2B,1.9836392904647047
PALM2,1.9828242156260225
LOC100506714,1.9823460317939834
GTF3A,1.9822979206047893
TSEN2,1.981538790507816
KCND1,1.9806857858394327
LOC283624,1.9795300284024426
BMP8B,1.9791073111690056
HOXA1,1.9789910790876066
PLA2G6,1.9787277934019583
ZNF519,1.9768347716578534
NPR3,1.9765913623278497
REM2,1.9758844790023495
FUBP1,1.9758664904289946
SERP1,1.9750681785991075
SEMA5A,1.9748312298142818
TMOD1,1.9747379532500007
ATCAY,1.9740831370825114
LOC646778,1.9732140000555711
CDR1,1.9728478672104097
CXorf57,1.972025525074967
SNORD42A,1.971638091038941
SCGN,1.9709689046172796
CLGN,1.9694211647085884
TPI1,1.9693559225548911
TSSK4,1.9674141398047371
GABARAPL1,1.9670465664488748
CDH10,1.9669819634246477
ZDHHC20,1.966633179908299
ARHGDIG,1.9664211842640729
VPS35,1.9661854692086744
LOC100506591,1.9659625215870877
USP7,1.965162708879422
CA8,1.9651583119385339
SIRPB1,1.9643663498527337
DNAJB11,1.9642219266916183
JAGN1,1.964165162573415
NCAPD2,1.9637434735307298
IL20RB,1.9633360052329774
TRNAK3,1.9624398311076456
TRNAK1,1.9624398311076456
TRNAK34,1.9624398311076456
TRNAK16,1.9624398311076456
TRNAK22,1.9624398311076456
C11orf95,1.9616115349539476
SHQ1,1.9615100140189141
NDUFA4L2,1.9600314803570913
SS18L2,1.959262887408957
INSM1,1.9584703515517867
HEXB,1.9580436001757835
ATP5F1,1.9570947899397915
AXDND1,1.9567426936141612
PSMD12,1.9565242374503349
CLIC3,1.9562056175187346
DNAL4,1.9561723647130946
ADCY5,1.955818483159087
HECW2,1.9554647554589972
HIST1H2BK,1.9554547537303464
TSPAN19,1.9548535087519614
POLA2,1.9547946907081075
PMS2P3,1.9545153212226984
PSMB1,1.95415640138635
C1orf135,1.9534462604680556
OGN,1.9533878394637805
ARHGAP11B,1.952608510471768
M6PR,1.9524865377255296
NEK10,1.9522990632141504
C6orf164,1.9519632694667275
SPIRE1,1.9519515217247918
CXorf40B,1.9517846917761843
ZNF542,1.9516085511679226
CYB5D2,1.9513888118390534
ARPC3,1.9513037852374497
AMACR,1.9510840258775142
CCNB1IP1,1.951079926211938
UAP1L1,1.9503040941544618
AKR7A2P1,1.950278835109042
FAM110C,1.9496657491708795
PPIF,1.9495734926698396
AACS,1.9482486244967405
ITFG2,1.9474336611266017
ACTG2,1.9467543935479772
LOC100290566,1.9467476796255105
GTF3C4,1.9466172476832797
ERP29,1.9465127263155961
CSPG4,1.9463635791557155
CALU,1.9463216077348449
KIAA0895L,1.9458857024749963
LRRC63,1.944622679559107
ZFP82,1.9445386244552276
ADAMTSL1,1.9435356967071868
GADD45G,1.943090823187227
CLP1,1.9426446376499036
ACAD11,1.9418418972341176
MB21D2,1.9410392124533633
MINPP1,1.939764680727701
PIGP,1.9395484527868585
NSUN3,1.9395195821546192
ANKRD13A,1.9392557858613784
CHCHD3,1.9389697130398056
LRRN2,1.9387611824278757
CNNM1,1.9387360027750913
MIR1245B,1.9386500563914162
ATP6V0B,1.938477544538013
CENPJ,1.9379239653813316
TRUB1,1.9378630105031034
PDE3B,1.9370692957748592
PDZRN3,1.936460024676707
ZBTB39,1.9356963030661676
SETMAR,1.9331760676291874
RPAIN,1.9315793401673822
UBE2V2,1.9305063085902268
LOC100505760,1.9293523012334601
SNX10,1.9286320602981688
ANAPC5,1.9278136097831526
UTS2,1.9271883868992263
ARHGAP36,1.9265277556043219
SLC6A8,1.9261922112141214
LDB1,1.9261767500392732
RCL1,1.9260273374734358
HIST1H2BF,1.9254566763950614
FLJ44313,1.9254414118860106
LOC100505594,1.9248021944625409
RAN,1.923773607808539
NDUFS4,1.9235692064134937
HIAT1,1.9235083317109913
MIR16-2,1.9232916060047263
G0S2,1.922226919673738
EIF2AK1,1.922218366108441
ATXN7L3B,1.922067875177811
NMD3,1.921974204912186
EPB41L4B,1.9219566143914875
TMEM246,1.921469010612322
VIP,1.9211086238346249
ZFAND2A,1.9201049938679768
ENO2,1.9200978541248215
GCKR,1.9192550204387322
TOMM70A,1.9177634956108671
LOC338799,1.9174072563624318
FAM35B2,1.9171187936594514
LOC644189,1.9165503161022963
GALNT13,1.9162342043382556
RIMS4,1.9157109664796235
EXOSC9,1.914431999566602
PLVAP,1.9141725528689206
HMGA1,1.913922865094744
DCC,1.9136723363325208
PAK6,1.9134570344938535
SNTG1,1.9132239419392567
HSP90AB3P,1.9120543069998324
GGT1,1.9117132770050544
ZCCHC18,1.9113985291651092
XKR4,1.91139823862049
C17orf96,1.911182925265968
PREPL,1.9111754896311235
EI24,1.9105996970180288
EDEM1,1.9104030222066741
C6orf57,1.9100981602458924
FBXO45,1.909929529035312
CDH22,1.90925131753605
LOC100505686,1.9088310037875245
SLC2A13,1.9086745822920472
MFN1,1.9080443703278598
RTP1,1.9079812501547384
LOC100286793,1.9076037068017562
PRKAG2,1.907507031132713
CLASP2,1.9074878706584069
LOC100507282,1.906412913947024
LOC100505483,1.9060206351108742
GCG,1.9045645360599082
HOXA10,1.9034668086110165
SCAND3,1.9029167617842082
PDE9A,1.9023338490102701
ZNF137P,1.9017157156885776
CSDE1,1.9007673951845052
TTC3,1.8993655481790863
NIPAL4,1.8993421954661134
TMEM117,1.8981259229637113
CCNI2,1.8980018400632193
D4S234E,1.8965773645231734
ALS2,1.8961924182162357
MYH7,1.895847223318247
C7orf31,1.895844309936842
C17orf51,1.8953741624330636
KIAA1211,1.894989011759869
LSM1,1.894632198163985
AK3,1.8943473748455726
KLF11,1.894255691802319
BSDC1,1.8941212599327237
TXNL1,1.893125974099944
COX11,1.8928515361935343
GGNBP2,1.8924516798160094
PARP3,1.8919596064572284
NPIPL2,1.891730094485279
ACBD6,1.891001644673438
VIT,1.890353785845857
RAD54L2,1.8901212349178187
CENPW,1.8900614851219455
SYT4,1.8899806877651621
FBXO22,1.8896601486876217
ABHD14A,1.8893929564596497
BHLHB9,1.8889032699581563
SEC61A2,1.88878097859117
POGK,1.8886935350042422
GTF2H2B,1.8885275853901455
THOC1,1.8879936671469184
GCC1,1.887873056344523
ZNF330,1.8873897376216149
PGR,1.886471218420836
APOO,1.8864246749879088
SSTR1,1.8857597775070776
ABCA6,1.8856733156826682
CDK20,1.8854699693775243
TIMM17B,1.8844411250227093
TOX3,1.884331792312553
CXADR,1.8840765059428708
PTTG1,1.8840226859352263
VANGL1,1.8839968646761394
OXGR1,1.8836178459573008
LOC100133124,1.8834578496392553
AP2B1,1.883389589487888
KIAA1045,1.882908515992437
GRIP1,1.882600823468575
TMEM59,1.881892921720044
SLC26A11,1.8815691805094188
NDFIP2,1.8808813394456916
LOC100499489,1.8808600887710871
ICA1,1.8807042139912904
REPS1,1.8805590796099765
POLR1E,1.880554219107959
RNF115,1.880361402664684
NPY5R,1.8802173496880805
MYL6B,1.880103194587496
DAB1,1.8797681314455412
ZNF192P1,1.8794024264915594
RNASE10,1.879248848326086
PSMB7,1.8791912279468934
COL12A1,1.8778707747559156
GLT1D1,1.8767566387723402
LGR5,1.876606209085296
CDH12,1.876295797622317
MSC,1.8759744135426446
PDHB,1.8752465190031222
FRAS1,1.875129956733887
LOC729678,1.8748702195541467
EXOSC7,1.8745044735589553
PEBP1,1.8742560056918858
TPI1P2,1.8738222184665498
ZNF891,1.8733521796794899
CHN2,1.872691690227575
GAL3ST1,1.8723139748948576
LOC100652964,1.8722751757914353
TMEM99,1.8720990844034509
XPNPEP1,1.8720530829381519
TKTL1,1.8707074730301656
LINC00290,1.8706558082925993
PCLO,1.8704546585505966
LOC100507473,1.8702588044561779
ASB13,1.8701206655631946
LOC100507420,1.8700670305639562
FLJ42709,1.8698873988448559
ZSCAN5A,1.8698700384713869
DPYSL4,1.8697522642206084
ESM1,1.8686171063344177
LSM3,1.8684461550928626
C12orf76,1.8680200179156028
BHLHE22,1.8678563571842266
TMED3,1.8678119050640172
SUMO1,1.866647253984723
AKR1B1,1.865828913343952
MUM1L1,1.865660251483278
SERINC5,1.8650254828239088
TSPAN13,1.8647513930744872
TBK1,1.8638913554205998
ZNF295-AS1,1.8636353306350986
NEK3,1.8636294191598146
SLC22A15,1.8633768482792747
RNU5B-1,1.8632669870696092
LOC731223,1.8628678168395318
ZBTB6,1.8623409051219426
LOC100130503,1.8615051978278725
CAND1,1.8612878373161053
TXN,1.8607405887630983
LOC100287509,1.8607159135971232
GRHL3,1.86045463685215
ATL2,1.8597825943285906
FOXM1,1.8585117378915097
EWSR1,1.8583741404564735
LOC100652805,1.8580610374576911
SMOC1,1.8575564987177513
MAPRE3,1.857273832568698
BTG3,1.857200569289102
LOC100506478,1.857026274583055
ITGAE,1.8562124452578772
NAP1L5,1.8560555321372492
RNU6-42,1.8554228789595024
LOC100508120,1.8549958927480716
RNMT,1.8542673981878715
H2BFM,1.8541963814038445
PJA1,1.8538283972723242
PCSK1N,1.8535161642588276
MRPS24,1.853196249298934
RPL26L1,1.85316106430761
LOC100653009,1.8531360920895652
HERPUD2,1.8531359829828526
ANXA2,1.8516710619850254
LOC100506178,1.8508723105026574
BLOC1S3,1.8503383205181987
MAPT,1.8489810038950034
SLC9B2,1.8479207522845338
IDS,1.8477858419688493
PTS,1.8476981007827873
RFC5,1.8471846367329703
EMC9,1.8471584390556386
SLC6A16,1.8465659455864813
JPH3,1.8464590177593851
SCAMP1,1.8463540112116856
DNAJC7,1.8458990127680868
NRARP,1.845685077459918
LOC100240735,1.8455310866940433
LOC100652793,1.8452874265065609
DMRTC1B,1.844344985608301
DMRTC1,1.844344985608301
BCDIN3D-AS1,1.844200939532732
ZYG11B,1.8438972035903136
TIMM10,1.8435492223173322
MED4,1.8435456169403972
GABRA3,1.8435189540288883
LOC100506914,1.843210692910038
MARCH11,1.8430718209834334
GSTM2,1.8422804795470902
CA14,1.8422116032316356
VOPP1,1.8421101054380058
MBTPS2,1.8415963279800736
TMEM170A,1.8414735896959769
REC8,1.84100671763395
FNDC5,1.8408509384352543
CLCNKB,1.8404335683372528
INTS6-AS1,1.8402845825728795
PTH1R,1.8401135737915
B4GALNT1,1.8393432724077654
SRSF12,1.8386492694283096
UBE2L3,1.838420120495283
LOC100506217,1.838293831699121
B4GALT4,1.8375175872769067
IFRD1,1.8374082897131077
LOC100128997,1.8370805787404838
TRIM67,1.8369468614802495
ATG4A,1.8346704432677556
PTRH2,1.834380764136414
PGGT1B,1.8340896670019327
DOK6,1.8337233583382893
SLC35C1,1.8328981637227102
HIPK1,1.8327081539771637
MRPL32,1.832607700110304
NFATC3,1.832318513720799
NPPA,1.8320269032127414
CECR5,1.8319602131303692
C11orf75,1.8318718889632353
COLEC10,1.8316914767679067
SNORD21,1.8316735814148846
TRIM4,1.8314421359404711
IL24,1.831122275194068
SNORA61,1.8305284762880498
CCR7,1.830259152611541
COPS8,1.8301861099843297
PDXP,1.8285474033226987
FAM86HP,1.8281698968194244
PPIAL4D,1.827752425253363
CBWD1,1.8276847319308989
SLC25A14,1.8272979426790616
CENPN,1.8269657989698753
FGF7,1.826725130543438
KANK1,1.825501901063367
SEC22A,1.824703761866694
LOC255512,1.8243235487810334
S100A1,1.8239181226237784
USP5,1.82360363460657
PSMC4,1.8227828363479308
ZC3H7A,1.8226982633460156
NMNAT2,1.822690570384823
PNMAL2,1.8224616775341278
CCDC11,1.8223831180742038
TGFBRAP1,1.8220474018110335
METTL23,1.8220154412329197
AKAP14,1.8210824182063867
AADAT,1.8201270077662444
HN1,1.8192648177446449
PDHX,1.8189184566690944
KLHL11,1.8184573538937634
PNMA6C,1.8182203651803583
FAM87B,1.8178726002475205
PPIA,1.817455732283338
HCN2,1.8169569876876372
MGC45922,1.8156462022487367
CD27,1.81551042709246
AMDHD1,1.8148708880742146
SAT2,1.812035350302021
SPIN3,1.8119496224344762
CAV1,1.811851995585051
LOC100506183,1.8115801272083174
HPRT1,1.811192949314159
ZWILCH,1.811173824562495
DYNLT3,1.8100049338325004
FLJ16779,1.8097481472392052
IFIT5,1.8077560101075614
PSMC2,1.807698827594861
SPAG6,1.807386693993253
SSBP1,1.8073394577650927
KGFLP1,1.807136420919416
RNF182,1.807113876518343
LOC100653013,1.8066626184486667
ACO2,1.8059496125744607
NEFM,1.8054534420902353
RBBP7,1.8051256332074
SLC16A1,1.8040501392468573
ZNF669,1.8031869741017603
NALCN,1.8018962921996975
PRDM4,1.8012956919267682
RAD51C,1.8010748584902554
ACAA2,1.8010599424397995
GLG1,1.8007040419354843
PPP1CC,1.8006522568989745
SHD,1.800580868375635
BRAP,1.8000787910306173
PARP6,1.7996413099508266
AIM2,1.7996208472001778
LEMD1,1.799613708102256
UBL3,1.7993492121953518
CNTN6,1.7988930368985732
PTPRK,1.7988366533696125
ENPP4,1.798620077401731
SYS1-DBNDD2,1.7979121279320087
PLEKHB2,1.797799294404686
ANKRD20A2,1.797083092196321
PTPRR,1.7967942590131256
ANKS1B,1.7949594408361425
MAGED4,1.794809732726803
NEURL,1.794527701771278
RNF123,1.7935986918246873
PTPN5,1.7930811167467553
MICU1,1.7930186561966488
LOC654841,1.792607258537017
UBE2QL1,1.7902241647152057
CHRNA10,1.789597759501645
HSPB2,1.7895298087891678
CCDC3,1.7892312243167146
SCUBE3,1.7891982149472925
LOC100131234,1.7888893677573159
DPM1,1.7888627973800761
FAM136A,1.7887294064615735
SRY,1.788712399384198
MIMT1,1.7883691521420806
C14orf39,1.7881444987943447
PSTK,1.7878818241063548
LENEP,1.7875237811161808
HSPB7,1.7873016368441386
GLMN,1.787065450804999
LOC100507194,1.7869044392239133
RNF185,1.7858619714319484
MYLIP,1.785388842940705
PSMB4,1.7848038365074355
PDZRN4,1.7846130067446766
TSC22D1,1.7845756295803346
ROPN1L,1.7845313148200848
NTPCR,1.7842321379576151
ZNF222,1.784123506269709
ENPP5,1.7839240981027928
GPX7,1.7838594131670795
LOC100507579,1.7838590679248454
ROCK1P1,1.782483466962253
PSMD2,1.782382097358325
PDIK1L,1.782349396152302
MYH15,1.7818245048909442
ZNF174,1.78130517772288
ASCC1,1.7805181740270648
AMZ2,1.7803946888608027
LOC100630923,1.7793782786866754
TEF,1.7790505147021636
CDR2L,1.7788761818836667
COL11A1,1.7787313429548546
HOXC10,1.7784920995375766
TAF9,1.7781983322030381
ZFPM2,1.7781776999831937
NOG,1.7770508152373095
ACOT9,1.775950645635215
OR7A5,1.7754682664467483
ZNF622,1.7751096452006367
P2RY2,1.7749044076642875
HSPH1,1.7748972370718001
LOC100507624,1.7744635972411924
LOC388152,1.7740000216913503
MSX2,1.7736877738802521
DUXA,1.7734560946972082
RBFOX2,1.7729840837274475
NUDT5,1.772371898448813
IFT20,1.7714931465728307
SLC9B1,1.7710100148822203
GFM2,1.7709015000765231
GPR158,1.7705059532874814
HAPLN1,1.7698031639980063
SSR3,1.7694697820646175
ATF7IP,1.7694224527343412
ATP5O,1.7686956875328315
ZNF673,1.7686162882995538
ADAM32,1.768259424933576
ALDOA,1.7682569389975686
C2orf48,1.7680260466295747
A1BG,1.7677096086587225
TBX19,1.7675185706566794
RPL23AP7,1.7656479679235095
LOC728228,1.7655895628016816
C21orf7,1.7653394446056523
SLC2A1-AS1,1.7650406294605963
PRRC1,1.7648737167734885
MRPS23,1.764791238155774
SFTA1P,1.7636493281738657
MAGEH1,1.7633451487398022
MAST1,1.763143815900384
PCDH7,1.7629446374627844
C16orf92,1.7622037676331066
TRMT11,1.7615914069374288
C1orf201,1.761213339918338
CHN1,1.7611950153165719
ATP5C1,1.761117204025946
GPRC5B,1.760788192316966
HIST1H3G,1.7607640514792702
TM2D3,1.7604615648600976
ATP6V1B1,1.760324737078934
DLEU1,1.7599944603846776
TIMP4,1.7595237998146402
SEMA4B,1.7591595466957963
TRNAR18,1.759133424389224
SNORA63,1.759107697983495
IP6K1,1.7590525284538856
ALDH3A1,1.7589928895287055
ORC5,1.7586298390546824
SYN1,1.7584950937665522
ARMCX5,1.7577883824756348
WDR69,1.757686203226827
TSHZ1,1.757666279390834
CDC45,1.757529394577745
JARID2,1.7557526311628315
ENO4,1.7552608751536363
C2CD2L,1.755145880198711
CCDC77,1.7550201641605603
GOLT1B,1.7545708454072984
PRH1-PRR4,1.7544842063272947
ULBP2,1.7544625314346651
CYP27C1,1.753290863171877
SNX27,1.7532897790556226
PLD1,1.752863961902986
SLC33A1,1.7523820207665755
SLC18A2,1.752047240614467
ZNF766,1.7499274251393677
TMEM17,1.749914361280866
PI4KA,1.7498898267665097
TMEM178B,1.7498303932933146
CTXN2,1.7496423418949465
MLYCD,1.7490211680358743
CACNA1G-AS1,1.7489284890126453
VRK1,1.7488094898074378
TRIM29,1.7486973118432876
SLC7A6,1.7483150379693115
UPK2,1.748276337940846
POP7,1.7480284676051487
DOCK5,1.747923442411231
C12orf23,1.7478426190811598
PLA2G4C,1.7475321460297581
ZNF365,1.7474961984706499
HIST1H4D,1.7471017205582906
SIL1,1.7468099689884724
ASAH2,1.7463817629028555
LOC285401,1.7458399529796786
ATP6V0E1,1.7458112457575305
HPSE2,1.745521542353255
TTC19,1.7448002550111694
EMC7,1.7447887338755523
LOC100505937,1.7447227068535935
VBP1,1.744362373148007
CDKN2D,1.7441408704701469
PIK3CB,1.7440958492412226
LOC100506718,1.7437351256537745
BRK1,1.7436021680204168
FLJ36000,1.7430931860695629
ACVR1B,1.7430586304999942
DLG5,1.743010047714253
C15orf44,1.742692972267835
PCYT1B,1.7425962904171615
CBLL1,1.7425581087779625
ITGBL1,1.742487524713815
LYG2,1.7424826805594567
ZNF256,1.742343298524106
PATE2,1.7421179660706023
CALCRL,1.7414148739985251
RASSF10,1.741239924987643
NDUFA9,1.7410006375579585
UBE2Q1,1.7408432900654707
SDHC,1.740380945289247
WBP5,1.7403337584914653
RPP38,1.7398681839827175
HACL1,1.7396722569770227
QRICH1,1.7393335085949049
SLITRK1,1.7384187844922248
ZNF624,1.7381531933446899
TMEM97,1.7379956681065813
DGKG,1.7372464870283393
CMAS,1.736957936712887
MAMLD1,1.7362546350624586
RIOK3,1.7357939308768568
MYO18A,1.7345152760036258
MIR210HG,1.7335946913924054
ANK3,1.7334536367267221
CDH13,1.7331488819725231
LOC728026,1.733129343853482
ACAT2,1.7331162644915623
RNF11,1.733042062842033
LOC100506471,1.7329647468494571
SCARNA7,1.732159793866318
UNQ6975,1.7319875375080864
AEBP2,1.7311822888203683
LUZP6,1.7308533911422623
SPCS3,1.7308150841194585
AP2M1,1.7304090190208503
TFG,1.7302110660073853
MCEE,1.7298535442139484
SLC31A1,1.7295543329054959
HDAC3,1.7294421980875532
ZKSCAN2,1.7284015103228234
NUS1,1.7281634672661779
PHF11,1.7278713460206534
LUM,1.7278374114281496
UBA1,1.7277065231499655
LOC100507280,1.727561437200501
RRAGA,1.727491608267582
LOC100652733,1.7262166281331033
EIF4B,1.7259546073699854
TIMM23,1.7257887346778162
PTGDR,1.7255038474452609
NOV,1.725501448249425
LOC100505661,1.7242207352496601
FBXL16,1.7231734940589778
GJB5,1.7228528808956636
CA12,1.7225237465428147
DET1,1.7223946137725585
RNF14,1.7223075074227885
APLP1,1.722258452469921
NOL10,1.722076322795064
CLTC,1.7213180663183518
HIST1H4A,1.7211224244103607
PRRT2,1.7208414759311699
ZNF226,1.7207852367618446
NOMO2,1.7185083602430398
CACUL1,1.717602260984278
PGK1,1.717489264994258
RPL35A,1.7169690045196337
CCDC28B,1.7166567626266882
NRBP1,1.7158791075243887
NT5DC2,1.7151448805458653
KCNQ2,1.7151394306146648
GEMIN8P4,1.7142696207973893
PMM2,1.7137656961161363
LRRK2,1.7136191762671142
LOC100128988,1.7135018596485598
ATP9B,1.71337471760443
RSBN1L-AS1,1.71319612767424
LOC727849,1.7128068297308894
PFDN2,1.7127209432988035
SPTLC1,1.712700416804634
CABP1,1.712609125453474
MANSC1,1.7120003379466802
CCL20,1.7119517043462287
NDUFAF4,1.7119511469773552
SNORD113-6,1.7119175150381991
SNORD114-21,1.7119175150381987
SLC12A2,1.7117928020354425
FAM95B1,1.711272729627742
LOC100506331,1.711254830099042
GRAMD1C,1.711174604720956
GTF2A2,1.7101647359841938
XYLT1,1.7097561301775774
ACD,1.70814525446794
APITD1-CORT,1.7072432234259693
SELENBP1,1.7069898186527008
MXRA5,1.7069189824035982
FAIM2,1.7067087320331322
HEATR7A,1.706364176856955
SPG20,1.7060302176304276
AMPH,1.7059149518082217
HIST2H3D,1.7058049138665725
LOC100507294,1.7050080756596802
WASF1,1.7039524424847587
YWHAZ,1.7037270880350623
MZT1,1.7036271699292755
C11orf10,1.7034202477897347
ITGA8,1.7033860679679385
CHRNA3,1.7031742758006807
CHRNB2,1.7027035887969797
MARCKSL1,1.701630531993404
CENPH,1.7014616834614298
LOC728431,1.7013463934571287
TMEM167B,1.700897323452674
STARD4,1.7003268731914019
TMEM175,1.7002217212441009
GPR62,1.6995652478047918
MMP16,1.6990318914648013
PVRL1,1.6987443109041227
SHISA6,1.6986509900468731
GPR89A,1.6984373591016952
SUV420H2,1.6975706567390638
CLIP4,1.6963114575124323
RASL10A,1.6961013835286571
NOL3,1.6956698228209592
ELK1,1.6955951055617176
RQCD1,1.694925586265444
LOC100653014,1.6948735126793937
LOC145783,1.6948085060148097
ZFYVE20,1.694215221701049
VPS26B,1.694143555492824
HPS1,1.6929676506259057
LOC645431,1.692963342323011
UQCRC1,1.6924290090550804
TCTE3,1.6923326256228257
MRPL3,1.6922376616994812
SPRYD7,1.6919523396455531
SPAG17,1.6918669372002222
NDRG4,1.6912452993099139
CCNF,1.691111384986868
EIF3L,1.6909074427732147
LYRM1,1.6901883971400617
KCNB2,1.6899149692933002
LOC145837,1.6893845668802667
MSANTD3-TMEFF1,1.68923858560916
SMURF1,1.6888341074897069
NIF3L1,1.6886463817469375
NDUFA8,1.688600074616972
DHX40,1.6885163149706612
IGFBP4,1.6883754741840713
CNPY2,1.6878203341754328
HSDL1,1.6877296022701276
GABRG2,1.6876664672845574
SNORD2,1.6872696753261465
KIAA1432,1.687093301621539
KRT222,1.6870404054865975
SETD4,1.6867282065980678
TOP1MT,1.6857612123735213
TRNAL7,1.6854607129391541
KIAA0922,1.6852051355336521
NNAT,1.685034362734371
C11orf41,1.684887412244831
SCN3B,1.6845921574952627
C21orf88,1.6845918933919737
ZNF324B,1.684353098585891
GDF9,1.6838093950250375
BTF3,1.6835363805588313
LAMB4,1.6834265560793464
SPAG5,1.6824089328623255
COPS3,1.682353648806726
KCNH2,1.682211090745088
ECHS1,1.6817488558147475
IMPA2,1.680594591180973
ECT2,1.6805776440057065
ARL6IP5,1.6795289424019932
C5orf63,1.6794608418382435
ZNF578,1.6789835570954414
NHEJ1,1.6787096234190495
SNRPD1,1.6777789841579196
KLRC4,1.6766817671593068
CASQ2,1.675972878185027
BBS2,1.6741797129019496
PAIP2,1.673879997947588
NME7,1.6738304571759708
SNORA8,1.6724965203796576
LOC100652887,1.6724518798000354
GPR12,1.6723414802919807
TTC21B,1.6721172496832193
CDC27,1.6719320190415674
FAM211B,1.671763786308192
SOX4,1.670546207195734
TMEM206,1.6704468028422064
ANKLE2,1.669540313726995
MIR21,1.669367835035616
TSC22D1-AS1,1.6692591406353867
PRPF4,1.6686978625054094
PYGB,1.6683567339055296
SETD7,1.6674025000146888
LOC100130776,1.6673987319907688
NACAD,1.667381283036049
CDR2,1.6663851360005302
ANKRD26P3,1.6661470134775338
TCEB1,1.6658333981630085
TNR,1.665828470126429
WRAP73,1.665433101476412
XPNPEP2,1.6648034028117629
RTN4IP1,1.6646269691933469
ZNF76,1.6635998696098222
PIP5K1B,1.6628188587193753
EIF5A2,1.6626759533839395
ENO1,1.6622066067168293
ELMO1,1.6621998038711931
LOC645249,1.6615496733147839
HIST1H2BL,1.6615092677233851
PPFIBP1,1.6614795041823913
PRUNE,1.6601096951008765
PLXNA4,1.660087851954228
C3orf37,1.6593449213095888
NDC80,1.65923862460957
BEND3,1.6591961239167614
PIK3R4,1.6591905330614096
PPHLN1,1.6580905872382834
RPE65,1.6570200996435678
KIAA1644,1.6568514482780858
C12orf50,1.6556875591977689
BAG1,1.654919108972446
ZNF568,1.6547733770446562
NUDT4,1.6542495799919188
AMPD2,1.6537279569388934
ANXA6,1.6528055887348585
FOXK2,1.6525950931156397
CTPS1,1.6525807060506084
CDC123,1.6511995954813967
COLEC11,1.6510971463101516
SYN2,1.6507732460299769
SYNGR4,1.6507295510511624
NUDT4P1,1.650464874866718
CTSK,1.649998971271019
PGAM1,1.649785804867825
G3BP2,1.649750970691393
PKIA,1.6491739916028985
PCNP,1.649074233704876
VPS41,1.649026651859653
UBA5,1.6487838405537865
UBE2O,1.6485349443024226
LOC100653024,1.6478294424746338
LOC100507411,1.6476876726334027
IDH3G,1.6475568525583244
OSTC,1.6458248970442184
PAN3-AS1,1.645786717575592
GCNT2,1.6450596947741098
PPP1R3C,1.6449755543845446
PSMB3,1.6448042264736065
RNU5F-1,1.6445217567037742
LINC00511,1.6442771290513933
GPRASP1,1.6442157273867104
TUBB4A,1.6441384175508016
CACNA2D3,1.643936912849201
LOC100505577,1.6436394316414893
DDC,1.6436090442373654
TAF12,1.643398322229766
ATP1B1,1.643358940257767
CYCS,1.642737677588598
RTN1,1.6425670252202145
LOC151162,1.6420079185763925
SEPT4,1.6418749652347822
PFKFB2,1.6418613421016215
CHUK,1.6405837690826865
FAM220A,1.6402590572038163
DDX28,1.639297392612959
ST7,1.6391605743275859
MTM1,1.6391432708227767
DKFZP686I15217,1.6391194992794733
ZC3HC1,1.6381692982179172
MGST3,1.638155859799022
R3HDM2,1.6381541475070487
RAB27B,1.63795100745769
FA2H,1.6378188489979089
XRN1,1.637789718974285
PRG2,1.637619068215053
TRAF4,1.6374660332465905
CCP110,1.6362065622561641
PRKAR1A,1.635677817130413
CDON,1.635482237842678
PCDHGC5,1.6352015963315216
ASB9,1.6352006185060939
PLCL1,1.63461995296461
FGG,1.6344062671306059
ZNF888,1.6340213944346054
NRAS,1.632598255974317
MAPKAPK5-AS1,1.6324715848488758
GUCY1B3,1.6322876248848825
LOC151121,1.632032394847043
SHISA7,1.6314834733178118
ADCYAP1,1.6314131968584236
MPHOSPH10,1.6313482840501117
POLR2H,1.6310852423487017
CNTN2,1.6310126528523161
SV2C,1.6307162371431707
CTNNBIP1,1.6305524143551688
CENPM,1.630348189947837
SLC16A12,1.6298754349720046
ZBTB8OS,1.6296218451730866
FPGT-TNNI3K,1.6296134415273553
EIF2C1,1.6291851002736435
EFCAB10,1.6288046752267664
GPR85,1.6282692802090364
DCTN1,1.6281839601983912
GOSR2,1.6281653365983868
LOC90499,1.6280227353863355
LRRC8D,1.6276165794972572
MKRN1,1.6275594275467207
CA1,1.6274998583235754
BCL11B,1.6267948152441443
MARCH4,1.626545009273371
NBEAP1,1.6263695471320934
CEP97,1.6262684015259066
UBE2N,1.625840382667963
PF4,1.6255410545454656
KRAS,1.6248932773237894
LOC100506804,1.6240479965120573
TUBB3,1.6228854182760915
PRICKLE2,1.622740798462296
TTLL12,1.6223902666769858
GTPBP6,1.6215810845213994
RMRP,1.6215552213058801
NPTN,1.6214817199149898
C12orf73,1.6208932741860664
NBEA,1.620738801310744
SLC35E2,1.6205413200009644
RFESD,1.6199327499519742
CA9,1.6196968150480195
POLR2B,1.6185071768440937
C18orf54,1.618178680345819
BEX5,1.6180097638114757
RCN3,1.617857380157273
FCN3,1.6173328981811803
SNHG5,1.616979347241315
RNPEP,1.6166622893314768
NAPB,1.615226739520883
IL1A,1.6152095917778226
EMID2,1.6149317833320271
TMEM45A,1.6148209020964106
SNHG6,1.6143928736466548
PID1,1.6134470103305067
LOC100507212,1.6134188907938332
RPL23A,1.6130446556394311
COMMD2,1.6127118352518022
GLOD4,1.6125746299670065
GPN3,1.611608425556335
ZSCAN12P1,1.6110410771588892
PANX1,1.6109941244721502
TBCA,1.6107172304799675
HLA-DOB,1.6106251931520974
SCARNA13,1.6105138646916748
ADARB2,1.6097579477153532
ZNF75D,1.6093175422231387
DUSP7,1.6091465464630859
CD70,1.608707759695773
SLC32A1,1.608704258979784
SEP15,1.6084366906961385
CLVS2,1.6083054363169627
MICALCL,1.6081564328744808
ICK,1.6076150235307012
PSME3,1.6075442308155232
LINC00599,1.6074681111792601
CCDC169-SOHLH2,1.6070177169859985
SSX2IP,1.6068456460117397
SDF2,1.6067222485913422
LOC286297,1.606273987761067
SAMD12-AS1,1.6058894006814324
MRPL37,1.605784390937541
FABP3,1.6056214789625465
KDM4D,1.605529974735938
ANKRD50,1.605287420484566
PPP1R15A,1.6047830549963396
PTPRN,1.6047012351832906
ATE1,1.6044802728260072
RAD21,1.6044686725232988
FUNDC1,1.6040362749517818
TRAPPC4,1.603778565541438
SNORD71,1.6036250002100525
LOC100505994,1.6035617313075878
LOC100134229,1.6035090318759628
TROAP,1.6032712777555984
SEPT5,1.603259128211857
ZNF275,1.602950097588122
RAB12,1.602890864143936
NUP50,1.6028654831015046
LOC283174,1.6025212291360484
SLC8A3,1.6023405578934007
MORC2-AS1,1.6021664810944285
COMMD3,1.6012510320730906
BET1,1.6011985012868721
STRA6,1.6007329520103992
GLB1L3,1.6005850266648858
LINC00477,1.5997921359533853
DYNLRB2,1.5997735225991065
NDUFB2-AS1,1.5991129732660556
HIST1H1C,1.5987652683455784
HNRNPA1L2,1.5986786602604175
RBPJ,1.5986667454776966
RHBDL1,1.5979667464923777
ATPAF2,1.5973350118504672
MRP63,1.5972455556076153
SERINC3,1.5972302793522055
MIB1,1.5969801948243598
GLRX3,1.5967753520402894
NAE1,1.5964971051996348
CLDN14,1.5963316408713468
SERPINI1,1.596091186532942
INSIG2,1.5960206949341302
MRPL39,1.5957072629654216
ABCG1,1.5955846099048516
KCNJ4,1.5950326215036745
SQLE,1.5947747804968366
HNRNPR,1.5942212437627874
C1QTNF4,1.5939623399724052
TIMM22,1.5937853348076183
ZNF514,1.592759524331529
FBXW7,1.5927033110694173
POLDIP2,1.5925326455515776
KLHL21,1.5924561371549248
ITM2A,1.5920693998610536
SH3BGRL2,1.591902464337549
PHLPP1,1.5919001928259748
REPIN1,1.5914534436243832
UHRF1BP1L,1.5914182301406024
RRAGD,1.591313230659514
WBSCR22,1.5912457981062895
FOXP2,1.5907827847773897
NOSIP,1.5906789574225324
SLITRK2,1.5905056674559226
SNORA11D,1.5897236442606153
TYR,1.589704685938803
KIAA0564,1.5896958828657364
ZNF589,1.5896728946058765
YTHDF2,1.5894910841534435
COX7A2,1.5892837193761575
C8orf40,1.5892132406916581
DRD2,1.5889897934194528
TRAPPC10,1.5884515791684464
POLR2D,1.5880980608454336
MEIS3,1.5880108836441758
NSUN2,1.5879153397392751
TP53TG3B,1.587537677460418
SUCLG1,1.586828050551376
OSBPL1A,1.5867910242508472
YIPF6,1.5860987185415925
MRPS36,1.5860656351121654
IL1RAPL1,1.5855015103923715
KDM6B,1.5850703033242675
MRPL42,1.5847440479236883
DCTN5,1.584663897882513
OST4,1.5844773794072837
HILPDA,1.5843019962748186
CREG2,1.5841611510614506
LOC100287813,1.5837166556419662
DCP1A,1.5831086597835533
MEIS3P1,1.582955671011094
LOC339524,1.5820909657100959
HOMER2,1.5820635696608123
PDZD11,1.5810249406773031
PFKFB4,1.5802114260330098
LOC100507460,1.5801064038202515
TBP,1.5801041112387115
ALG2,1.5799964781768931
PKI55,1.5799168078586752
CXorf22,1.5797661606749318
NRBF2,1.579645303406428
FKBP4,1.5791890170893665
PAH,1.5791337362763258
KY,1.5788364539984199
AP3S1,1.578765195377111
SLFN5,1.578665765574527
KIAA0319,1.5786073969605081
TRNAV11,1.5783648011241378
TRNAV19,1.5783648011241378
POLR3K,1.578056792564127
PSMB6,1.5780226672634152
C16orf88,1.5773889786217572
TBX5-AS1,1.5773648271933116
SMARCB1,1.5770120362646916
GABRA5,1.5767203423472134
FAM84B,1.576490230957172
TXNDC12,1.576473989628694
TMEM199,1.5762747757117934
ANKMY2,1.5759458516588063
BRF2,1.5756364407324284
ANKRD7,1.575557588284464
FOPNL,1.5755431183897217
PRDX3,1.5754253596946095
SLC2A3,1.5753657355627153
TUBA8,1.5746621801997562
FAM180B,1.5742633612228916
C3orf38,1.5739349456694252
MED21,1.5738637982246242
MAT2B,1.5737232489425557
LY6H,1.573707652634379
LOC100506801,1.5734264647758864
NPPB,1.5732950407699995
CACNA2D2,1.5726400489379926
LOC100506928,1.5722436643850026
C7orf53,1.5719391835582077
GSTM3,1.5713021344604556
SUB1,1.5709959304093604
C1orf216,1.5706416011046254
TMEM69,1.5705552373796405
CRHR1,1.5703567313872087
CHEK2,1.5699438319624226
STRADA,1.569787891987963
PRCC,1.569545051140003
NBPF7,1.5690168738557693
VAPA,1.5689143162093842
UBE4B,1.5687353650036786
GTF2E2,1.5687100134030574
N4BP2L1,1.5684422483746667
BRCC3,1.5684138945725863
DAP3,1.5678237005553832
R3HCC1L,1.5678105959200062
PLA2R1,1.5676561180972202
LOC283481,1.5669837743345456
PTPRO,1.5669684722565547
DCAF8,1.5669219941447114
SNCG,1.5668770982501956
HTR2C,1.5668210055925849
PSMA2,1.566413862371884
WDR61,1.5662779942627714
AATK,1.566146021958675
SPOCK1,1.56597894973514
SCARNA10,1.5658236308196876
CDH24,1.565783297970339
ZNF830,1.565647492894464
FLJ22447,1.565298569601659
MMS19,1.5649928282284196
C16orf87,1.5648718683017946
LEAP2,1.5647194129271742
ARV1,1.564643394474968
OSBPL7,1.564309952223891
AMD1,1.5641399719844158
UBL7,1.563896515885564
KIRREL3,1.5637461517195805
TUBG1,1.5636180107706592
DCP1B,1.5633515336980497
RPL17-C18ORF32,1.5627525166964802
SNORA10,1.5621090470169576
ADAMDEC1,1.561920265897186
FBXO15,1.561512878305141
TOP2B,1.5612851366170706
IGLON5,1.5609553512401135
DEF8,1.5604790447865122
ST13,1.56028041649361
PHACTR3,1.5602069851219729
HIST1H2AB,1.5600895217058512
LOC100131208,1.5599803761089122
DACH2,1.5598300469529938
C20orf132,1.5597629693467936
PALB2,1.559614003850851
GTF3C2,1.55959531197452
PSMA1,1.5592834982632289
SLAMF9,1.5588436684850824
TBL2,1.558462247495724
NRXN1,1.5582885128108799
MAGED2,1.5580872007882267
C2orf76,1.558049934850467
NPY1R,1.5580425831025861
ISCA1,1.5577248679923295
YWHAQ,1.5575872553902161
CETN3,1.5572400558932809
TTC39B,1.556925092723008
LOC100505525,1.5561508406101474
LOC100505869,1.555289152911313
NUCB2,1.555166972446963
LOC284215,1.5550663423892916
RPN1,1.5548302059489871
TSFM,1.5544607197830491
CCL18,1.5544355930709417
MORN4,1.5544059872623837
SCYL3,1.554198500354694
PSMA5,1.554121321217596
MIB2,1.5539064538381429
PSMD6,1.5532614385591568
MBTPS1,1.5527437085044788
TRIM37,1.5525379414375757
SH2D2A,1.550932905760804
GSN,1.5509117370623102
ZNF501,1.5508753922879988
CCDC64,1.5502646106905533
GCLC,1.5485249129083287
ACRV1,1.5481163797538768
ACP1,1.5479618294053998
ATPAF1-AS1,1.5479386655324987
KCNA2,1.5479164620826764
FAM53C,1.5478939235991602
LOC100287313,1.5476984883552347
HAPLN4,1.547564112339574
MFAP4,1.5475346841671593
SORCS1,1.5471834819256662
LOC100505909,1.5470847966692796
CDKL2,1.5469857331636043
EHF,1.546572930083344
RAD9B,1.5465560240059077
AP1S1,1.5465461445922832
SNORD114-4,1.5461509578790142
LDOC1L,1.5459018361191503
VKORC1L1,1.544754971368559
TXNIP,1.5445190614640874
LCN15,1.5441999640705146
LAYN,1.5439781009551239
IMPACT,1.5433502811095725
PPP1R2P3,1.5430096130806017
CAMKK1,1.5428364221137487
ZBTB8B,1.5421587133014147
DDX43,1.5421066489650352
VASH2,1.5420808939116015
TMEM42,1.5405651848519342
CDNF,1.5400221840368669
KCNIP4-IT1,1.5397681934252252
LRCOL1,1.539522453108988
BSCL2,1.5393373609450154
EARS2,1.5393036940556206
C16orf86,1.5390059600771016
CANX,1.5387636320966387
LCA5L,1.5387006139114918
EPHA3,1.5385976591196981
LMO7,1.538415864831114
SPATS2,1.538271141698478
CECR7,1.5378426013030717
PTK2,1.5374735806805515
NKIRAS2,1.5373332428753843
COG6,1.5369759071686993
LOC150935,1.5368946471073814
LOC100506354,1.5367664427124967
RNU2-2,1.536064481439687
ZNHIT3,1.5358511640440615
PRICKLE4,1.5353902429640214
AOX1,1.5351042811520723
C1orf106,1.535079982776595
ADH1B,1.534866250426875
KIAA0513,1.5347926480359104
ITGA5,1.5344987886002066
ALG14,1.5343920879585058
C20orf27,1.5342177805920467
C1orf123,1.5341102925353642
DUSP28,1.5334966986428065
COPS7B,1.5331219761032246
ACN9,1.532970857376667
KLHL3,1.5327966617421487
UCHL3,1.5316732522586098
ALAS1,1.5313618838376166
SMARCA2,1.5313100992363278
IGSF8,1.5309373784281557
RAB7A,1.5309134924284609
SIRT2,1.5309007391980858
ADAMTS14,1.5304728393760583
ZBTB38,1.5303039127340188
CD34,1.5302067300084057
RPN2,1.5300790657038508
NSMCE4A,1.5295946927378796
RLTPR,1.5291978191308582
CAMK2A,1.5287483173673242
IL20RA,1.5276394634905537
CLMP,1.5269939947957374
SNN,1.5258614188453374
TMEM57,1.5256811038544782
LOC100126582,1.5255006064699388
LOC100652824,1.5254569965148699
RC3H2,1.5249146333610057
SYNGR1,1.5248528206600358
STON1-GTF2A1L,1.5246388045236874
SCGB3A1,1.5245154430443646
DECR1,1.5235584544449219
ACER2,1.523415393452008
LPHN3,1.5230172542639477
LOC100289396,1.5225784289290094
SLC5A3,1.5225655061084689
C10orf125,1.52249616430502
VPS4B,1.5217401254923273
SNUPN,1.5210717030765086
EXO1,1.5208100359083256
LOC100506676,1.5207701844391484
PDIA2,1.5204205346556212
CDK7,1.520368558385386
SCARB1,1.5202517926207202
TNFSF9,1.5202187464447097
IAH1,1.520044915572579
MRAP2,1.5194609263211578
UBE2G1,1.5194520021836186
MRPL53,1.5194072024046783
LOXL4,1.5191038597982127
RNF208,1.5190794675138655
DEDD2,1.5184704348936395
KCNJ1,1.5184191306262698
SREBF2,1.5181588390413805
DUSP2,1.517869314468003
HIST1H3E,1.5177993102543734
TTC23L,1.5172759551284372
C7orf13,1.5168914941337615
LOC100508226,1.5167451761598978
PLCXD2,1.5164714667590578
PSMC5,1.5163313078686187
DNAJC27,1.5163274807417073
LINC00086,1.5161395427577025
BBS10,1.51609935984589
WFDC2,1.5155204874139463
ANKRD37,1.5152875833493058
LOC100506247,1.5151937944585128
ZNRD1,1.5151289950294917
DOCK3,1.5148158362631807
LOC100506963,1.5147696243221158
PIGA,1.5146519631177862
SLC17A8,1.5144497640968013
SLC5A4,1.513227441201944
FAM24B,1.5131532012571614
TSR2,1.5130168230420498
TCTEX1D1,1.512690308100253
OSGIN1,1.5125711984869419
SNRPC,1.512378304176628
FAM168B,1.512355527496219
TMEM200A,1.512259685542485
LOC100652897,1.5122582904710478
ATP2B2,1.5114801742017483
OR2A7,1.510402176221907
MLH1,1.5102344260074907
RNU105C,1.5097986391715528
GOLM1,1.5095210184720707
IMPAD1,1.5091679121706492
UROS,1.5082185655739009
LOC392196,1.5081280525422576
SEMA4G,1.5072337910767244
GLS2,1.5068666722913584
CCDC78,1.5065168170278653
DNAJB13,1.5063906053747367
MYH10,1.506258567881158
NSMCE1,1.5061537822112612
CHGA,1.5058321292278274
SYNPR,1.5054941577960685
ASXL3,1.5054786377387976
D21S2088E,1.5049402698787888
CHGB,1.504785051060307
CCDC43,1.5047405028973868
DARC,1.5047028478617577
KCNV1,1.5046981506243826
DEPDC7,1.504425847969529
TSSC1,1.5041307366026708
ETS1,1.5032137834784758
TNFRSF25,1.5031629396218902
SOHLH2,1.502306232805378
SPACA5B,1.5015979843009644
PHAX,1.5014672734396481
TTC18,1.5014202803090306
LOC730081,1.5010399049010494
RPAP2,1.5008742925772378
RPL26,1.5008572313744468
GCNT4,1.5006278740763412
WDR11,1.5006237797294262
LACC1,1.5004682574606147
SPATA9,1.5004151470633011
SVOP,1.4990672034490122
TMEM242,1.4985352236897003
SLC16A14,1.4984470267186905
PHLDB2,1.4984368706314741
LOC100506431,1.498334126130865
ASH1L-AS1,1.4968811225271554
C17orf28,1.4967840004087114
AGTPBP1,1.4967226116550734
WHSC1,1.495984424798502
SLAIN1,1.4958955879586782
EIF2B3,1.4956749179558726
DIAPH3,1.4952935281406818
SF3B14,1.4945495466141894
SNORD116-19,1.4944812984866989
PTER,1.4944811798784432
MYBL1,1.4941006612608803
CIRH1A,1.494061263302243
PEF1,1.4939776454907996
HNRNPA1,1.4934736864127316
OR4N2,1.4932072100948812
C1QBP,1.4927311423168572
CLK3,1.4923724457831526
HNRNPA0,1.4923542325479708
PPP2R1A,1.4918234077334767
TRNT1,1.4917832419026884
SNORD7,1.4916284909728237
ZFAND1,1.4914968315338044
TMSB15B,1.4911590638958896
LOC100288449,1.4911042643707821
RSL24D1,1.4909597991723844
MGC39372,1.4908912382858053
CEP192,1.4908485409629377
FIBIN,1.490595990996258
C3orf23,1.4895600514000897
LMTK2,1.4892395879753733
RNF112,1.489057304536805
COPA,1.4888085452370676
DCAF7,1.4886342309442293
LOC100505921,1.4882327034417056
LOXL1-AS1,1.488164806673321
PLIN2,1.4873915066933665
C20orf112,1.4873912212620828
HULC,1.4871374755150037
UAP1,1.4868636287616486
CDS1,1.4863951724763746
CXCL1,1.486277861985831
CERS6,1.4857332624322235
MTPN,1.4856165150130871
PNCK,1.4853360974572791
SCARF2,1.4839001115084616
FSD1L,1.4838719631086301
UOX,1.4837766262898515
SNORA67,1.4836268381097975
ATP7B,1.4834249262188042
MBP,1.4832629679817786
GSTT2,1.4819465987995062
SCAND1,1.481617505662029
RBM11,1.4815789064974854
HIST1H4B,1.4815709135840103
HIST2H4A,1.481539923286604
HIST2H4B,1.481539923286604
ZNF346,1.4808659429277078
NEK2,1.4805479246095885
HCG4,1.4804044854332328
ETNK1,1.4802026326481528
BTNL8,1.4800480818571005
DOLK,1.4800321404725332
ELOVL3,1.479642003852249
FAM192A,1.4795351509628454
SLC25A4,1.4793374760496518
ACTL6B,1.4792640649878175
FTH1,1.4788789821760655
RNF217,1.4787943279719165
IQSEC3,1.4787624963592934
NUP155,1.4784965503469434
PLK2,1.4783890757615499
C2orf74,1.4782787893702003
HCCS,1.478267154535035
LOC100507487,1.478121255642673
SLC17A7,1.478020085345661
CUL2,1.477794497146215
LOC650368,1.4772960250065281
WRAP53,1.4771365145302
CT45A6,1.477075496990308
HIST1H2BG,1.4769403075444845
GPX3,1.4762327552790695
EIF1,1.476069581200018
ASRGL1,1.4759763102977066
DKFZp686O1327,1.475936908457405
PPIAL4A,1.4758207654437363
PCDHB3,1.4755936451992016
TMEM92,1.4755416895111269
EPB41L3,1.475278094248732
CCDC127,1.4745527269088896
FAM71F1,1.4744396813537244
RRM1,1.4742415243524651
KLHDC7A,1.4740113214375345
MRRF,1.473969946015995
CCDC90B,1.473677204478144
TAF13,1.4735417050798825
HYAL3,1.4734710414479015
TAF6,1.4725880841474983
EFCAB3,1.4723293951422602
SPRN,1.4721038889864153
LOC284751,1.4713331929171711
DYDC2,1.4710127378302689
EDEM2,1.4707035679339364
MTFR1,1.4706747234603932
CADPS2,1.470351587586822
MBD1,1.4702619636974708
SH3D19,1.469998391995221
LOC100499467,1.4696237593139403
LGALSL,1.4695998219127981
LOC729658,1.4691393411672609
LOC100507025,1.4687065309696195
ERI3,1.468582976383939
MRPS6,1.4684608774546892
MCAM,1.467868174261447
KIFC1,1.467610967317116
GJD3,1.467529244257074
FIS1,1.4673889325542973
SLC37A3,1.4668652048536452
ILKAP,1.4667386261056663
GBP3,1.4666634478860678
TMEM194A,1.466382584655275
ME3,1.466309332363438
KIAA0182,1.465935227632822
ZNF215,1.4656712708414994
C19orf69,1.4655448528048625
ASGR1,1.4654574750735734
C17orf49,1.4650604034453678
LRRC15,1.4648433909467993
ONECUT2,1.4646534825020863
MRPS33,1.4631918374320776
PCP4,1.4629638154243894
SNORA18,1.4628205631414228
HSPA5,1.4627168034765599
NDUFB11,1.4623986933116548
CLCN6,1.4617725145316243
MGC21881,1.461619966069763
ASAH2B,1.4611432410697816
PPM1J,1.4610727781711712
ZNF165,1.4608231274832333
KRBOX1,1.4607125574173891
ZNF521,1.4604657717450122
BCAS1,1.460179563153448
KIFAP3,1.4596557557180114
TBC1D9,1.459521259793856
C3orf55,1.4594189967376763
THOC3,1.4583309834163547
INS-IGF2,1.4582764165582234
INTS10,1.4579730680303484
LOC100507463,1.457800998784745
CRADD,1.4576040142118398
LINC00426,1.457581123453859
PPP1R12B,1.457212503411726
C5orf47,1.456731566371246
NUP37,1.4564949198664356
FKBP1A,1.4563553632971846
GTF2H3,1.4562047570556387
BNIP3,1.4560744472379479
SEH1L,1.455981037510264
PDK1,1.4559047921842523
SELT,1.4556785108041497
MRPL36,1.4555946198130156
LOC100133190,1.4555922333285234
CELA1,1.4551527193204534
C2orf43,1.4551034950693833
EFNA1,1.45509605596957
TCTN3,1.4547844799086826
C9orf174,1.4547543195401107
HINT1,1.4546548351666613
DBIL5P,1.4540749767458565
ZBED3-AS1,1.4539216243927708
NOMO1,1.4529985281088282
FAM210A,1.4527028174483232
HPCA,1.452403857670442
ROBO1,1.451826113291659
EHHADH,1.4517215089942805
MCTS1,1.4512393014990954
TULP4,1.450939448553671
TWIST1,1.450801201411898
ZNF124,1.4502129739248688
NT5DC1,1.4501270934295751
ESCO1,1.4498772907838342
DYNC2LI1,1.4497225869376578
EBP,1.4496314956321306
SH2D1B,1.44928946532487
COPS4,1.4491131255915963
KIAA1324L,1.4487220221234924
ACAP3,1.4482429532914594
CCT4,1.4481632257323922
CDK18,1.4477025430641024
CCT6A,1.4476805283219951
SLC22A5,1.4474352906547217
UBA6,1.447388533294549
RBBP8,1.4466137542569752
ZNF485,1.4463566316464576
STX1B,1.4460193074634036
FAM203A,1.445436012942244
TNFSF11,1.445408758467863
ABHD6,1.4451807238509755
NDUFAF6,1.445130827606287
ECE2,1.445126267251769
C1orf141,1.4450377480207703
HOXC6,1.444973153604384
NDN,1.4448625102857402
KATNB1,1.4433841723818441
CDC20,1.4433455167843496
EXOSC5,1.4431406883024362
ZNF804A,1.4420442474742794
DLD,1.4419067910848669
PAK2,1.4415355392988842
RNU4-1,1.4410626391302155
PTPRD,1.4407444632757942
PRMT10,1.4403201355783082
CDC37L1,1.4400852309683323
C8orf44-SGK3,1.4400448848559844
ARL1,1.4399063730671458
TKT,1.4397629950157997
LOC100506802,1.439682456587601
CPSF6,1.4395974693142952
LOC100128239,1.4395594363124475
LTF,1.4393980768856183
SRPK3,1.4392864191562156
DHRS12,1.4390795632442388
EPHB2,1.4386038306647808
CNBP,1.4384494916296042
ZNF32,1.4384345958216471
PPIE,1.4382872018877235
NAGPA-AS1,1.4382730222926863
TEKT4,1.4376671863411163
NDRG1,1.4375291942076984
EGFLAM,1.437385450566677
TF,1.4369026788808108
TMED2,1.4366068017000553
HEY1,1.4365758726900049
LIN28B,1.4358305149006945
RNF10,1.4354862120394511
PMPCA,1.4354850546033904
CLTCL1,1.4354139593125932
PMPCB,1.4354077296200731
FAM19A1,1.4351733861793319
LOC100506402,1.434759559830104
PDIA4,1.4347417846243575
RNF175,1.434299395964256
SNORA70G,1.4339296153629078
HRASLS2,1.4338278044851354
GNPDA1,1.4338184686956699
USO1,1.4337674298943544
ARAP3,1.4335661091862557
IL34,1.4334018689692527
MBIP,1.4331412293835983
MYBL2,1.4331144859746148
PPP2R2A,1.4330244583449154
TRMT61B,1.4330012676696389
RAP2B,1.4328511551995124
LOC100505972,1.4325743447992103
IQGAP3,1.4319730447648507
NRXN3,1.4319483224756013
SMYD3,1.431633530029851
BCAS3,1.4312203647785293
METTL5,1.4311588853590036
SMAGP,1.4306008081584065
ARMC7,1.4304865786062644
GLT25D2,1.429673550502795
DLL1,1.4295488337701547
NKAPL,1.4290871220141754
NCR3LG1,1.428849205716335
WDR16,1.4286470573485326
LOC100507547,1.4286372698985648
WNT11,1.4284081191858229
KDM1B,1.4282809691624367
CASC3,1.4280779786787552
SLU7,1.4273201820730461
LOC100505912,1.4272300470093355
HSPD1,1.4271026155549293
GRM5,1.4263001275482838
HBXIP,1.426075027632907
FAM89A,1.4260234082421512
NDUFA10,1.4259947674952427
TBL1XR1,1.4257354033217629
WDR45L,1.4254230525034788
LOC100294145,1.4252002379464264
TMEM187,1.4242807305288012
GPSM2,1.4242375544195933
LAMP2,1.424038279303386
PPP2R3C,1.423942337754638
ZNF229,1.4237231824438794
SLMO1,1.4235836528158539
NDUFB5,1.4234657692638142
YPEL5,1.4230035461595547
SNORD94,1.4227578234943004
RAB41,1.4225439208949215
VPS29,1.4223505147385254
HDAC9,1.4222454001532936
DTX4,1.4217647438171126
C5orf58,1.4212407145531742
PIGF,1.421075304403213
PSMD8,1.4208184692937427
LCLAT1,1.4207978145507147
SHOC2,1.4201240487603548
DNAJC19,1.4195844456888915
LOC100126447,1.4195230625696211
SPINT2,1.4195036632569136
KLHL15,1.4193159287589532
LOC440356,1.4191892106528923
TARSL2,1.4191722821276556
RRAGC,1.4189286005261537
IL17B,1.4188604279220247
SLC35G1,1.4188177584588306
THY1,1.418672235691823
RACGAP1,1.4185396296484065
C7orf50,1.4181194213896255
LOC100240734,1.4180533788157539
TADA1,1.4179336529495097
FIGNL1,1.417733889727496
PAN3,1.4169585449560356
SLC25A33,1.4154409008124058
STT3B,1.4151183357077624
FDFT1,1.4150679809671636
THOC7,1.4148968893915777
ZP1,1.4143672640261549
PSMD10,1.4141978193852276
UBXN10,1.4137277046058783
FAM3C,1.4134774023013572
LOC100652748,1.4133362886294014
CEP152,1.4132804539037036
DROSHA,1.4130701310648655
LCN6,1.4127958860589687
LOC730101,1.4125638989402007
GLYCTK,1.4124973304589814
DUSP9,1.412226728710921
C1orf115,1.4116150618675107
ELAC1,1.4114470492013849
LOC100507433,1.4110631755493084
ASTE1,1.4110237429693695
TMX3,1.4109972818401246
SNORD3A,1.4106326184274591
CLEC4D,1.4105748962136622
UBIAD1,1.4104537486990305
MYOT,1.4103122758686675
SH3BP5,1.4098926415170352
GLT8D1,1.409818398715677
KIAA2022,1.4095296035915958
ZNF211,1.4093806528374921
ZNF740,1.4088383569906884
SH3D21,1.408806385774065
VEGFC,1.4086072079105616
NDUFA12,1.4085008073612066
ATP5J,1.4084635147363913
THRAP3,1.4083776174817877
TBC1D5,1.408371828296442
CDK15,1.408180366726874
SLC25A17,1.408116580873353
COX14,1.4079202985092703
MIR29C,1.4076241916862204
LOC645638,1.4070986873080062
MKKS,1.4068634274214398
ZNF184,1.4065741465681816
DYNLL2,1.4065079066384238
UGT8,1.406403580743792
LOC339505,1.4063041705605492
LOXL2,1.4062835872799055
CELSR3,1.405807001238265
CCDC51,1.4054046903884234
RPL22,1.4053043709906616
UXS1,1.4049672909055833
WRNIP1,1.404595288186508
PTH2R,1.404263640537799
OVCA2,1.4036091475563437
ADH5,1.4034657342027606
RNASEL,1.4030426185882938
ME2,1.4025098560105573
DNAJB9,1.4017445780866122
ZNF643,1.4012685875807387
TSPYL4,1.401171873737891
RUNX1T1,1.401144422001167
C9orf43,1.401011140884502
CNTF,1.4009966566654588
EIF4G1,1.4003632607536893
MRPL46,1.4003424818464172
NDUFB2,1.4003217788445617
HVCN1,1.3998681943003095
HBQ1,1.399617266656625
CXCL6,1.3995300144075244
LOC729040,1.3994951527280217
ECH1,1.3993535091790117
GAS5,1.398356568846596
SAMD5,1.3981511674665967
CNTFR,1.398012410030931
CKMT2,1.3980117695875913
IKZF5,1.3979851302849962
EIF2B5,1.3977293162994668
DCAF12L2,1.3976747804328595
LOC441179,1.3970843557096302
UBE2E3,1.3965831767503318
GAST,1.3965596364620623
DDX41,1.396090560634814
C6orf48,1.3960509206012404
MUT,1.3960094616016647
MXD1,1.3956872044197657
GPR173,1.3956491393420425
HFE,1.3953436318124115
CTAGE6P,1.3951276457084694
ARPC4-TTLL3,1.3948784818260982
PSMG2,1.394609936422051
LRRC9,1.3943594670279829
ALPK2,1.3942612011167939
FAM123B,1.3940530877664083
RNH1,1.393960288011864
PECR,1.3925494134519245
F5,1.3924838695602069
LOC100507359,1.392432834342039
C9orf171,1.3924125930591622
ZNF789,1.3922548956449712
VPS39,1.3921478293820237
CCDC82,1.3916876770464282
GABRA4,1.3915487903508357
LOC201477,1.3915434618056928
SCFD2,1.3912671227520823
HPCAL1,1.3911922947377138
ZNF586,1.39111824935358
TPM1,1.3908366282619042
SEPT3,1.3906881495774392
URGCP,1.3900254258454336
NTNG1,1.3898102870092717
LOC650226,1.3896193335581002
EDIL3,1.3895290019386997
MYO5B,1.3894622111239032
SPINK1,1.389354595112893
HSD17B7,1.3892955664460085
CHRDL1,1.3890843224506642
NFYC,1.388694750335689
ACOX2,1.3886648494752236
PHOSPHO2,1.3885118801497667
MC1R,1.3884801123608181
STK35,1.3881779217219066
AGPAT6,1.3879615872864295
LOC100289251,1.3878808571305348
C12orf32,1.3878418754032242
MGAT5B,1.387773325367534
PKD1L1,1.3877328167606666
CBR1,1.3874951736754535
PCDHA1,1.387254265349377
ISY1-RAB43,1.3864760475974351
SRP68,1.3864283757900695
TCEAL5,1.3863937167525515
SNORA20,1.386168020015205
LRRC40,1.3859719743336842
YOD1,1.3853098601372806
TRIM28,1.3852498794604027
CCNI,1.3849877367793682
MIR31HG,1.3847891618562675
COMMD3-BMI1,1.3845144663651794
IL1R2,1.3845010342511626
FNDC9,1.3842557908092528
PCDP1,1.3835139085808077
ZNF48,1.3834678826209348
ALX1,1.3833056594352888
GIT2,1.382893254579751
LOC100506014,1.3828518619104109
NCALD,1.3828426538310974
TMEM61,1.382487518003683
MCM7,1.3824219239336752
WASH1,1.3823585039264878
LOC100506859,1.3821666122489016
RNGTT,1.381855273596494
MICAL3,1.380885823989603
UMPS,1.3808564373769727
LMCD1,1.3808219110920514
ENOX1,1.3808180822948735
SEMA6C,1.3806748040942896
NET1,1.3804037725889347
SNRPA,1.3802418136822823
PIGB,1.3798150297476546
CCT6B,1.3788870105014877
B9D2,1.3783435387443295
ATP2A2,1.3778710870394542
PLOD2,1.3775957217815213
NONO,1.3771501782879532
TLK2,1.3766280515685285
HLA-DPB2,1.3765981962967928
SNRPD2,1.376434062172692
NRD1,1.3764251165710077
MAP7D2,1.3764048462030742
FAM102A,1.3760417469839716
FXC1,1.3758853007037106
TSHZ2,1.3758292999184938
FHL5,1.3757137951784146
RHEB,1.375501481658047
LRP11,1.3754939844699277
LOC285540,1.3754108248000532
PRSS53,1.3753159075625327
SYT10,1.3744293423804415
FUT11,1.374378081714633
TOMM5,1.3742640467222806
PARM1,1.3739663979662935
GCSH,1.3738890435829743
WWOX,1.3732863775859354
RIOK2,1.3732478003615758
PRDM15,1.3729187007517962
CCL13,1.3725835655117096
FLJ43663,1.3724922867356508
ORC1,1.3723804239650201
DPH1,1.3722732884809241
MAGEA12,1.3715090057158945
GDF10,1.371502743101456
PERP,1.3713920414391063
PRDX6,1.3706691549488876
ZNF98,1.3703542078176199
ATP9A,1.3687198134081084
NKD1,1.3686863727103282
SNORD114-2,1.3685824761924124
LOC100652876,1.3684391274703158
FEM1B,1.368306087248214
SRPRB,1.3682846571247744
SLC30A3,1.3680435218447806
IQCG,1.3679346914178607
KIF1A,1.3677286543359364
ATP5G2,1.3667234968094204
RND3,1.3661970037087554
LOC100506624,1.3659842943013465
C14orf129,1.3659422515868553
ADSSL1,1.3657700629154086
SNORA19,1.3655015879750882
VSTM2B,1.3650590468887953
AP1AR,1.3645068705571959
SLC25A36,1.3644866205580302
GTPBP8,1.3643082317519042
TSEN15,1.3640078604050925
PRKRA,1.3635167892707911
C21orf119,1.3633586807010718
DPY19L2,1.3631394039822333
UBE2R2,1.3628887842671067
LINC00539,1.3609958031712392
ARSG,1.3608730507051205
LOC100505988,1.3608096423833806
FECH,1.3607531290281027
GPC5,1.3607409999139952
PEMT,1.35973220486297
DNAPTP3,1.3591576846431415
CMTM8,1.3588996640945703
LOC100507317,1.3588748594526294
CCNDBP1,1.3583798363412436
ANKRD30BL,1.3581917077040695
TRAM1L1,1.357914813512849
TRPV3,1.3574876699811311
SCHIP1,1.357247090488148
DDB2,1.3572135547353144
PIGM,1.356843884760683
HTATSF1,1.3567088823045779
HIST1H2AK,1.3563307681021457
CMPK1,1.3563045442336734
LZTFL1,1.3562896976244394
SCLY,1.3560062250458083
C8orf33,1.355766973064025
CSNK2B,1.3555277742792238
KDSR,1.355066533830105
NXPH4,1.3544526818423501
MANF,1.354214907456868
LGALS7B,1.3539127185533206
CCL26,1.3537742939579898
C6orf130,1.3537487329065638
COX7A2L,1.3537330552158289
RCAN1,1.3533202977486054
MRPL45,1.3527584768988572
INHBA,1.3527239863139409
TOPORS,1.3526293956850441
IGF2BP3,1.352523635204061
BRWD1-IT2,1.3522019511998176
PKP2,1.3521733368180253
TRAP1,1.3519719429755956
DUSP8,1.3517362414224685
RDH16,1.3516827263068896
SF3A3,1.3515710307614213
TMF1,1.351401824635747
RSPH9,1.3513710096221119
HIRA,1.351182131814245
SNORA65,1.3509456465250214
GLA,1.350710225459988
LAPTM4B,1.349744908702431
PIGS,1.3496456587213481
VDAC3,1.3495941222097076
LARP6,1.3494404699472804
GNL2,1.3489706372612713
FBXO38,1.3489423991677794
LOC100506629,1.3484110914566179
HMG20A,1.3483989926393185
CACNA2D1,1.3479255478254681
C16orf58,1.3477877370388787
LOC100506777,1.3474554360167963
PDCL3,1.347269546944548
MLF2,1.3470889496613416
NIPSNAP3B,1.3468987593759896
CSAG1,1.3468528496315777
SUMO1P1,1.3465118055998366
RERE,1.3463020166221356
ULK4P3,1.3456323862594186
COMMD1,1.3452144130297345
ZNF730,1.345084735010023
NDUFB8,1.344802819331152
EIF2B1,1.344794308012264
NOP16,1.3447291214349417
SORD,1.3444963972281787
LAPTM4A,1.3439036418774721
LOC100652858,1.343728878281201
EIF3H,1.343689887960786
GUSBP5,1.3435967876980646
LOC643085,1.3435170059502881
SLC39A2,1.343450474448469
GXYLT2,1.34311600074502
RNF13,1.343113748333994
GBE1,1.342760824448312
CD163L1,1.342208604421797
METTL13,1.3421514500744554
LOC100505817,1.3409324737875103
PPP6C,1.3406704253419592
B2M,1.3402643057602204
CTTN,1.3398914287465093
CHMP5,1.3396618207641149
SH3BGR,1.3395904969836958
PTGR1,1.3394026290327918
HPS3,1.339096083342163
TM2D1,1.3388471850689323
HSP90B1,1.338407086832884
C19orf76,1.3382812849124162
NUDT21,1.3379661379065606
GTF2I,1.3379031722863506
ATP6V1G1,1.3376122493498124
CKS2,1.337540704179074
SNORD11,1.3375041271108703
HDAC1,1.3374247778334822
C1GALT1C1,1.3368865607397915
UBE2D1,1.3363742762188588
LOC100652799,1.3361790564375287
C12orf44,1.3354079641446015
RANBP10,1.3345954365583845
NKRF,1.334330210013087
RICTOR,1.334182368842957
SSTR2,1.3341761661853375
ZNF232,1.3341751603714862
NOB1,1.3339611439123331
SCAMP3,1.333757776151694
WBP1L,1.3335383630354938
TMED5,1.3335067454844902
PIP5KL1,1.3334822363583758
RSPH3,1.3333269024963008
C8orf56,1.3330652238259157
STUB1,1.3329155966481467
PAIP1,1.3327090891614157
SIRT4,1.3322663434549187
ZNF613,1.332040385271801
C8G,1.3319863799807996
PDYN,1.3315922146253334
ESRP1,1.331202781242926
SNORD15A,1.3311509521162266
CWF19L1,1.330959770672068
PRPF38A,1.33072589984128
RNF5,1.3299440978035901
PLEKHG5,1.3297954978715676
POLR3F,1.3296302820588193
SLC25A46,1.3295644021655055
CLDN1,1.329523792234135
ICT1,1.3293557511424567
KCNK3,1.3292128582644531
GNL3,1.3282085239390706
ARHGEF5,1.328099518108207
C12orf70,1.3278280609145572
MYF6,1.327813678020093
APEX2,1.3273904528426619
DTX1,1.327325472601749
NECAB2,1.327316336202283
CCNT1,1.3272400350350066
RAB9B,1.3268605033664702
CCDC168,1.326725025636605
C12orf57,1.3267001471761555
SUCLA2,1.3266446279824127
C1orf9,1.3263343573286568
FAM86JP,1.326284066094117
LINC00310,1.3259059084742695
GABRB1,1.3253481174558912
PRTN3,1.3249408585062823
FLNC,1.3248503715304327
ZNF227,1.3246102134306987
SGPL1,1.3244788322702892
MAL2,1.3234863054871675
ACADVL,1.3232749254477616
WDR36,1.322772524576937
OTOGL,1.3226434612229045
BCL2L1,1.3225771635650136
MFSD6,1.3223964038951879
TIFAB,1.3222461834118493
CKS1B,1.3221634512348281
MTMR6,1.3216177686286243
MRPS35,1.3214415742981807
TSPYL1,1.3210155613456045
EXOSC8,1.320920086313606
LOC100507136,1.3207021807951185
SH3PXD2B,1.3205827376407857
LOC100506253,1.320464520676266
SCPEP1,1.320444056884776
HS3ST3A1,1.3200234156993473
LOC100506487,1.3194871446317022
WNT10B,1.318406394820853
PARL,1.3183917513830623
LOC441666,1.31835461602699
COQ10B,1.3181819430888784
NARS2,1.3181717101018895
MRPL50,1.318026094580694
CHRM3-AS2,1.3178585797652136
NDUFA5,1.3174940631608674
RASGRF1,1.316971992708185
PRR4,1.3166578879359705
LLGL2,1.3159862889360399
PIGZ,1.3157473509707978
LDHD,1.3150963472167798
SF3A1,1.3150482399006371
ZNF221,1.3148784989320221
NDUFB3,1.3146153927962694
FLRT2,1.3142218767831533
KLHL32,1.3136975663504706
UBP1,1.313415660802136
PCDHA5,1.3128589957309325
KIF4A,1.3125889603268495
IPPK,1.3113143940793073
LOC100128364,1.311226624302087
LOC100505795,1.3110369028996414
FLRT3,1.3110127799743179
PEX11A,1.310707540561269
LOC100506800,1.3104934551069083
CCNY,1.3101393464975577
ERCC6L,1.3100743887479318
RARB,1.309738782030594
PPIC,1.3093877166750922
SNX29,1.3090782359596895
HIST1H3I,1.308932476357045
SOX5,1.3088429837587336
DPF1,1.3088299115367794
NANS,1.3086960585755922
FAM194A,1.3083070043894185
CLSTN3,1.3075844318245173
PCK1,1.3074525109365283
ATP6V0A1,1.3073266418845166
C10orf108,1.3070430602864607
RANBP1,1.3069816801981629
TOMM40,1.3064711868731502
AHSG,1.3064434679374297
RFC3,1.3063915908343982
TMEM38B,1.3062066510579522
KDM3B,1.3059818077935883
STAM,1.3058594268768822
RSL1D1,1.3058131912142634
RPL23,1.3054847112670456
GLCCI1,1.3053148887263037
MAP1LC3B,1.3053099861775244
MRPS7,1.305212551242341
FAM86FP,1.304764731977648
LOC646627,1.3046434066509836
CPLX2,1.3044461428569012
SUGP1,1.3041397510781985
SLC25A44,1.3039195704301236
MBLAC1,1.3036178532558564
YES1,1.3034745936665495
ALKBH1,1.3028305083743763
HAR1B,1.302747549485905
MARCH5,1.302623095150136
CDK5R2,1.3023045689178243
AARS,1.3022575159763905
BTBD1,1.3021490718575996
ZNF584,1.3016237434017364
CMC1,1.301584932803736
ZNF195,1.3014441909761494
GSPT1,1.3013881544637513
MAPK4,1.3013874241774355
SH3GL2,1.3012425809673678
SLC25A38,1.300635522354613
MED23,1.3006125994455924
MIR3918,1.3005905763112726
ASAP1,1.299509322336082
IARS,1.2991263914374263
LOC100505588,1.2990769645583125
MAPK9,1.2986094652909719
PTPN23,1.2984287648154724
KHDC1,1.2979811826186982
LOC100128071,1.297979982005029
COCH,1.2978170884621179
TNNC2,1.2971081507266773
BCAP31,1.2966441395539405
PPEF1,1.2961134039843347
RAD51,1.2959203329518987
TLR4,1.2958832877123563
VWC2L,1.2958788274486877
GPRC5A,1.2955694201378973
RPF1,1.2955574242907926
HIBADH,1.2955081905298351
NDUFAF2,1.2953463729271169
UGDH,1.2950099661242165
SEC11A,1.2948077119183978
GMPR2,1.29474751821284
UTP6,1.2946877945297903
PREP,1.2946577110294184
SLC2A8,1.294238199095922
DUS4L,1.2939037262367394
ENY2,1.2937054363293414
LOC100302640,1.2934414150904254
SMARCD1,1.2932892935901807
TRPM8,1.2931029960899847
TRIP12,1.292523855805105
C17orf80,1.292438439445405
CNOT6,1.292190208763742
PRR14L,1.2919567687681974
ZAP70,1.2914977791988516
XPO7,1.2912746021692487
ARL4D,1.291260420040713
LOC100505675,1.291144604542897
EGLN3,1.2904583576096444
LOC100505942,1.2902822731588866
CCDC152,1.2901952140047872
CCDC53,1.289641057460465
OPRK1,1.2892720140682796
ALDH5A1,1.2890878058896496
RAE1,1.2888346290776844
PEX11G,1.2887678482754437
C2orf68,1.28863941416116
MUTED,1.2884908364673548
ZMYM2,1.2883546532468104
LOC100507353,1.2878062462320639
FAM5C,1.2876591742681707
DACT3-AS1,1.2875146806005062
AURKC,1.2873854818793622
NME1,1.2871364822626659
MSH5,1.286597945947707
MPZL1,1.2865608372522073
BNIP3L,1.286266222505094
CSE1L,1.2860415683099828
PLLP,1.2853880025612803
PLXNB3,1.2851793421380318
CMTM2,1.2851791023530748
NCAM1,1.2850061179672136
C6orf203,1.2844320483017175
HIST3H2BB,1.2843169684871818
SMARCC1,1.2843106105726798
SST,1.2842848699759508
CAMK2B,1.2842088249225068
DAD1,1.2836830694138022
RAI2,1.2835245649895581
FAM221A,1.2831729170527042
HSPA13,1.2829054409399272
KIF18B,1.2821529390487387
LOC100652810,1.2820792236174747
RRN3P1,1.2820251997579226
TAS2R31,1.2818227533693223
AFF3,1.2817304731718355
CETN4P,1.2816458423208232
NEIL2,1.2813881957404882
CA5A,1.2813780383256324
GORASP2,1.2802739079365824
CRELD1,1.2798725727540348
BCAR1,1.2786294203144162
IGHV1OR15-9,1.2781577549145102
NSDHL,1.2780504729612534
RPRM,1.2778151537172622
ATP2B4,1.277736011500053
HDAC4,1.277637097196847
LOC100499227,1.277635192837173
PLEKHG4,1.2776305495637457
HIST1H2AI,1.2772130532836052
VTA1,1.277046594266403
METTL11B,1.2768212758827178
FAM13A,1.2766550224691622
PHTF1,1.2765946025674613
B3GNT7,1.2763686591683505
GLCE,1.2759936179434288
MIR7-3HG,1.2759608314903403
MALT1,1.2758937141224875
RCBTB1,1.2758520093379375
RNASEH2B,1.2755830679699642
SIM2,1.2753915867182586
MAP3K12,1.2752959457743045
DPCD,1.2750294889007772
TRIAP1,1.2746563129749569
UBR1,1.2745093948526893
COL13A1,1.2744922694299166
ADAM22,1.2741070688900509
AKR1B15,1.2739170223976848
STX12,1.273847907423425
MED6,1.2738396844173732
DDX20,1.273768332187325
CDA,1.273283423732889
C16orf72,1.273187429906357
DNTTIP2,1.272516661451816
TMEM161B-AS1,1.272311335572188
VAMP4,1.272172911488598
VPS72,1.2719996938161897
LOC152578,1.2719660358929792
HSD52,1.271561584905241
C3orf26,1.27143114579466
ZBED4,1.2713805244002916
FAM131C,1.2708194777666066
NSD1,1.2708068374966883
SLC35A5,1.2703191703695589
SULF2,1.2696619074859659
C20orf4,1.2696473822119578
BASP1,1.2695147130800746
LOC100507611,1.2692777893789355
USP35,1.2691775343350575
ARAF,1.269142411444381
UBAP2L,1.269128404918475
SNX22,1.2689873379805177
RBP4,1.2688160482489963
C6orf211,1.2685296266732513
FARSB,1.2684927324651605
ZNF223,1.268432887426621
POC5,1.2683191679092267
MYLK,1.268105172622684
L3MBTL2,1.2678830926125795
OPTN,1.267695934041939
C1QL4,1.2675266652420119
YPEL4,1.2673540507406025
HDAC2,1.2671077258333228
GRP,1.2667963983609571
ARSE,1.266754796810354
PCMT1,1.2666844908194408
HTR1A,1.266386035982715
LOC100507347,1.2661543083231275
CYLD,1.2654276761682413
CUTA,1.265194466947089
NGFR,1.2648257125137694
FBXL7,1.2646022651682387
ZNF230,1.263651602557094
TMEM241,1.2634293259724332
ZBTB40,1.2631940247873346
NXPH1,1.2631105328457688
YIPF5,1.262752083067692
SPSB1,1.26249296058797
GART,1.2620582520774988
MAPK7,1.2618225859299217
LRCH2,1.261233501067063
ZNF540,1.2610966101738001
CERKL,1.2609585652116329
USP17L6P,1.260522186797387
RFX3,1.2604453217230218
UBE2S,1.260188152250139
SLC9A3R2,1.260136300821762
CCDC71L,1.2598820836923794
LOC100289130,1.2597822220590402
LOC100288144,1.2596317401325963
POGLUT1,1.2594633061574565
CCDC108,1.2589632404229274
FAM183A,1.2584837037033585
RPL15,1.258276216753479
APITD1,1.2580496775526775
SNRK,1.257662324741589
MINOS1,1.2575316819701259
C10orf118,1.2571557030220994
MEAF6,1.2571336672211835
UBQLN1,1.2571003086298906
ZNF598,1.2569160194417177
GINS3,1.256737905553936
CDH8,1.2556758144419835
BLOC1S2,1.2556229865216615
CLEC2L,1.2554656298073494
C9orf116,1.2554200993122826
ZNF350,1.2546031334579515
UQCRB,1.2545732925989268
FAM86B2,1.2543154701120056
ABLIM2,1.2542851885366455
CBLN2,1.254200386014097
ANAPC13,1.2540701352830248
RRP1B,1.2539585212362232
ERLIN1,1.2538584906334056
LOC100507439,1.2535425886702658
ZNF207,1.2531164140070408
SLC38A2,1.2530994867340355
RGR,1.2528574740653131
FLG-AS1,1.252687268138339
MRPS31,1.2525161136329215
TXNDC17,1.2521363765320912
TCEB3,1.2520290912474832
PLEKHG3,1.25183589554237
FKBP5,1.2516496530128294
IDI2-AS1,1.2509761220834286
TMEM138,1.2508205556545007
SLC36A4,1.250728531074059
GRPEL2,1.250223284485899
ATP1A1,1.2502116804238628
C7orf29,1.250176728901529
SEC24D,1.249880935846746
ZNF727,1.2495632642093784
MKRN2,1.2490842649588239
DMXL2,1.2487728769227422
MTMR7,1.248605284048913
LOC100506007,1.2484593165904783
CXorf24,1.248336061429504
KPNA2,1.2483249740567088
TFAM,1.2483098073097736
PPP1R16B,1.2482623826026757
SNORA46,1.248087366002962
ZNF17,1.247973183301458
TRIP4,1.2477448736865662
TMCO3,1.2474166659295367
LOC100133331,1.247320306828804
LANCL2,1.2467959787289236
ATF1,1.246219248476333
GSTM4,1.2457574020827602
LOC100506578,1.2452784092685787
STARD9,1.2452161828432549
ITGB3,1.245207403426995
CCRN4L,1.24508021791782
BFSP1,1.2445064326595205
TIMM17A,1.24362611813037
GTF2IP1,1.2430822571505056
KPNA3,1.2430356541359118
LOC440895,1.242426793914563
GAL,1.2420220253525693
TAS2R14,1.2419448688715362
GPR6,1.241873944387613
LEKR1,1.2413727493735198
CCNB1,1.2412958219890693
LSG1,1.2405876925001387
TECRL,1.240323416404683
FGD1,1.239781750995116
HPN,1.239641173964905
RUSC2,1.2395982937684895
LYSMD4,1.2392981056938026
LYPD6B,1.2386818611924444
LRRTM3,1.238638513182942
FAM219B,1.2383046709114254
PPP4R1,1.2382880746430922
DPT,1.2382071550291063
PPP1R17,1.2380590365847757
MAP2,1.2380582733067238
TOMM6,1.237999338729065
PSMD9,1.2372718944488899
PCGF2,1.2372438871526885
ALG10,1.236722745259497
HP1BP3,1.2363678442162116
RPL13AP6,1.2362740829155694
TRIM61,1.2362621686425475
CKAP2,1.2359972382604558
ZNF488,1.2359195510906735
SHCBP1,1.235590950881606
DNM1,1.2354661913759595
G3BP1,1.235329234901605
MFAP2,1.2352303172091104
LOC283922,1.2349397964686386
DEDD,1.2345487141080138
STARD3NL,1.234293985806281
SKA3,1.2342325949479211
TPTE2P6,1.2337981491098418
ZNF187,1.2334766437859201
SFT2D1,1.2333076601146395
ZSWIM7,1.2332117745279598
SLC6A13,1.2326226365404611
SLC7A4,1.2326126088966567
FZD6,1.232440011711318
LOC84856,1.232403284981529
DEFB1,1.2323322718412524
PNMAL1,1.2323140119242413
DPH5,1.2322394421078866
KIF22,1.2318099965136071
MAGEF1,1.2316823161969739
PLBD2,1.2315691888230011
BBS7,1.2313387720413866
KSR1,1.2313123156954149
TNIK,1.23106082120444
TBC1D22A,1.2309941614146958
TFPI,1.230874468041409
LOC100506459,1.2308256347165747
BAALC,1.2306693490290248
C1orf51,1.2304701343096918
TBC1D23,1.2298251722759164
RGS8,1.229715169972318
KLK5,1.2295446987963867
OIP5,1.2292118200593438
CTRL,1.2291648493254885
LANCL1,1.2290103835167527
BCDIN3D,1.2288325537881664
PAPD7,1.228552799524237
TMEM144,1.2284078793144304
HTR2B,1.2276963848712523
C3orf75,1.2276542182653272
C15orf23,1.2272597706461077
TRPC4,1.2271658733766733
RPL21,1.2270583502807917
ACTR6,1.2269529481694006
DEPDC1,1.2268734683122686
TMEM48,1.2268636869090743
LBH,1.2266681607380034
KCNS3,1.226416592923729
FLAD1,1.2264008621000464
TBPL1,1.2263578678399738
RNU6ATAC,1.2263486147398233
FAM59B,1.2263412289712732
SWT1,1.226120910511049
TEN1,1.2259411565229246
ANGPTL2,1.225549724837935
PEX12,1.2250562620283785
NRG1,1.2249241400229172
ODF3B,1.22490279507427
RBM4,1.2248433594242603
WDFY1,1.2246753336311431
PGF,1.224557051648792
USP21,1.2244725066330808
ERAL1,1.2243650027581467
LAMC1,1.2242092020701336
GDE1,1.2238111197443815
YIPF4,1.2236293182111155
P4HA3,1.2234112549493132
EEF1A2,1.2233293940434686
UQCC,1.2231336863801143
ZNF831,1.2229813816012838
SNX25,1.222929073091863
DDX5,1.2222430112053115
TMEM70,1.2218038825831583
MGC72080,1.2215050513309593
SCGB3A2,1.221151422313193
EIF2AK3,1.2209193030176617
SMARCD2,1.2204002424463762
SNORD116-2,1.220252111848111
COMMD8,1.220148616194197
CCT6P3,1.220069251396556
LOC100130746,1.2199179686002908
C12orf45,1.2198891984344915
SYPL1,1.2197093135837906
NMB,1.2189247263504996
CAMSAP3,1.2185985370368355
ZNF654,1.218550610139817
CYP11A1,1.2185428138668921
FLJ33534,1.2183031221482936
ATP2C1,1.2182850416741169
RPUSD2,1.218141179293502
ICMT,1.2179706286505005
HOXC4,1.2178273469174645
PARVB,1.2176742156992737
SF3B4,1.2176539642253577
KIF13A,1.217209006113933
C9orf129,1.2171008287478813
ABCE1,1.2167105400867029
FMR1,1.2162593848878918
SNRPG,1.2160705520707202
COPS6,1.2156497880462152
ACADM,1.2152739810647892
LOC100505932,1.2152628210241343
SLC24A5,1.215244616684048
HSP90AA6P,1.2147164160090689
TMEM126A,1.2146284777674416
TGFA,1.2142825610756323
ZSWIM5,1.2141749597674978
RFXAP,1.2141077209321287
RPGRIP1L,1.2136892575851244
DHRS4-AS1,1.213318299084621
NSFP1,1.213312412236914
DDTL,1.2129242512279526
C19orf59,1.212826759650111
RSBN1,1.212731709325932
ORMDL3,1.212652148124716
VPS26A,1.2126500817066017
UNC13B,1.2126400431256505
C11orf87,1.2126218637340804
ZNF420,1.2125868567618299
FAM218A,1.2122812477352516
AMOTL1,1.211974607661502
MTMR9,1.2115397597586872
ZNF384,1.2114369628723825
RPS4Y2,1.211202902662037
USP2,1.2108714900208986
TMLHE,1.21071620138615
TRMT6,1.2100886120225094
NDEL1,1.2099418654773668
WBSCR27,1.2098642263684518
TOMM20,1.209834051475067
NXT2,1.2091728621057525
CRYBA2,1.208639973396564
C1orf187,1.2085876899662582
DUSP26,1.2077313481972576
LOC100132057,1.207062742753973
ATP13A5,1.207029607670333
C18orf8,1.2067158199630956
DNAJC14,1.2067107883645387
ZNF267,1.2065676978790543
OSR1,1.2065045813174737
ZFR,1.206101252622041
TMEM108,1.2060174572819635
POM121C,1.205543989936777
SEL1L3,1.2054525497368092
MAST4-AS1,1.2049576714751289
DUSP5,1.2047711357283035
PUS7,1.2047095535595111
RHPN1-AS1,1.2044468540463926
DGKA,1.2043939954433216
TMEM208,1.2042255887657702
PDE3A,1.2038824542413855
LOC100505669,1.2032313393680234
SLC7A8,1.2032070896384681
RPUSD3,1.2030352666531348
ATPAF1,1.2028466722430287
LPAR1,1.2024526784470524
CER1,1.2023291786640677
C2CD4C,1.201510469068113
DBF4,1.201501982020916
CUEDC2,1.2014842643796435
CLCN5,1.2012912193409109
MMP15,1.2009982293200192
NEBL,1.2004955257242538
PDP1,1.1999809197827185
BMP2,1.1998829093684182
BRE,1.1997544342449993
HFM1,1.198914750749859
ENPP2,1.198829115354065
GBA2,1.1978015689028698
HMGB2,1.1976334280003609
HOXA11-AS,1.1976149823899482
NMU,1.1975310551453782
TAOK1,1.1974593426521836
LOC643401,1.1974268949763003
ANKRD33B,1.197305766523798
OAZ2,1.197134964925106
GRB10,1.196796151183653
KCNJ13,1.1967450350473827
BAIAP2,1.1963044107195864
EBNA1BP2,1.1962049137009239
LOC100506307,1.1961711230024212
C6orf162,1.1953478768399146
MED14,1.1946844351694978
PFKP,1.1944530148684782
SRRM4,1.1943577380064323
OAZ3,1.1943115342211945
LOC100506090,1.1940537525196517
SYP,1.1939690575305646
HBB,1.1936917526656516
ANKRD39,1.192893236666851
AASDHPPT,1.1928581850616815
NFIB,1.1927932266967047
PCDH20,1.1924619595840387
MPP3,1.1924489790746757
WISP2,1.192128115267
LOC100505899,1.1917779935712969
L3MBTL3,1.1917615059310627
RNF4,1.1909287077775252
VPREB3,1.1907847647212
TP63,1.1907582820399232
TMEM186,1.1893620243050094
PRKX,1.1890883397670002
TM9SF2,1.1885821508163055
CECR6,1.1884862328890247
LOC100507619,1.188355959977984
NGB,1.1882392736850316
CNP,1.1880194731361082
MYCBP,1.187897913703667
POLQ,1.1878653359091729
CYSTM1,1.1873342023208737
SLC35G5,1.1868079708202472
PDIA6,1.186735574775427
SUZ12P1,1.1866651727435784
SENP1,1.1863427557163224
DDX39B,1.1860694604143385
CRYAB,1.1858647396912108
FAM64A,1.1857888738833868
WDR4,1.1851477363167102
DEPDC1B,1.1847769632638945
TXNDC15,1.1847749904179783
SMTN,1.184467726067433
CAMP,1.184367701889558
DEXI,1.1841901718157146
UTP11L,1.1841687790897677
GSK3B,1.1840980200041573
GABRG3,1.1835559970286935
RAB3IP,1.1833294135780386
LOC284412,1.1830154855557187
PPP1R14C,1.1829491166101946
GPRASP2,1.182266127272796
DPP10,1.1822324335421814
LHFPL3-AS1,1.1821432677122927
EMC1,1.1816425906112442
RBBP4,1.1814603404322936
EIF5AL1,1.1812879003393697
ZNF146,1.181078860533705
RNF145,1.181002350203492
ZNF300,1.1808198562792223
FKBP9,1.1807588449032034
RAF1,1.180735937304632
MAPK8IP3,1.1807224244582168
WDR78,1.1806362880680354
LOC100506124,1.1805748831580825
RFC4,1.1804902670184723
KCNK1,1.1803433708058857
EFCAB1,1.1800351988860531
STX3,1.1799893281866853
FUT4,1.1797857672611802
WDR47,1.1793859636326536
NEU4,1.179247205614165
FAF2,1.17844829007351
ZBTB2,1.1782706253234045
ZCCHC7,1.1780338769726735
GPR156,1.177867917659421
PRMT1,1.1775590151674946
RLF,1.1775246144774152
CALM2,1.1771829194709291
SMARCA1,1.177093676115569
AKT1S1,1.1769381354923405
COL6A3,1.1766029724050318
ZDHHC9,1.1765679234260067
MTRNR2L7,1.1760648124247797
QDPR,1.175555425137358
UBAC2-AS1,1.1754148059660974
WNK3,1.1753185341748338
XRCC5,1.175014982858712
GTF3C3,1.1743948979613854
PLTP,1.174351091423038
TMEM33,1.174256508974847
C17orf61-PLSCR3,1.173905729585582
CAT,1.1736862926676184
UBTD2,1.173398862030885
RABGEF1,1.1730228725304201
LINC00326,1.1728077755109227
OSBPL9,1.1727654201488509
FHL1,1.172667524337045
EXOC3,1.1722762784862641
AGPAT4,1.1721560301224907
PEX11B,1.1720080401331823
THAP9,1.1718228523787864
VPS8,1.171292198940045
KBTBD6,1.170978482800227
HHATL,1.1708782091588699
TDRD1,1.1704777271684206
ADAM20P1,1.1702837917321778
VKORC1,1.1702165404896938
ZNF10,1.1700927969881323
ACTG1,1.1697380199150083
SNORD97,1.1695369821237527
DSG2,1.1692233721503549
BRI3,1.1686194195957986
LOC152217,1.16851999578709
ARSB,1.1681591056477132
LOC100129203,1.1679934607461708
RAD52,1.1668036312211405
SLC25A24,1.1663703174272928
PTPDC1,1.1660607144608304
LOC100505987,1.1658238932118294
FXR1,1.1656965005028876
S100A7,1.1655780233559714
BTG1,1.1655318010742082
IMMP2L,1.1651569457218511
FANCD2,1.1647476009849407
TMX4,1.1642796258283967
SLC18A3,1.1638798305794475
LOC100506282,1.1633101413028881
SEMA3C,1.1632494070599642
PIGY,1.1631697419656115
LOC151009,1.1630084468481692
CCDC9,1.162958192038638
HMGB3,1.162784398867772
MLF1IP,1.1626735179493413
HAGHL,1.161974157131078
LOC100506913,1.1619462333702382
TOR1A,1.1618931253054527
FAM127A,1.1614933581066937
ANO2,1.1610813558979212
TYMS,1.1610337576507208
RHCE,1.1608795152956481
CBR4,1.1604730117132058
MRC1,1.160445065071963
SLX4,1.1602768461002289
TSN,1.16015626456671
KIAA0226,1.1601456508388004
TM9SF3,1.1601043831410625
GOLGA3,1.1600624664436006
TBC1D8B,1.1599416570263679
COG8,1.1597065310622856
CD99L2,1.159354209467302
APIP,1.1592764596908067
LOC285074,1.1592658308217965
LRRC48,1.1592480460986636
ZNF550,1.1591892786254179
LPAR4,1.1591590798426699
ZNF639,1.1588730334276245
FLJ35946,1.1587462756826155
LOC100507039,1.1585079576659394
GRHL1,1.1584070121347916
NDUFAF5,1.1581883538333662
RNF152,1.1580444410610606
CNGA1,1.15751584366157
C3orf14,1.1573776069295774
PIP5K1A,1.1572567943098857
VAMP7,1.1570199066256368
ZFP37,1.1569220428626685
RAD54L,1.15677497291803
HK1,1.156573269233897
RPL11,1.1565453966025065
RAB11A,1.1565322418052064
FSTL4,1.1560816185276834
POLI,1.1553482215565292
RASAL1,1.1553397614163832
RNF103,1.1552385109260999
USP34,1.1549087232225994
E2F6,1.1548408246525808
SLC44A1,1.1547958425692892
ILF2,1.1542556321375934
E2F4,1.1540553455064222
SSR2,1.153664452666024
ZNF300P1,1.1531278746071154
OAF,1.1531029075932981
FAM120C,1.1530213426336162
SALL3,1.1523901486538235
GALNS,1.1521341601414783
MYNN,1.1518255482033841
TMEM110,1.151579246912396
RPS7,1.1514466854487373
SLC25A5,1.1514143878841827
RTKN2,1.150975357229119
XPOT,1.1509753397827422
ACTR1A,1.1507697029699182
MCCC1,1.1507239341830964
SNORD3B-1,1.1505503908951205
SNORD3B-2,1.1505503908951205
LINC00162,1.1501559407333473
H3F3C,1.1501227080203043
LOC100506343,1.149897004753248
FAM60A,1.1498599320078824
KCNC2,1.1495266073528998
RABL3,1.1492310636998864
RBM48,1.1487904324233595
TMEM40,1.1487289967655954
KHDC1L,1.1483717358819123
EMILIN2,1.1482083688977607
POLR2J4,1.1480360484693741
PMCH,1.147965074472502
FOXO4,1.1475179424090738
NR4A1,1.147458625101532
MT1H,1.1469579540346702
LOC100506025,1.146581464287649
MED10,1.1465694612038437
LOC100652997,1.1465568164791768
TIAM2,1.1464681170798339
MCM3AP-AS1,1.1464627185640006
SCARNA14,1.1460371082552832
FAIM,1.1455987770147058
TAB3,1.1452058070873319
TUBD1,1.145048319852031
PDSS1,1.1447139100587567
SURF4,1.1446989346853471
CCT3,1.144612768108489
TCERG1,1.1445812712814314
NIPBL,1.1445160655396498
KANSL2,1.1444494974469575
KIAA1024,1.1442696279328233
SLC7A14,1.1438975373946034
PDC,1.143893341957516
CLDN11,1.143858854977528
SLC29A1,1.1438317402271245
UCN2,1.1435041601616809
RAD17,1.143328510148057
TRNAG30,1.1431203100500296
TRNAG21,1.1431203100500296
TRNAG27,1.1431203100500296
TRNAG15,1.1431203100500296
TRNAG23,1.1431203100500296
RGS3,1.1429430962731117
HOXC9,1.1428183061778665
LRRC37A4P,1.142218315862437
LINC00174,1.1420538007131147
FAM133A,1.1414427112774246
FRAT2,1.1413836992256827
FZD9,1.1413229892680987
SNORA70B,1.1404581300424108
ENTHD1,1.140184663345711
TMEM30B,1.1400793403421865
S1PR4,1.139929639650456
LSAMP-AS3,1.1398570372621335
DDHD2,1.139786580193319
TNS3,1.1395959759310177
ETS2,1.1395853942271275
GABARAPL2,1.1395458093574213
USP27X,1.138999623224452
KIAA0319L,1.13890057830054
AOC2,1.138679026501655
PIGC,1.1386091062315444
NANOS1,1.1383515210829147
MAGOH,1.1379288728648251
IST1,1.1378422276180309
ATP1A1OS,1.1377453922193355
BCL11A,1.137271481219786
EAPP,1.1372077960740727
SNORA3,1.1372015912205364
CCNB3,1.1370548499091917
ZNF396,1.1369280697595212
IFT57,1.1368107925569866
GATAD2B,1.136411012121397
SLC45A3,1.136325031900071
SNORD114-20,1.1362187072318524
SUPT4H1,1.1361000082287218
GABRA1,1.1360639623150066
COQ7,1.1349262824103974
KIF2A,1.134750602905395
LOC100506259,1.1347198232796365
SLC38A4,1.1347049904826134
PLD3,1.1346361627803268
SAE1,1.1341809239059712
CPSF3,1.134130769287932
DIRC2,1.1340254698356704
TMEM30A,1.1339500439082384
LOC100288974,1.1339188478854214
HNRNPC,1.1339141181366068
F8A1,1.1337841479167996
TPX2,1.1333427734052666
EIF3F,1.1329288456928583
LINC00339,1.1326487375733265
LINC00282,1.1325963440837987
TIPARP,1.1325578343612823
TUBA1B,1.1323541019640344
DMRT3,1.1323036448504338
TMEM14A,1.132222930473502
GNG13,1.1321880706734917
CEP72,1.1320644023379858
REXO4,1.131991659750811
LOC613038,1.13189250435416
SSBP2,1.13179843715933
TNFSF18,1.131327774712843
UNC5D,1.1311904286869754
TMBIM6,1.131152392555891
C4orf46,1.1310960329496849
SNRNP40,1.1309780896487454
CDK17,1.1309260182164074
RPL23AP53,1.130752257819913
HEBP1,1.1304540160391612
PSMD14,1.130411031601658
SPEF2,1.1303057960874459
PNP,1.1301318129851863
SCARNA23,1.1298442830604472
RCC1,1.1296899014480064
PTP4A2,1.1296780510195603
PRIM2,1.1296009931912694
LOC100507575,1.1295443343771143
HNRNPK,1.1294321608517397
MYRIP,1.1293846803741334
GAN,1.1291964037127762
PLAUR,1.1289698859633996
CCDC58,1.1289394357841622
RCOR1,1.128677770617583
LINC00340,1.1285222181294265
HNRNPD,1.128158424023014
KIF11,1.1281076306243405
FAM171A2,1.1280760188004118
ZNF676,1.1280677656072877
SLC2A1,1.1277107307964942
PVR,1.1276667065740416
CCNA2,1.1275440215125667
H2BFXP,1.1268387889403313
SULT1C4,1.1268359327690256
CD2BP2,1.1262206133991335
HMCN1,1.1260603032432352
NLRP14,1.1258403838536726
SLC4A1AP,1.1258241600207264
TMEM231,1.1252695801470631
C1orf43,1.125257260164241
GSX2,1.125005001209701
KIAA1524,1.124541932700767
ACTR1B,1.1244567414938862
CNOT1,1.1239339174793264
STOX1,1.123805624530042
U2AF1,1.1236654713189191
KBTBD7,1.1234553641444267
LOC646543,1.1233453353962393
RPL36A-HNRNPH2,1.122858109891752
CRYL1,1.1221161387262906
SLC25A20,1.1220912855942466
PRR16,1.121963230841433
FOLH1,1.1218462879528022
TUBA4A,1.1215790325245854
RPGR,1.1212431931052087
PSKH1,1.1212060515475328
LOC100128108,1.1210962421549986
IK,1.1210480542198005
ZC3H7B,1.1210296259460195
GTPBP2,1.1209930008595954
POU6F1,1.120978801166417
HSF4,1.120370707418308
TMEM39A,1.1201444468420263
FDCSP,1.1198772579797909
NDUFA4,1.119854396182255
A2MP1,1.1198365176432095
TMEM11,1.119668301783827
BTD,1.119527192221206
RABEP1,1.1192855302795854
PVRL4,1.1192567382754408
GPR107,1.1191955072432362
TNRC6A,1.1188477424308407
DUSP10,1.118771762828717
DLG1,1.118649068277191
KIF3A,1.1184640596280102
HSPA8,1.11798344230438
TNFRSF10B,1.1179772418617913
WDR7,1.1173737454799963
RNF122,1.1171258663488746
DZIP3,1.1166274737940818
PELI3,1.1166072259091642
ECHDC1,1.1165588073093515
LOC100506797,1.1165238087566438
LOC81691,1.1149352782731468
MYO5A,1.1139598525687715
KRT17,1.1136200290827105
CCDC126,1.113135734702174
RPL19,1.1130903539144323
LOC100507474,1.1130118797419317
MRPL2,1.1127313033470263
KLRC2,1.1125853365260114
MALSU1,1.112526025983881
DONSON,1.112041031598632
KDELR2,1.1119958266778565
LOC145757,1.1117286330323282
RRP12,1.1116951317679373
ALKBH2,1.1116883249859024
ITGA1,1.1116595099402526
DALRD3,1.1113152223363918
COX5A,1.1110002372643215
OTC,1.1108823171059
C12orf52,1.1106609355210157
SCNN1B,1.110539820806289
SELRC1,1.1105193270122078
PXDNL,1.1105060330145935
THBS3,1.1102107032182502
CCDC99,1.110187223015282
HS6ST2,1.1099029541028682
WDR59,1.1096896698513226
HARS,1.1096092213699813
RPL10A,1.1096090946674233
SPINK6,1.109438310447642
SEMA5B,1.1089521781829796
RRP9,1.1087079063527752
UFM1,1.1086097265639967
SEC23A,1.1085075228670518
JAKMIP1,1.108062806488591
PCYT1A,1.1074666770845276
PORCN,1.1071384789334324
SERTM1,1.1068050285406843
MAK16,1.1066277772428579
CCDC120,1.1065804437505802
CCT2,1.1065412773728018
PRKRIR,1.1062978447717369
LOC100133445,1.1061022502668294
ZNF620,1.1060627215360948
ORC6,1.1059796690234398
ADNP2,1.1058698266815277
NCK1,1.1058184104994884
SPINK13,1.105812311462806
KAT5,1.1057054042420542
MRPL22,1.1056662963028838
HOXD13,1.105663992264059
ZW10,1.1053658511182602
ABCA2,1.1053565901792868
CFH,1.1047211289829082
RAB14,1.1046842245899353
PTPRN2,1.1046418019586324
FAM57B,1.1046106890274467
CLEC3B,1.104210693798176
LY86-AS1,1.104138184750884
RBM26-AS1,1.1040631132147292
C7orf60,1.1033390464509167
SNORD14A,1.1031780280898507
FAM174A,1.1030660971063533
MIR186,1.102946192994532
P4HTM,1.1029203167334471
MRPL30,1.1029023292566629
STARD10,1.1025941082773427
PGS1,1.1023143513667244
DNM3,1.1021825968099492
CCDC132,1.1014995999768826
C7orf41,1.1010265855633836
HYDIN,1.1009206886547405
SLC6A17,1.100381308772315
PNOC,1.1001646489443515
LOC645321,1.0993258128877268
TMEM27,1.09930316827946
LOC100652837,1.0992777586464297
LOC100506713,1.09909191457297
MAP2K5,1.099081788746195
MTX1,1.0989391797234016
MRPL18,1.0984803158205536
ANKRD20A8P,1.0984158297343711
FAM117B,1.0983442720311019
ANKRD28,1.0982051843673293
TMEM50B,1.0978295620542193
GALNTL5,1.0969997999640293
STIP1,1.0968947159950202
RALYL,1.096772076372667
LOC100506847,1.0967538914422559
LOC100133957,1.0967523395838894
FCGR3B,1.0966188715569636
CCDC50,1.0965846209280963
RRN3,1.0965068951402674
LINC00460,1.0964863185491296
LOC100287482,1.0963841721913725
SRP72,1.0963795816635276
TNKS,1.0958900396797835
SNCB,1.0958606068176395
B4GALT5,1.0955897346556427
C4orf27,1.0955544255625076
OBP2A,1.0955473927765922
RBM18,1.0955219069444255
MARCH7,1.0954501229840254
IGFBP6,1.0953279048970888
PDS5B,1.0952231784300839
MAML1,1.093935317271638
LOC100289361,1.0937587634601338
ADAM19,1.0934772422462358
LCN10,1.0933017122672093
TRNAK2,1.093282469091542
TRNAK14,1.093282469091542
TRNAK26,1.093282469091542
TRNAK20,1.093282469091542
TRNAK33,1.093282469091542
RNF113A,1.0931825500925616
MTMR2,1.0931500470549596
FREM3,1.0931463801227816
DACT3,1.093121540253739
TUBA1A,1.0930618349853036
USP30,1.0926481166754278
WSCD2,1.0923698941626163
HAPLN3,1.0920820679630703
GBAS,1.0920214223284814
PRMT5-AS1,1.0916988770455296
EPHX4,1.091663407107761
TMEM143,1.0915267164255664
PARP11,1.0913919765987088
MED31,1.0910222270858614
LOC100129931,1.091010984523101
SCARNA17,1.090839082034631
MST1P9,1.0905707689627981
SNORA68,1.0905566161914542
GPR22,1.090556579697598
MED17,1.0904990123922242
MIAT,1.0902630097450596
ALDH9A1,1.0901416794125356
CLEC1A,1.0899782304268322
SERBP1,1.0899489904088824
SLC10A6,1.0897639004815975
NEU3,1.089633504738527
STK38L,1.0895384266631458
AMOT,1.0894841388023786
SPRR4,1.089101664625903
NEURL1B,1.0891012649151397
LINC00520,1.0890831778725936
IGFBPL1,1.0889162950792504
LYRM5,1.0888863597207394
ZNF536,1.0888024948096156
ADIPOR1,1.0884024259174603
PLN,1.088139580280028
FNDC4,1.0879814375014465
BUB3,1.087624742700165
TRIB3,1.0872827635850795
UNC13C,1.0870282680442762
AVPR1A,1.087019555664551
CBX3,1.0866089666014365
TNFAIP1,1.0864994453012873
ZNF670-ZNF695,1.0861436688382389
ZC3H12A,1.0856185914325338
PALM,1.0853736757242456
NCAPG2,1.0846855618990632
DGCR11,1.0845026127382842
C1orf52,1.0841836148514212
PRTG,1.0841498455288505
PRKCI,1.0839853073690842
LOC100287934,1.0835223328586823
FLRT1,1.0833088191579083
C2orf44,1.0826782323917612
LOC100288712,1.0826762002160184
KHDRBS1,1.082331100128485
RHBDD2,1.0823053070052173
WARS2,1.0820995115141872
STARD8,1.0820344866951317
SLC26A7,1.081923263304019
GDPGP1,1.0818124203869135
WBP4,1.0814224068688583
AHSP,1.0810787737269096
PGAP1,1.081037467193735
LOC100507675,1.0809639764324723
DIS3,1.0804901485689273
PRKAG1,1.0801916741440405
FAM106CP,1.0800521735929138
ZNF428,1.0799590329107873
U2SURP,1.0797798923267894
ENDOD1,1.079102408584961
CAPN3,1.079048550481054
MAPK6,1.079036032682481
ADAMTS8,1.0789589239587374
ADAR,1.0788276211476862
MAPT-AS1,1.0785446426575171
LOC339535,1.078474628118856
CCDC103,1.0782700844796471
LOC399815,1.0781830421769034
UBR4,1.0778778331428156
PHF23,1.0778689109904191
LOC255187,1.0773485206034492
DHRS13,1.077225188746656
FAM98A,1.077211733622885
SRA1,1.0771849418314012
FAM155A,1.0770438068799135
NAV1,1.0766721129420769
HAT1,1.0763752451212514
LOC100498859,1.0759968792430479
CDC26,1.0759913507744419
GLUD1,1.075956716609103
TFAP2A,1.0755958752604522
CBLN1,1.075421149149897
HPDL,1.0751726124183996
PCP4L1,1.075126947426875
BRD2,1.0747725263528087
LIN7B,1.0746136857586512
LIPE,1.074277184453849
PLAC1,1.0741422879360403
WNT5A,1.0738740423774833
ALDOC,1.0738227840753223
IFITM4P,1.0734541863398475
LRRIQ1,1.073178441063344
LOC100505938,1.0731513267417836
NGRN,1.0728510718279363
CLIC6,1.0727027392416397
TRPC6,1.072202969427964
STT3A,1.0721198925653548
DPAGT1,1.0720959424115784
HMGN1,1.072068516035961
ANKRD13C,1.0720215492264054
AKNAD1,1.0716431815226632
PMS2P5,1.0714942682781832
TATDN1,1.0712198614594002
TCP11L1,1.0710920227745224
HNRNPAB,1.0708189004241508
SMAP1,1.070367285459277
SOX1,1.0696395293710823
CDX1,1.0690465902129158
SCUBE2,1.068947653340182
FAM70B,1.068922121941328
LRRC7,1.068698955595818
E2F2,1.068205632127158
DNALI1,1.0677734655617606
ZNF449,1.0670824731622717
VPS25,1.0670154227295734
ADAMTSL3,1.0665408143272703
PCIF1,1.0663575162512662
MGAT5,1.0663522267618981
LOC339593,1.0662916655820058
CRIPAK,1.066163589356602
LOC100652893,1.065772598324863
CFHR1,1.0653381832127031
ZNF407,1.065304333794399
LOC100652816,1.065276896240647
EMC4,1.065238428169915
NOP10,1.0645193222321905
LOC100291105,1.0643446355123276
SLC4A3,1.0641220033546583
PCBP4,1.0640348588085466
HIGD1A,1.0639752791804125
ZUFSP,1.063947663697099
RAPGEF5,1.0636477953651664
TATDN2,1.0635720598942238
GNG12,1.0630948754579843
HBP1,1.0630258815509477
ANKIB1,1.0629167884869493
GLTP,1.0628279250637007
PDLIM7,1.0627908216156576
MALL,1.0627596632538996
TEKT2,1.0626360506129409
NOP2,1.0625885150112953
LOC100506293,1.0624963534013123
CNDP2,1.0623432366106507
ZCRB1,1.0623428089735756
AKD1,1.0621637439119636
CETN2,1.0621011045432471
OASL,1.0617848678103186
AURKB,1.0615815075196169
POU3F1,1.0615778850058746
LOC100506480,1.0614196491901955
HBEGF,1.0612750711466126
AGPAT4-IT1,1.0612732390738389
TMEM183B,1.0610086822834746
ZDBF2,1.0607007608963368
SLC39A10,1.0604712086369932
CHST15,1.0603987737100056
ABR,1.0603915344456232
ZNF839,1.0602932503136797
GDF6,1.0601736939503188
CLN5,1.0599883144531088
RPA3,1.0598909018937417
TP53I11,1.0598630025504718
GABARAP,1.0598502131832421
MCHR2,1.0597687919435632
RBM24,1.0597540252413886
SLCO5A1,1.0597390347839513
ALCAM,1.0594503291336124
MRPL16,1.0587848199452439
TCN2,1.0586843271064912
SNRPD3,1.0585976954058847
LRRC29,1.0585288649778473
ADAM33,1.0583749580629491
IKBKG,1.0581762840966569
PRMT6,1.0580930840659948
SCARB2,1.0577904461375451
SBSN,1.057552309296795
LOC100506368,1.057235625410752
CYGB,1.0571356435843062
KIAA1239,1.0568475552164187
SLC35B1,1.0566902590757743
TIMP2,1.0562904290063255
NEIL3,1.0562243085015104
YARS,1.0561325765335325
LOC100506024,1.05609343891626
LOC100506775,1.0559575522530495
GABPA,1.0559249532089656
LMAN2,1.0557220702292383
LOC100507552,1.0546132170126306
SUPT6H,1.0541563514393169
DDIT3,1.0540774401997233
MTIF3,1.0538131812607834
DNM1L,1.0537302398681778
DIRC3,1.0535049323116967
FAM71E1,1.053451554127073
RPL6,1.0534266965092964
CNOT6L,1.0533500564019893
TXNDC5,1.0529091121183356
SLC15A4,1.0527375267325711
HMOX2,1.0524118085212928
RSPO3,1.0521917037712227
DVL2,1.05079194098978
FAM167B,1.0507120065587092
HHIP,1.0505975181887846
FAM108B1,1.050465302883931
PARP15,1.0504184136649872
AK8,1.0501500716541565
RAB3B,1.0501361781959078
RNF219,1.0500824737675645
KIAA0408,1.0500230793568994
PYGM,1.050014333428069
BCAT2,1.0498666285641685
CHRM1,1.0498326167283945
STAMBPL1,1.0498123754991666
PMM1,1.049785710851974
C13orf33,1.0496991924626775
USMG5,1.0496775472496727
PSMB5,1.049618528336729
PAFAH1B2,1.0495269048167044
ST8SIA3,1.0493550215483103
ADAMTS19,1.0491775873280176
ZNF706,1.0486932126848048
C7orf73,1.0484812714011977
FKBP1B,1.048309843436916
NUPL1,1.0482388955293092
SLC10A5,1.046655921675209
STAC2,1.0461550943464535
RBM22,1.0461422543295762
GAPDH,1.0459738814745332
C4orf52,1.0457339318286298
LOC389023,1.0452450428696625
LOC401397,1.0449349288711838
HRSP12,1.0448369746544066
LOC100507373,1.0440466751524247
PRPSAP1,1.043973701907951
DNAJB6,1.043924663663691
PITPNA,1.043826989545318
TRAK1,1.0436740561388087
CCNL1,1.0436378566746123
RNF121,1.0435921623448048
ST18,1.0433125268517778
DNAJA2,1.0431455819403128
INTS8,1.0429108287453246
GRIPAP1,1.0427744524867222
RPS26,1.0424542002713721
MRPL35,1.0422272794528407
CCDC15,1.0421417625077434
POLG2,1.0421068268688358
RER1,1.0421052258814691
GON4L,1.0416446123851824
PGD,1.0415415736440166
SLC27A6,1.041383447434834
HMGA1P4,1.041342727653695
SLC13A5,1.0409540037526857
TGS1,1.0405611550563258
LOC100287852,1.0404763854407455
ANKUB1,1.0400935680038865
C12orf49,1.0400050180233977
CDK5,1.0397999811248524
ZFAND5,1.039534321325515
TOB1,1.0392332443005972
LOC150051,1.0389787403059587
TMEFF1,1.038441464235607
NRG3,1.0379766398802153
MSLN,1.0378690389526213
LOC100506851,1.037721476521543
CGGBP1,1.0371397162507268
LOC100127974,1.0370939261943533
CHST3,1.0369344599983148
PLDN,1.0366079148766632
CPT2,1.0361194152437212
SPOPL,1.0358251923988693
SNORD89,1.0354798883899938
EMC6,1.0354746711849339
COX7C,1.03539962244993
ANO7,1.035288145259134
LOC729915,1.0349110980143474
LOC100505913,1.034546210950397
PAPSS2,1.0343010729481004
TRMT12,1.0341888508754635
REP15,1.0339290009096
KRT16,1.0338620017482931
GHRLOS2,1.0337131005032651
KIAA1715,1.033016719535701
TBKBP1,1.0329928190918942
ZNF547,1.032871047415289
RNF187,1.032715799749507
NT5C3,1.0326095296535163
EVL,1.0324892930210892
LOC643723,1.0323814896309482
ATP6V0E2,1.0323661239013082
POLR2K,1.0322646250717291
CFL2,1.0318899968129744
SLC5A12,1.0315505777785876
MON1A,1.0314002190223417
GABRB2,1.0312567385828444
RHEBL1,1.031194009009198
EPS15L1,1.0311896832020593
PPM1D,1.0310788735197287
RWDD3,1.0306956473898623
GMDS,1.0306453600843006
BCAS4,1.0302083082522475
SYT1,1.0301832443801628
LOC730184,1.0301822711632602
MUCL1,1.0301581191187457
NIPAL3,1.0297571143184119
TERF2,1.029754424660843
HOXD1,1.0296953814894296
CCDC8,1.0294985565984223
C10orf107,1.0293253381053842
RPIA,1.0293089582767412
HOXC11,1.0288699177112948
SULT4A1,1.0287396205572623
MDGA2,1.0284665080417192
MTFP1,1.0282809101344745
CDK4,1.0281773716274467
GABRD,1.027769338445835
ZNF667,1.0276495503541516
LOC646762,1.0273875713519653
LOC127841,1.0273059859256581
SGK2,1.0272725189451553
ALG5,1.0272017271067833
SEZ6,1.0271039184704853
CHMP2B,1.0263784673166936
CDK19,1.0261809726201958
ASIC1,1.0260151150045402
TFRC,1.0258763580875154
PTP4A1,1.0258420926470282
FNDC3B,1.0254823631032168
EPS8L1,1.025249072084152
TMEM106C,1.0252464983548666
LOC100509484,1.0251950892771453
STYXL1,1.0250875784083588
FAM211A,1.0250644687333361
UQCRFS1,1.0248939106864061
RPP30,1.0248348951740278
ZFP112,1.0245038777324806
FLYWCH1,1.024394783552005
DSCC1,1.0241641587286971
LOC100507599,1.023991246457431
MXI1,1.0235898427627805
TOPBP1,1.0235477563828437
GYPA,1.0233793819256323
PLCB4,1.0232041796606308
LIN7C,1.0229084856279613
EIF3K,1.0228773577679608
FDPS,1.0228640190770257
KIAA0020,1.0225269515121875
KIAA1704,1.0223418859781428
MMADHC,1.022269733102917
PLK4,1.0220016402091594
C17orf110,1.0219778770815386
MAF1,1.021708749285315
ERO1L,1.0214470703185377
DCTPP1,1.021235845056262
INTS12,1.020944802341302
PRMT8,1.0208624247119338
CLK2,1.0207630415126268
CAPZB,1.0205017620760826
ENC1,1.0204182872646925
ZCWPW2,1.020348950111734
STXBP6,1.020005782876846
SUGT1,1.0197434375581829
GPR61,1.019588402196539
RAB2A,1.0194043847625052
CRYM,1.0191754410516323
LOC100288728,1.0188538630841268
PIP4K2A,1.0187562761202253
RAB39A,1.0186410519925555
TMED7-TICAM2,1.0183976377159798
FKBP9L,1.0183348351291814
SH2D5,1.0182397751821606
RBP5,1.0181850433683717
CDC6,1.0179431770397593
E2F3,1.0177479392685007
MAD2L2,1.017739460493144
LOC100288392,1.017322425144752
ZNF792,1.017029653976789
POU4F1,1.0168581605760472
VPS33B,1.0166895017023807
PSMA4,1.0165260323510648
LOC100506725,1.0160377828288203
DAZAP2,1.0160262807473006
STX8,1.0156998767419019
CRELD2,1.0156992829511131
LOC100507204,1.0155921886185038
LRRC20,1.015555389804855
ZNF92,1.0155282031295914
C8orf44,1.0143054185579226
DLG3,1.0142913894441434
C2orf80,1.014256427014604
SGSM3,1.0141636301092927
CENPQ,1.0137560562365766
EFHA1,1.0134961307135362
ZZEF1,1.0134348187229605
UBXN8,1.0133913925023013
PTCRA,1.0133098075386962
PKP4,1.0123356079950618
HIST1H3F,1.0117581692184647
BEST3,1.0115218729672133
FAM13C,1.011377649492842
LGR6,1.0108098866027266
LOC100652779,1.0106317231652515
ZNF134,1.010054218952243
FAM26E,1.0098782894802287
PRC1,1.0097655766239306
ZC4H2,1.0093842081953472
ANKRD46,1.0092730113295605
STON1,1.0092411444040141
MYL4,1.009233515363033
SNORA25,1.008841419356757
SNX7,1.0088388350822648
LOC653501,1.0077021750336088
LOC100132529,1.0072200357274081
P4HA1,1.0071193977068806
NELL1,1.0070236042480964
TOR1AIP2,1.0068455349196952
FN3K,1.0068018803181327
PGM2,1.0065555120674226
HK2,1.0062243514716553
PABPC3,1.0062154624297475
IFT80,1.0061501465567488
LONP1,1.0060300883892712
FAM45A,1.0059643223354686
MAD2L1,1.0051981264845755
RNF128,1.0051933359737175
TSPAN1,1.0049518874685741
YEATS4,1.0049074703515566
GSR,1.004868872550223
LOC643923,1.004405974356985
KDM4C,1.0041945931492906
ATP6V1F,1.0037665175294106
LRRC41,1.0036351192939315
RGN,1.003599189795289
PAFAH1B1,1.002924020011269
GPNMB,1.0027592380042296
ZNF250,1.002531291577452
MTO1,1.0022452438717062
LOC100507128,1.0021714227464433
LRCH3,1.0017465005685748
CHD1L,1.0015448971008192
SLC38A11,1.0015273351806953
C14orf109,1.001160816021249
SLC30A7,1.000393911154691
RBPMS2,1.0003560670496476
MRPL13,0.9998622422697614
THAP2,0.999653660940182
TAS2R30,0.9995940221164148
PMS2L2,0.9995100595459787
LOC391722,0.999495602460581
HADHA,0.9993020884877618
CYP26B1,0.9988068152807824
RNU1-8,0.9986987405895689
RNU1-3,0.9986987405895689
RNU1-5,0.9986987405895689
RNU1-7,0.9986987405895689
RNU1-2,0.9986987405895689
RNU1-4,0.9986987405895689
RNU1-1,0.9986987405895689
HMGN2,0.9984903183745197
FLJ22184,0.9984451373392722
KCTD4,0.998330545742882
TEKT1,0.9982134742331744
CASC2,0.9981583088565372
GCHFR,0.9980718986563333
U2AF1L4,0.9975697062596357
HYOU1,0.9973954634879771
DNER,0.9973167731279874
TRIM13,0.9972883619229369
SLC9A3R1,0.9969711308077565
STAG3L4,0.9969270940602154
FOXQ1,0.9968498685184696
RNFT2,0.9968260564112504
C1orf109,0.9962028895793157
IQSEC2,0.9955129743178394
NXPH3,0.9954417707087552
NIM1,0.9953660920751118
MTCH2,0.9952964765262723
BNIP1,0.9952951670870817
ABCF3,0.995184258685816
LARGE,0.995026487199352
ARHGEF3,0.9950168086558695
COG3,0.9949478210975321
PDE6D,0.9948078053750368
POP1,0.994675100089567
WDR92,0.9946729966263759
METTL4,0.9946526667594279
SNORA64,0.9938655694153555
NEDD4L,0.9936881435608099
ZNF467,0.993519619526909
VTRNA2-1,0.9934930489682091
FCHO1,0.9931750497965574
MIR663B,0.9931144818794453
TTK,0.9930299326436464
LOC401242,0.9924334645767959
FAM18B2-CDRT4,0.9923836480527306
ERCC3,0.9919564984123368
SCARNA16,0.9917155528126731
FNIP2,0.9915893382280736
SV2A,0.9914025426909656
NAA60,0.9912853289896111
PI3,0.9912561874840347
RAB5B,0.9911554154313255
ATP11B,0.9910846926350029
CAD,0.9908152236450828
CAMTA1,0.990371897159888
SNORA44,0.9903505288697166
ZDHHC6,0.990273726292649
CRYZL1,0.9899623539779611
RAG2,0.989958761032927
ABT1,0.9899174447737861
PLP1,0.9898756034237056
LOC728034,0.9893765368011541
NME2,0.9891393692268524
SPIN2B,0.989138474267696
LRRC49,0.9890323435007483
CBX7,0.988995315265297
HSD11B1,0.9886668656615872
MELK,0.9884935569941303
FBXO41,0.988297117265486
DYNLL1,0.9881869298664335
CAPS,0.9881569809913396
TIMELESS,0.9880839413589351
GPN2,0.9880624210554347
FAM124B,0.9879280679685053
KLHL23,0.9875145192020495
SMAD4,0.9874863968218413
ETFDH,0.9874415882951574
LYAR,0.987186673213686
C21orf56,0.9870944490099828
AKIRIN1,0.9858464959129751
NPY,0.9848965039190464
TMEM235,0.9847572570658699
INCENP,0.9843773628612493
UBE2E1,0.9843118876382488
CACNA1E,0.9832795441498882
MVK,0.9831529104890795
CSNK2A1,0.9830139413898845
TGM2,0.9826959713410718
UCN,0.982630289478153
FAM151B,0.982483939786518
TBX3,0.9823478320813658
ATG3,0.9821835474957435
CXCL12,0.9820199335909928
GRIK2,0.9818240563012116
UBE2B,0.9816885419101639
SPAG4,0.9815068921655512
DUSP19,0.9812475406250576
TPPP,0.9809842699067427
DPY19L2P1,0.9809177377864614
LIMK1,0.9808250497520032
ABRA,0.9808107261347148
MID2,0.9806043407945544
DSC2,0.9805538384306256
ETF1,0.9804101993769989
GSTA4,0.9798938335500907
KANSL3,0.9798900913057776
TAF1A,0.9794321567968228
DAO,0.9793590250195581
BSN,0.9791799103806297
C8orf47,0.9791631270495845
LOC100506051,0.9789459820397259
TRIM33,0.9782920854034495
PSMA6,0.9781886947165466
LYSMD1,0.9781752608133394
LOXL3,0.9781451698010497
KIAA0317,0.9780930206840629
LRTM2,0.9779013056695218
WBSCR17,0.9776903277222964
EIF4A2,0.9776771444188704
BRD1,0.9771738795250395
MARK4,0.9769640098673502
ESD,0.9764721373084805
FAM171B,0.9764441490184822
COL3A1,0.976098258142135
XRCC1,0.9759950207564787
ZNF385C,0.9759516464968552
EIF2C4,0.9754951779881508
LOC100505875,0.9754222838958703
PTPLAD1,0.9753781999718977
BRWD3,0.9753079252507549
ADAMTS4,0.9751488971215483
HIPK2,0.9751018821762298
CARNS1,0.9750392994226614
DCAF13,0.9747823248064781
FAM49B,0.9746821464425606
SLC35F3,0.974528192592248
CASP2,0.9738000401113239
ACSS1,0.9736858262720028
GRASP,0.9734145120855885
CDCA8,0.9733716316185788
SIKE1,0.9732291154163135
CDS2,0.9732150564935342
DKK1,0.973176121865546
QSOX1,0.9727477086206586
MSH2,0.9724161436231679
PRPSAP2,0.9724008380533614
EPHA4,0.9722824899475764
EIF3E,0.9720704193338794
MTHFD2,0.9720073817437618
CCDC47,0.9719950591736383
PDE4D,0.971835319069241
LOC100652826,0.9716045997402829
STOX2,0.9715369799742993
DNAJC21,0.9712911662538752
TMEM98,0.9712706387881825
MRS2,0.9711323668758309
LOC100134259,0.9707335674384315
CNTN4,0.9698247653566787
CYB5D1,0.9695396336678026
ALG8,0.969218500692053
FAM219A,0.9683081656984925
SKIV2L2,0.9681849548695072
CES1,0.966504421232361
ZNF680,0.9664231512620071
EIF4EBP1,0.9663515567278453
LSM5,0.9662933260942155
TRNAP8,0.9656754565202229
TRNAP11,0.9656754565202229
TRNAP12,0.9656754565202229
RUNDC3A,0.965392294391672
SESN2,0.9649073895862209
LPGAT1,0.9648260878365716
SYCE1L,0.9644410748662484
FNTA,0.9643374611486548
LCA5,0.9642346559003138
FAM123A,0.9638138998939542
ENSA,0.9634448765740522
C3orf67,0.9632641866228702
SNORA77,0.9631457550514306
TP53TG5,0.9631407739613409
WDR41,0.9631185188793646
TCEANC2,0.9629246691010576
ZNF616,0.9626228967678859
MICALL1,0.9615663318586981
OCIAD1,0.9611406414577923
NUDCD2,0.9609907543842301
DCLRE1A,0.9608441254165021
MEPE,0.9606762229227621
LRRC37BP1,0.9601192765724769
IPO8,0.9597884993960765
DANCR,0.9597739980393263
ATR,0.9596839205856982
LOC100505572,0.9596508079138454
TMEM9,0.9595168760368107
HSPA1L,0.9591210741537367
UNC119B,0.9590466358076889
PCBP1-AS1,0.9590014617787365
JAKMIP3,0.9588702814393125
LOC399753,0.9587370484302153
PRICKLE3,0.9583735865606994
KRBA1,0.9582541193034358
SKIV2L,0.957956010287623
GLB1L2,0.9577104155191883
APOA1BP,0.957526466434431
TACO1,0.9574171503559958
ASUN,0.9573936996150922
YAF2,0.9572819518504608
EPS15,0.9571628996616806
NUDT1,0.9569674884750063
ACAN,0.9564951264156035
FAM96A,0.956037098537454
FAM81B,0.9557926652429121
ACVR2A,0.9557234557725237
CTNNB1,0.9557226597358043
LOC389458,0.9552513673580512
ARL15,0.9551763320570038
LOC100133985,0.9549785381210386
PAQR3,0.954929361023406
RFPL3-AS1,0.9546218833243943
NXF1,0.9545062522065267
NASP,0.9543486640155844
TSPAN6,0.9539942172099027
AMN1,0.9538809144213786
BMP5,0.9537536661515443
TOM1L1,0.953538801585598
TTC9,0.9532837273220134
EPHA7,0.9532136347734108
BMP1,0.9531022338642764
INHA,0.9527912923915103
PDZD4,0.9523282827249323
LOC100505967,0.9522953725344537
CEP76,0.9522487072549761
ADCY4,0.9520463817211787
ZEB2,0.9519140842701481
CUL1,0.951859665540891
GPBP1,0.9516495481669722
SLC9A6,0.9515983490054284
TFPT,0.950900238712216
RRAGB,0.9505675227800341
KBTBD11,0.9504566007910534
CYB5R3,0.950209317803307
RNF6,0.95015340319484
SOCS6,0.9498414812014061
C20orf111,0.9496644911309741
RNF165,0.9496612771342466
LOC100287367,0.9493349766704701
WDR83OS,0.9493211422123498
PPP2R2C,0.9492730361760647
GALNT4,0.9490373274277336
GALNT11,0.9487968556700621
EIF4A1,0.9478375400993418
TWSG1,0.9477532390960196
JKAMP,0.9477320622820714
STC1,0.9474162885466776
LOC100506452,0.9471062213795111
TBCD,0.9470626383695362
MXRA7,0.947001959491966
ZNF585A,0.946972869438101
RTN2,0.9469264599065852
MIP,0.9467977628053529
EIF3I,0.9462444692767564
C7orf57,0.9459807697829001
TRIM3,0.9459408841087108
MTMR12,0.9454844279779671
APOA2,0.9454259534143168
METTL2A,0.9453789156875864
GPN1,0.9443915383056894
ASNS,0.9443388823557508
RBM12B-AS1,0.944077585080525
GLRB,0.944003240812575
SLC25A11,0.9437999118077826
61E3.4,0.9436578871092646
ZNF681,0.9436034594264813
CHPF,0.9435978042352433
CBWD2,0.943450592412592
ABCC1,0.9432937680414475
SYT13,0.9431730805364533
C3orf71,0.9428444694768547
DLL3,0.942820722706202
ALG9,0.942570275944152
COL24A1,0.942293296491727
AVL9,0.9422553098665136
LOC100287723,0.9421225719346958
CCDC122,0.9419488269961709
MFF,0.9417520889081893
SUMO3,0.9414011434047408
HAUS6,0.9413112716810105
PITPNB,0.9409493663910217
PRDX4,0.9408366069919527
ZNF614,0.9407699503965185
LINC00473,0.9407276864288736
PSD3,0.9404537564577983
NUP88,0.9401780041686362
ZBTB33,0.9400778874349845
SEMA4D,0.9400669448801039
KLHDC4,0.9400220899764954
MTPAP,0.9399522205619935
CAPN12,0.9395934912503653
MATR3,0.9395391757130942
FAM115A,0.9395237571938885
LOC100507009,0.9392427483641516
CKAP5,0.9391255721052699
PPP2CA,0.9390955268303826
SNORA7B,0.9389364950675451
LOC100505666,0.9388406852261935
MED1,0.9387853265462984
MAG,0.9386235842694277
RNASE4,0.9385770982874164
ELOVL4,0.9384981031398238
EEF1E1,0.9383652541251959
SIGLEC12,0.9382711619627461
SLC12A5,0.9374589826928303
BMP6,0.9366904783300252
DNASE1L3,0.9365390997672751
SLC25A43,0.9364033897256189
DYNLT1,0.9362615824808577
PTGES3,0.9359592418327692
MMD,0.9358886598018292
AIFM1,0.9354710633873077
TRNAR4,0.9353591209817929
CCDC56,0.9351142621317404
RCVRN,0.934989791247268
ZNF852,0.9349124118775115
TNIP1,0.9347731858822573
ZNF423,0.9346678230454947
GPD1,0.9346086394216346
CSNK1A1,0.9344178005298697
AP3M2,0.9337780609506262
TRAF7,0.9331435971535269
C9orf37,0.9330790974753365
RASL11B,0.9330317857175341
VMP1,0.9328721232368525
KCNE1L,0.9328145604541364
TRIM11,0.9327908201271913
MICAL2,0.9326449771195706
PIGK,0.9325118310744969
DDX42,0.9322041577876945
ABCA13,0.9318854389625775
ARIH1,0.9316995179191226
NUP98,0.9313492387087653
EPT1,0.9312088951443823
SRR,0.9305214674242062
ZNF286A,0.9302516009219262
HOXA11,0.9301896589162628
CREG1,0.9301805196698316
UXT,0.9301320784030683
VCPIP1,0.9298787066886929
VSX1,0.9298546954972134
PRPF8,0.9297282689349224
KDM3A,0.9293937575165339
LOC100507345,0.9293349968010167
CLPSL2,0.9289412287958919
KCNA1,0.9284355589348707
LOC100289509,0.928375202813497
RAP2A,0.9282602149763526
CENPL,0.9277897311507657
PCDHB4,0.9276159647053979
ASB8,0.9275234251114336
TP53BP1,0.9273057960391122
COX6A1,0.9272119074470896
FAP,0.9271516180009121
GZMB,0.9271505796322742
USP48,0.9271030776948066
APAF1,0.9270928768521294
FAM200B,0.9266701255435275
PACSIN1,0.9265001005382326
JAK1,0.9259182151304741
RAB6B,0.9253053512023571
PEX10,0.9251324575460349
USPL1,0.9249856876318476
LIN52,0.92492659769564
CPXM1,0.9248828389798454
RPL14,0.924857745755595
NPB,0.9247542704882848
TMEM39B,0.9245070733728347
FAM72D,0.9244965015378711
GUK1,0.924279209609662
CSGALNACT2,0.9237666625757521
ASB2,0.9234246724722115
LDB3,0.9232382077724471
CCL1,0.9231634041445119
VRK3,0.9229798913312905
XPO6,0.9229188065225812
C17orf81,0.9229090117892546
ADPRHL1,0.9225192746123425
LOC100507458,0.9224101476049856
GTF2IRD1,0.9222556102860339
CDCA2,0.9214687573565442
LOC100287049,0.9213953526212924
SLC5A6,0.9213841540796002
LOC100505601,0.9212364275577651
LOC100506605,0.9212233944853634
EVI5,0.9210473184548181
LOC728613,0.9210164575536943
GPR75-ASB3,0.9205980900649707
C14orf133,0.9204747261788514
TRA2B,0.9204623816687969
COL20A1,0.9204101545112151
LONRF1,0.9202444505039493
CD1E,0.9201971937809769
TTC28-AS1,0.9201093350153804
MTRR,0.9199392746259648
ANLN,0.918916961098197
CISD2,0.918864704047171
NOS1AP,0.9188401326197218
WDR12,0.9187027602108592
FBLN1,0.9185860868908009
ARF1,0.9183327764285028
LOC283038,0.9180461279054645
FH,0.9179292111411104
FAM114A2,0.9177198627820513
DHRS7B,0.9175208708929232
ZNF775,0.9174024680158817
YJEFN3,0.9171500249256842
GIT1,0.9168772309866015
TTYH1,0.9168730371657842
C1orf56,0.9165286218678141
FLJ14107,0.9163405494793438
ADSS,0.916136519927719
CDKN1B,0.9159003655174048
COQ5,0.9157642828730838
IGSF10,0.9156998022452969
RSRC1,0.9153387581338162
ITFG1,0.9151416845801514
KIRREL,0.9149628126267075
STK32C,0.9149246530907376
FXYD4,0.9149034573944754
CASC5,0.9142233673459967
NPTXR,0.914121603685185
ETFB,0.913870729264232
MEN1,0.9136899456082063
RAB18,0.9135021898695289
LOC286178,0.9129530360955509
LOC100129361,0.9126610524043555
OVOS2,0.9124108137760433
SNORA72,0.9123426112225937
MLXIP,0.9121697336246939
DRG2,0.9121145375524915
ZMAT3,0.9120158855541223
GNG2,0.9118854585529994
FLJ39051,0.9108448705515347
COPS2,0.9107323193439932
NKAIN4,0.9106576708325401
SNX18,0.9105529619861099
TAGLN2,0.9103472978097429
TFPI2,0.9103172984436545
ZNRF2,0.910214389290404
KNDC1,0.910132346910528
INPP5F,0.9098609281169291
LOC100506059,0.9096547178617527
CBFB,0.9094610632284789
AKAP11,0.9093263546741157
GRIN1,0.9091163425455419
STRADB,0.9090979703990346
VTCN1,0.9088918412079032
ZNF815P,0.9082973991223797
AFF4,0.90738609941521
MLX,0.9073717875702361
RPUSD1,0.9072932536587627
DVL3,0.9071076579944554
PPP3CB,0.906810713079347
ANKLE1,0.9066650767649769
RHBDD3,0.9065952482871686
ZKSCAN1,0.906416190532229
MCHR1,0.9061471261637025
CYP1B1,0.9060660935301819
COL1A2,0.9058815662352045
LOC100652995,0.9058234712845138
FAM102B,0.9056990090675993
LOC100506082,0.9054457440240702
NADK,0.9053673433152302
AUH,0.9047555010485407
CHD4,0.9039430635854337
RLN2,0.9038959979727651
AGPHD1,0.9030151482277853
ASNSD1,0.9028516122770279
MYCL1,0.9028145347455939
CSNK1G3,0.9026798599007297
FLJ42351,0.9023652837178069
VSTM2L,0.9023438156677699
LOC100652975,0.9023416313047614
CKAP2L,0.902254279168616
NEURL2,0.902022038734447
SULT1C2,0.9019551768596343
EIF4EBP3,0.9017266102416079
IER3IP1,0.901265413340305
G2E3,0.9009326421723524
ASAH1,0.9007834678211032
H2AFV,0.9002924406462356
UBE2D4,0.900225540424129
SRRT,0.8998989156774325
DNAH11,0.8995451699113175
BHLHE40,0.8994500865076819
LOC387647,0.8992323215525375
MMACHC,0.8991896256162867
PGRMC2,0.8991740594701683
DHX9,0.8990257542408358
MKI67,0.8989043108123356
SIX1,0.898678481447262
SLC35G3,0.8984900272844486
SPHKAP,0.8975558335958161
ZNF487P,0.8974042578309444
GDAP2,0.897176891175202
ZNF836,0.8967936761101667
PLEKHA3,0.8964627261161934
S1PR3,0.8963706661860542
CXorf1,0.8963396564027938
CLPX,0.896257926608913
TRIM59,0.8960935788187528
AKAP17A,0.895877975167629
SEPN1,0.8957249809977166
CUX1,0.8955671901104448
LAIR2,0.8954219700408705
LOC100506885,0.8953616489427348
ING4,0.8953520919477115
GLRA3,0.8951355343264676
NHS,0.8946875310027537
GRM7,0.8946497090345543
ZNF541,0.8945398370074688
C10orf2,0.8944876232953671
PSMC3IP,0.8942084883499465
KIAA0907,0.8941504315314269
PLEKHA8,0.8941483607632081
PICK1,0.8940920976565248
ADCK1,0.8934642418508706
PDZK1,0.89331171868844
SETDB1,0.893221808411134
KLHL8,0.8931078161563895
LOC644669,0.8930929108140807
PCDHGB1,0.8930893671741436
BRSK2,0.8930423823278001
YRDC,0.8930272773437771
LOC151760,0.892601505809102
JTB,0.8923493445792703
SMARCE1,0.8923049175188584
BRPF3,0.892009643439196
C5orf30,0.8919560628020747
FAM66B,0.8919357598726787
MRPS18C,0.8919148780148286
RPL7,0.891610727280218
ITPRIPL1,0.8914549344497181
SLC35A4,0.8913805882413653
KIAA0284,0.8913397237073568
CXCL13,0.8913284021210901
NSAP11,0.8910607495811771
THUMPD1,0.8910296762008535
LOC100505547,0.8910285826266257
HOXB-AS5,0.8906960560447625
LOC730811,0.8905661007073082
THBS2,0.8905588154515007
CSRP2BP,0.8905130153379038
LRTM1,0.8904665874552103
ARHGEF19,0.8903388192220284
TXNRD3,0.8902039035552636
RIN2,0.8899707937056925
CYP2E1,0.8899410931562788
SNAR-F,0.8898870517951962
SORBS2,0.8895193334456576
TEKT4P2,0.8895067314835016
LOC100134317,0.8894768036015254
CLRN3,0.8894630964318098
TRHDE,0.8893247683390104
CTIF,0.8891552721006657
FOXD3,0.8889985435831574
METTL9,0.8885838650814869
ITIH5,0.8883919257404628
H1FX,0.8883862624450225
SLC25A26,0.8882645522841066
YIPF3,0.8881100477450591
FILIP1L,0.8880952291847672
DPY19L2P2,0.8880737152913747
FRA10AC1,0.8878338790912034
KIF9,0.8876291805115656
LOC400752,0.8874129266933933
BRPF1,0.8871280220863198
ITK,0.8868020402600133
GRID1-AS1,0.8867602858565764
C10orf57,0.8866499186487613
KRT75,0.8864020856893886
BEX1,0.8863449324123727
ESPL1,0.8862891583787694
STK39,0.8862096496514127
ANKRD31,0.886012839436184
FAM224A,0.8856998169177381
ITPR1,0.8854084928730305
TBCC,0.8854009682915531
HSPA4,0.8852393505966556
LOC100289607,0.8850922389379372
ZNF212,0.8850182674964729
HDGFRP3,0.8847397355113142
KLK6,0.8847339042801278
TOM1,0.8846221956840218
LOC100506413,0.8845910938234831
PLA2G4A,0.8843048535559486
LOC642846,0.8842293566273955
RDH14,0.884205461986084
MRPL48,0.8841413601228855
BDNF-AS,0.8839818995095517
VGLL4,0.883312076331856
LOC729177,0.8830869475126574
PA2G4,0.8829987742666514
CORO1C,0.8829216235691613
DNAJC30,0.8827285737697266
SEC16A,0.8824353032006788
PNLIPRP3,0.8823309970096528
HIST1H1B,0.8822287868054861
LOC100287082,0.8818428554927308
TUFM,0.8818324785908925
PDE1A,0.8818132173963011
RBKS,0.8817241042555632
STX5,0.8812770821640873
TBR1,0.8812235301588806
SRSF3,0.8811527287961796
ARHGEF4,0.8809268481330881
WDR45,0.8808979927943538
XPO4,0.8808517182360052
TNNT2,0.8807366222514256
BTRC,0.8801410026019801
SAMD11,0.8800422516840645
SRPR,0.8799031858468284
ST20,0.879664105982505
TMEM5,0.8796198243113065
SNX4,0.8794184402293417
TPTE2P3,0.8793751940414968
MRPL21,0.8790304828379443
STAT5B,0.8788328986276764
PARD6A,0.878597778399943
ACSF3,0.8784294541906587
PSMA7,0.8783083953760816
RIPK2,0.8781259652339836
LOC100506377,0.8773534491837041
EEFSEC,0.8772690889841914
RLIM,0.8769074280881862
COG2,0.8766477998063917
ZNF569,0.8765778912754227
BDKRB2,0.8764926553562588
CD244,0.8763204878592923
SMG7,0.8761202458881077
KIF14,0.8759477383552708
WNT2,0.8758785257860078
LYPLA2,0.8756671656268603
YKT6,0.8755729497773372
MIR581,0.8754486675283001
HCAR2,0.8751797567947723
NDUFC2,0.875090483283187
STK24,0.8749154906963461
C1orf198,0.874862046795225
GRM2,0.8747926720955839
TNKS2,0.8745791332497166
VAT1,0.8745437343681841
ALG6,0.8744739550958615
DCT,0.8744162409892933
MGC57346,0.874403353824768
NDUFB9,0.8743424862791978
SLC41A1,0.8739999966238808
RALA,0.873683961797013
ARRB1,0.8734472392583277
RASA2,0.8732825716590946
LAMB1,0.8728157799051093
C1orf159,0.872727764091588
CYTH1,0.8726283828295845
CUZD1,0.8721158470232858
LIPI,0.8717000913665625
GCA,0.8713655035277997
LOC100507364,0.8712947627595267
ACLY,0.871077983610416
BTBD9-AS1,0.8710187451883268
KIF18A,0.8710068173011446
MUSK,0.8709401333499784
PELO,0.8708487840445842
SNORA22,0.8708068634930866
SMN1,0.870704889837681
MTCP1NB,0.8704538232589931
MAP4K2,0.8703860296288525
VILL,0.8696107440803121
TCF4,0.8695739587306345
CACNG8,0.8691765153004721
LEMD3,0.8688103229212224
LOC349196,0.8686279175681945
TRIM32,0.8682424274234071
CEP95,0.8682251668629025
ZNF468,0.8680143277915485
C1QTNF9B-AS1,0.8678700716519508
DGKD,0.8676473238989008
LOC283887,0.8667494003341464
ZNF283,0.8666661728673467
DHFRL1,0.8663956410592146
TMEM218,0.8657754078062261
LOC100287562,0.8656286938112303
HS2ST1,0.8655748238777147
EFEMP1,0.8653108778129873
LOC388796,0.8647253338492549
ACSL4,0.8646454498527353
STC2,0.864456756410198
LOC100507461,0.8636073470789867
KLHL12,0.8635964692558509
IFT88,0.8635927323290098
CDK2,0.8627362945574136
LOC100506161,0.8626266284432574
IFLTD1,0.8622981160036174
PVALB,0.8621543977188488
CHRFAM7A,0.8620583512304686
CAMSAP2,0.8620286913355999
TRIM46,0.8620262320582671
TMED4,0.8617556134407715
ZXDB,0.8617183096544647
LOC100505743,0.8617171676851736
GEMIN2,0.8616341671201055
PPM1E,0.8614053038016679
LOC100507372,0.861311262709073
KCTD11,0.8612332710352247
SKA2,0.8610604216230208
ZNF728,0.8610003808310849
LOC100507495,0.8608280754304538
VWC2,0.8607018647151511
RHOA,0.8602053934596857
SGCD,0.8601503322475065
TPM3P9,0.8597126769280545
ODF2,0.8595544757593023
TBC1D3C,0.8594444450389229
EID2,0.8593233490911735
C1QTNF5,0.8591247238532296
MFRP,0.8591247238532296
GRHPR,0.8591233845433074
ANKH,0.8590621279075781
SCN1A,0.8590538175436437
BOLA1,0.8585983059045457
SLC1A4,0.8585325354415164
DERL2,0.8580329272810355
ZNF780A,0.8578946999744035
MARC1,0.8574195990030471
PAIP2B,0.8572858638314796
C14orf80,0.8571330652307343
PLEKHB1,0.857024611078685
CDKN2AIP,0.8570193200870424
CD99,0.8569612447224029
ZNF26,0.8568869638255122
BCOR,0.8567564011910874
TRRAP,0.8561314195047286
BTBD9,0.856042942466204
LOC100506523,0.8559820649091363
QPCT,0.8557863690027043
LOC100652745,0.8556762764822501
RFWD2,0.8556303065501114
TMED7,0.8550613989959285
TMEM60,0.8543555011162731
LIMS2,0.8543308315556705
CLIC5,0.8539126526796639
ARHGAP19-SLIT1,0.8536127291917837
MEIG1,0.853166622522698
DIABLO,0.8531373087936555
FAM18B1,0.8531226979957608
LHCGR,0.8530347662321645
LOC100131067,0.8530241335544569
FAM57A,0.8529442303691425
TSPAN9,0.8528767665178675
MAP2K4,0.8528110379565947
CPB1,0.852531186541509
MIR4737,0.8521980857347413
GJB1,0.8520075316075196
AAMP,0.8513246695315208
TPD52,0.8511397427293894
SMC4,0.8510241357444931
UTS2D,0.8509796612861499
NAGS,0.8506678305902716
ADCY2,0.8503132346569486
COMMD6,0.8500874125596606
BUD31,0.8500259711404436
C14orf119,0.8499794380817558
GNB5,0.8496054037033587
BTBD17,0.849575286297589
SNORD17,0.8495297967474187
FBXL5,0.8492221355753004
TECPR1,0.8491968999235071
LOC96610,0.849109962855597
UQCR10,0.8490652637402196
SYNCRIP,0.8482803221674621
DBF4B,0.8482102895247421
LMNB1,0.8479934526628747
TMEM234,0.8476037892256462
LDHC,0.8469963552075728
FLJ37035,0.846976309864323
LOC100506060,0.8468323190149362
C7,0.8466186850084552
LPCAT1,0.8460121348285219
DOLPP1,0.8457249635628118
TTC9B,0.8455739709391971
ACP5,0.8451491375940738
LOC100507258,0.8446885106956096
SMEK2,0.8445254303185288
DUSP12,0.8444441088816823
RPL41,0.8443798837124548
RB1,0.8442176144461753
TTYH2,0.8440728334788389
SEC11C,0.8440552088936338
GOLPH3,0.8435785965123267
TMEM100,0.8435395272226945
MBLAC2,0.8434332876590848
RNF38,0.8432575190556196
MCFD2,0.843206690530032
LOC494141,0.8430697267079632
ADSL,0.8430411386074899
AIFM2,0.8430182076840336
ATIC,0.8427918534229893
GRSF1,0.8422171675605968
TMEM184B,0.8417318091985162
MYOZ1,0.8415990753457253
LOC100505616,0.841325353155385
TRNAU1AP,0.8411926948428926
SNORA14A,0.8409225652890757
CHCHD8,0.8406331433519814
ANGPTL1,0.8404564529603561
CLEC16A,0.8402844481182832
C12orf69,0.8399122697027014
KIAA1598,0.8398767595646353
LOC339894,0.8395477395817829
LYRM7,0.8394374083886891
CCDC150,0.8394269339160177
HSF2,0.8393205305274519
PPAPDC1A,0.8390919634990774
SLC29A4,0.8390541668384737
SNORA70,0.8389816640374987
KIAA1257,0.8388560741860552
GOLPH3L,0.8382619264299377
DEM1,0.8382105136353876
SPAG7,0.8378562529913576
CCL3,0.8377086519262906
TREM1,0.8376484990572638
FBXO22-AS1,0.8372647071223253
ZNF587B,0.8371866329022744
ZNF664,0.8364793802303527
HDAC6,0.8362647666922983
BACH2,0.8362543790258904
RTKN,0.8356383354234399
PRR13,0.8354427848389713
ZNF684,0.8350175710430774
CLEC14A,0.8350068576126066
SKP1,0.8347541943124218
TRAIP,0.8344334711670915
CST6,0.8343964445475346
IL36G,0.8343243979208705
LOC439949,0.8340480899759681
ESRG,0.8338294356885704
PCDHGB5,0.8337721920435592
PSMD4,0.8336943406349909
TFE3,0.8336480413529591
TMEM116,0.833519535426449
FLJ41278,0.833477533671562
ZNF419,0.833310686364045
EFNA3,0.8332675948776626
KIAA1467,0.8332278812395889
KIAA1429,0.8332160603458277
KDM5A,0.8331646835979335
LOC440896,0.8330343482209216
PPM1H,0.832780262289901
HIBCH,0.8327613631526803
PBX3,0.8327473474729465
LOC100499484-C9ORF174,0.8318559803836902
AQP9,0.831526632461999
SLC25A1,0.8315174468285904
FAM104B,0.8313654931405363
KCTD17,0.8312571721298199
SLC45A1,0.8312525838184791
RS1,0.8309556534509452
BZRAP1,0.8308527271209077
MYO1G,0.8308052410442492
LOC100507034,0.8307988805864565
DNAAF1,0.8307110011617442
THAP3,0.8306139868774851
PPM1B,0.8306136194456669
HNRPLL,0.8302515943765613
ZNF79,0.830096120283909
MMP19,0.8300611583299059
ATP6V1G2,0.8300227466858862
MCM10,0.829888766066849
SNAI1,0.829573152654427
DLAT,0.8291252544854645
NFRKB,0.82897172830512
LOC400590,0.8289575604114985
KDM2B,0.8288445683853054
LOC100128356,0.8286551348986363
TCEAL8,0.8284861997771326
HMGN4,0.8284016790504901
C7orf43,0.8283299766523389
SGMS1,0.8282716978568174
ITGB7,0.8281012619492555
LOC100129027,0.8278476893595854
LRFN5,0.827750072303971
NDUFAF3,0.827742058878076
PLS1,0.8277145776222204
SCAF4,0.8277124890695634
PIN1P1,0.8275472000332388
NOX1,0.8271793521515768
UBA3,0.8269430285079589
CA11,0.8269128039057129
CDV3,0.8268963760652461
GAD2,0.826890003084732
ST6GALNAC3,0.8267794549289765
LOC100652740,0.8267239181905828
EMG1,0.8265879333943792
GINS2,0.8261985117961131
DDX10,0.8261478975336403
SNORD114-3,0.8260641760400053
NUDT8,0.8259357652565001
MAP6D1,0.8259273097989991
THTPA,0.8257570700931495
ZNF197,0.8256124026688775
IL13RA2,0.8254871159301044
TMEM233,0.8254816588679792
NUDT15,0.8253369737397358
NME1-NME2,0.8251614244361476
IL8,0.8251247152506137
FLJ33996,0.8248725926864054
CETP,0.8247702868441796
DZIP1L,0.824181063015983
MAN1B1,0.8241395112336845
TET2,0.8237065320814522
NME9,0.8236298575341138
ARSD,0.8235192897318194
CROCCP2,0.8235123790458607
SPAG5-AS1,0.8233481030042956
CAP2,0.8231169977559247
PRR3,0.8231084278477843
ZNF81,0.8224789318962438
IFT81,0.8224170905377712
SRC,0.8220408676600992
ABCB6,0.8220076574521712
TTC8,0.8218366832292389
TEX26,0.8217938239069732
ZNF497,0.8217913653410207
PGM3,0.821771126361563
SCD,0.8213381472672895
WDR66,0.8213178942921219
LPPR4,0.8212896247591908
LOC283761,0.8212694709774421
KLRC3,0.8211130514165388
CPNE5,0.8210987890272418
DBNDD2,0.8210788284398676
CACNB1,0.8209336701595075
SEC61A1,0.8206916842193013
NAA38,0.8201512050482307
CYP7B1,0.8193589562702275
NFYB,0.8190874287049057
SLC25A6,0.8188347794996063
ZSCAN21,0.8187028994384674
SF3B5,0.8186801644930499
ADO,0.8184845846362573
SLC25A22,0.818390702649398
POU2F3,0.8183636131966994
COX6C,0.8180394411737786
C1orf94,0.8179048950852686
ZNF582,0.8178018410943447
C9orf85,0.8177034827254941
NBPF9,0.8174079536147678
HBG1,0.81733724665758
PAM,0.8173204116469832
WDR52,0.8172555208746104
PTBP2,0.816680798761185
KIF5C,0.8166628449827045
OLA1,0.8164069804835674
EXOSC2,0.8163524099780114
LOC100507521,0.8161672560558141
MTUS2,0.8156832080984522
KLHL36,0.8156767633779971
ARL2BP,0.81567224342109
CDKN1C,0.8156563713442047
SESTD1,0.8156216054115734
KPNA4,0.8155153339780088
HTR5A,0.8152497119420391
LOC100127983,0.8150953919331211
GOSR1,0.815043588133908
SLC45A4,0.8148715985896018
ALDOB,0.8146250207314971
MAZ,0.814531336432928
ITGA4,0.8143373094544516
KCNAB2,0.8140920828664172
GLRA2,0.8140337541951519
TBC1D30,0.8139760562055651
HRK,0.813960196069212
UFC1,0.8133145892465719
NSMAF,0.8130107985608296
ITGA11,0.8127950271892361
ERLEC1,0.8127313091966412
FOXF1,0.812293683066159
C2orf47,0.8120776743289277
ARPC5L,0.8120270091370309
RHOT1,0.8118476501105298
MMEL1,0.8117656632800602
TACC3,0.8116091466872167
DUSP23,0.8111046627280623
ART5,0.8107010513934343
FAM165B,0.8106314380127105
SEC63,0.8103992081447723
RPUSD4,0.8099742638284235
PRKACB,0.8098338773665849
PURB,0.8096140561316844
MANEA,0.8095817408978594
CDYL,0.8091639345495074
SELK,0.8085360869997651
CALY,0.8083736177957825
LOC79015,0.8076076302387072
TAF11,0.8075933007514843
RSPH1,0.8074209182595078
FTL,0.8072646595578505
FAM160B1,0.8069261445138477
CEP170P1,0.8064315964308708
EXOC8,0.8063842307563073
DCSTAMP,0.8061135295931701
FAM132B,0.8059512229136798
TMEM140,0.8059090286763257
ADAM8,0.8054797971597596
POLD1,0.8046587827096664
C10orf90,0.804422306105134
C11orf82,0.803478654619148
BTN3A3,0.8033981478032662
CLEC18C,0.8031673088982784
QTRTD1,0.8030490427732238
NOXRED1,0.8025350584297619
LINC00085,0.8024736745702944
ACRC,0.8024128932841034
KIAA0556,0.802403806605796
ATG7,0.8023438421848963
BAG6,0.8022563614099015
PKM,0.8022341221494366
TSTA3,0.8021804275276968
CTBP1-AS1,0.8017674323187085
OXSM,0.8016873422284619
GPRC5C,0.8007645224484529
SRP54,0.8007641993468155
TMEM45B,0.80076154479341
EFCAB5,0.8007160539483138
NINL,0.8007052692856056
DTWD1,0.8006695421826682
SNORD22,0.8006503502737635
S100A2,0.800615314632976
OR7E91P,0.7997711164976459
CCDC57,0.7996493574993281
CABLES1,0.7995885408968856
LOC144438,0.7993471686589626
FBXL22,0.7986895309064446
TMTC3,0.7984092295055861
PFN1,0.7983641957970186
ARMCX3-AS1,0.7982844346138885
RAD51AP1,0.7979520304122386
SIAH3,0.7977983336710252
LOC100133315,0.7977690467453041
LOC100505974,0.7977663387603857
DBT,0.7977292074153577
GPR89C,0.7973215393382608
HIST1H2AD,0.7972191219210564
PCDHA13,0.7968107910062777
PUF60,0.7966071119754455
FGFR2,0.7963845519930265
CDC25C,0.7960338012662386
HR,0.7956759464116796
ZNF19,0.7956350934230121
ZNF512,0.7947788093677522
PPIL3,0.7946147063215838
AGAP1,0.7943081337277992
RPS12,0.7942364523546793
AGTR1,0.7938987793853381
PSMD6-AS2,0.7936181435649833
THAP10,0.7935903205571274
TRPC3,0.7935810266711069
ZCCHC14,0.7934730820752393
NDUFV3,0.793055277002152
RNF25,0.7922277334189264
DENND5B,0.7921738275260773
ZBTB11,0.792011934252363
EMC8,0.7917147595500751
MRPS11,0.7916727299525617
LOC100507431,0.7912499505122454
CACNG3,0.7909236209396634
SNORD80,0.7908491886070913
IFIT2,0.7908006473684617
EFNB3,0.7907060033647219
ZNF84,0.7906667105172646
CDKL3,0.7905588650873661
SCO1,0.790170616318493
LOC202181,0.7901523232846653
C15orf61,0.7901390360702134
DCDC1,0.7897184482085551
SCNM1,0.7895764658655557
MFSD1,0.7890827708847296
ZNF574,0.7888937205335236
KLHL7,0.7886264289909578
MMP11,0.7883315912198847
DTD1,0.7882598308656869
KPNA6,0.7880882846975659
SLC22A18AS,0.7878355425360457
TSNAX,0.7877638677612687
PSMG3,0.7877183256275961
TDG,0.7876437289440706
CDK8,0.7865799869883585
HGSNAT,0.7865474123097711
PDE2A,0.7862943974116763
LOC284648,0.786188155402245
LOC100500773,0.7861286138960143
SNORD15B,0.785631769383155
USP13,0.7853508680646991
UBE2J1,0.7850286238993145
RCC2,0.7847592710543638
SEMA3F,0.7845704137621501
LETMD1,0.784502426784327
WDR93,0.7844992211405868
TTLL4,0.7844178396888767
LIN9,0.7842163881530788
WBP1,0.7841823786885214
LOC100507049,0.7836223885283302
MED9,0.7836178683902328
SPOCK3,0.7835040525343986
RBMXL1,0.7834815445249991
RUNDC3B,0.7833947619152815
CDYL2,0.7833806450300045
ABHD5,0.7832220585548921
RAET1K,0.7829205043651878
LOC541472,0.7828797188963437
IDI1,0.7827894794352785
LOC100506753,0.7820700704738134
SRG7,0.7817997790523593
ANKRD34C,0.7815814545935551
ID2B,0.7814767229557393
TRNP1,0.7812355094771335
KCNN3,0.7809087994660306
ABCG4,0.7808649180966708
MRO,0.7808084653560076
CHCHD2,0.7807273504138695
TARS2,0.7806602470272005
C16orf89,0.7805978851650688
ANO4,0.780583281068316
TMEM167A,0.7801847381583998
PTMS,0.7798649163828543
TEK,0.7798173063227078
APBA2,0.7797703653052658
ZNF679,0.7795543869077066
ARHGAP44,0.7792719642063414
SDIM1,0.7791848267196722
UIMC1,0.7790214037937437
LINC00239,0.7785483946367447
G6PC3,0.7782635617912833
ATAD1,0.7782070997641655
GLUD2,0.7780547423896128
LOC100507602,0.7779272905564102
UTP18,0.7773985820684823
KIF15,0.777236628760052
EXOC1,0.7771568549004834
NCOA7,0.7769927314126016
AZFP,0.7767945562989251
RPS6KB1,0.7767391778965093
ARL17A,0.7759913928603156
FAHD2A,0.7757579045380333
TBC1D7,0.7756521526257975
SRSF2,0.7754362260289394
MINK1,0.775401054333771
CDC42EP4,0.7752303625445688
PIBF1,0.7751714028638101
RRP36,0.7751358852990514
C20orf24,0.7747167562657878
PPP3R1,0.7742507592878302
LOC143666,0.7740818026907439
PCDHA9,0.7739626471715239
HMGCS1,0.7739518408633304
LRRC18,0.7735833161207087
TPRKB,0.7735311615528538
MT1X,0.7724994619605052
MBD2,0.772445009075801
TRIP13,0.7720727186760057
EFHD1,0.7717957417898502
AGRN,0.7717904822186891
DDOST,0.7715653880111816
LINC00526,0.7715440712496551
C22orf46,0.7714523469673294
GRINA,0.7714406400413817
MTMR8,0.771307060129237
DGKZ,0.7710268005313142
TPH1,0.7709796085013088
RNF114,0.7709150381839547
CEP250,0.7706023822845237
DCN,0.770485401375851
LRRC37A2,0.7703595342775815
C2CD2,0.7702079484418406
CTH,0.7701067680050053
APLN,0.7695365890810258
ZNF273,0.7693986329235766
CXCL5,0.7684090757165806
CACNA1A,0.7683268125363518
OAT,0.7680734052042419
SF1,0.76802062128007
KIAA2026,0.7673145475435935
CASD1,0.7672256353652616
MID1,0.7668211815054006
DAPK2,0.7662122620730476
LOC283683,0.7657839104557638
LOC100505679,0.765661934900493
MEGF8,0.7656458917503346
USP36,0.7655181739848195
C12orf71,0.7653608261472945
FAM213A,0.7652465895474887
OTUB1,0.7647607061256564
ZNF469,0.7646285111333442
GMNN,0.7642823181245461
CCDC6,0.7641988915751743
TMEM168,0.7641697650118859
PHB,0.7641344218765429
CLASRP,0.7638688623458535
ADAMTS2,0.7637292038224708
PANK3,0.763664044695378
SHANK3,0.7636619235413337
EIF4G2,0.7635853509224556
PROX1,0.7635317556627472
FATE1,0.7629877937853365
AZI2,0.7628028776503515
C2orf29,0.7627007210521723
CIZ1,0.7625268283661101
NDUFS3,0.7620258845770548
LILRA6,0.7616804208260367
DOC2A,0.761509951240406
HCFC2,0.7614785237849265
TRIM17,0.7614613490243677
BRWD1,0.7606571374898349
NFATC4,0.7605729775147806
VMA21,0.7602857383378243
MAP3K13,0.7602613186497896
HS3ST2,0.7598122513439479
RNF138,0.759689642564873
PSME4,0.7590159904327207
SOX15,0.7588194051164757
SRSF6,0.7584481343826182
LGALS2,0.7584002030822115
CORT,0.7580969161292997
BUB1B,0.7580792701601606
CPLX3,0.7579154886056438
LOC100506710,0.7577790308862622
HIST1H3H,0.75774657188085
IWS1,0.7576521517369663
SUSD4,0.7573045643452537
C14orf166,0.7572870704999799
CCDC157,0.7571299566461608
RANBP2,0.756771554260716
ANKRD20A9P,0.756682631998013
RASGEF1C,0.7561536723791872
TMEM201,0.7560998164542314
ARMC1,0.7556099743837513
FLJ42393,0.7555721336194542
C1orf158,0.755514145031473
TRMT10C,0.7554804694997708
NFE2L3,0.7552058438114845
RNF111,0.7551710708933848
STOML3,0.7551507003012836
MARCH9,0.7551463165382277
BTBD10,0.7549796986341057
PDE7A,0.7549768705637627
NPM2,0.7547326468349347
EIF3C,0.7542646830571575
MED11,0.753852406071479
KDELR3,0.7536703660309697
SP2,0.753668813564576
SNORD8,0.7536630213677538
PPIL2,0.7535089551663676
BAI1,0.7532196901423975
ZFP62,0.7531755035797388
ADAM1,0.7530767554095389
ZNF319,0.7527750970359893
FUZ,0.7526871491366646
SLC16A5,0.752589282295301
ACTA2,0.7525390228467257
EYA4,0.7522712628678598
C5orf34,0.7521862703563157
HYLS1,0.7521720833810657
MICAL1,0.7521334355203927
LOC100170939,0.7518879345187428
MACROD2,0.7517673147340949
C17orf39,0.7515108194151872
NOX4,0.7513272769461659
HMOX1,0.751292085930998
GPR137C,0.7512322582733082
MTMR4,0.7510768614633138
ANKZF1,0.7508291732633492
PBRM1,0.7506349122889996
C3orf17,0.7502828820268271
BVES-AS1,0.7502349322914217
CHD7,0.7499056274483995
BOD1,0.7498140230034946
NPHP3,0.7497763047070549
LYPLAL1,0.7494722061138891
LYRM4,0.7494273644814637
DYM,0.7491696006602399
NGEF,0.7488279323890368
ABTB1,0.7488094098663237
LOC100287632,0.7484400928037231
COX6A2,0.7484310486550683
LOC729264,0.7480513708699172
ZNF736,0.7478408548519582
TAC1,0.7478199840858042
NPR1,0.747272285557251
LOC100507110,0.7468663813479055
PCDH1,0.7463857084693407
SLC22A23,0.7461023898493732
WDR44,0.7456847362683386
NAB1,0.7455256038998361
BCORL1,0.7448936681286535
NTMT1,0.7448603377795978
ADRA1B,0.7443017380159351
MMGT1,0.7442680337480849
RGPD5,0.744156724361731
SQSTM1,0.7440785382303174
ADNP,0.7439596994267483
PFKM,0.7436631828619394
DDO,0.7436465914059938
FAM83D,0.7434949919634978
ATP6V0A4,0.7430253846052987
RAP1GDS1,0.7429884911302134
PEX1,0.7428916250985557
SYNGR3,0.7426959990776124
LOC554249,0.7426285236694905
AIMP2,0.7425895784019704
SLC39A9,0.7424155817818313
PPP2R2B,0.742338735279566
REEP5,0.7421512724769053
CPNE6,0.7419737425281092
ABCA1,0.7418375179641707
ZNF644,0.74173200617993
ZMYND11,0.7410086450454941
LOC100505792,0.7409856988731056
TAPBPL,0.7409568195423584
RXRG,0.7409102870467084
CSRNP2,0.7405776934370369
RGS22,0.7404773088934696
LIFR-AS1,0.740312357784005
TTL,0.7402812729647101
RAB26,0.7402406052558722
CCK,0.7402253006414599
MUSTN1,0.7401571007872799
MIR597,0.7399896232785712
MAGOHB,0.7399182654927177
RNF149,0.7398713292181057
LRRC8B,0.7397193575408246
PF4V1,0.739581632715858
CBWD7,0.7394041836965828
C11orf71,0.7388846258651259
TMEM151A,0.7384739152650089
B3GALT6,0.7384273297321521
SAMD8,0.7383120630318054
C6orf136,0.7381452433501722
PTGER3,0.7381155797026209
LOC100507582,0.7381014818817898
SEC14L5,0.7380744915852814
BCL10,0.737817783901211
LINC00207,0.7375786096283828
IDH2,0.7375432926803954
RMI1,0.7371877821610958
WWC3,0.7371851701864727
IQCH-AS1,0.7371805671060744
MRPL15,0.7365751147140068
SPNS2,0.7363337998873982
LOC100505730,0.7361783933916626
C1orf150,0.7359426105005591
SSR4,0.7353048589820206
HMGN2P46,0.7352468922096963
NLGN2,0.735008026687822
CAB39L,0.7346007137061293
SNORA7A,0.7344798561847011
TEX29,0.7343625432357852
CDO1,0.7343309185853419
BAP1,0.7343213330071602
C15orf40,0.7338161658329487
BAZ1B,0.7337211373537351
CES3,0.7331197540405695
MAP1LC3B2,0.7330528871962666
IL1RL1,0.7329382397968605
AGAP2,0.732610841873258
C15orf63,0.7324785665762722
HIST1H3B,0.7321863386175474
IFT140,0.7317641591331292
LOC100507410,0.731699425366785
KIAA1107,0.7316677940857202
DAXX,0.7313990945111685
C16orf5,0.7311156556902084
IGF2R,0.7311104978342172
AUTS2,0.730706327630248
SEC61G,0.7306552649569594
ERGIC2,0.7306140572436867
PDK3,0.7305577941387084
LOC728643,0.7305369003964025
RP1-177G6.2,0.7302883439163869
PGA5,0.7301764452448976
USP16,0.7298775110545981
CPA5,0.7296567769983897
TP53INP2,0.729468997307111
ADAMTS9-AS2,0.7293304244609045
LOC100506098,0.7290241909499674
PRPS2,0.7288457221437726
KCNH1,0.7284941305595714
SLC16A8,0.728309597614035
WWP1,0.7281928339818189
C10orf32-AS3MT,0.7281086686461272
FOXJ2,0.7280638813491674
APOBEC3H,0.728020561240173
KRT18P55,0.7280088820103988
N4BP2L2,0.7278051590243636
ADCYAP1R1,0.7277412565242101
INTS6,0.7276426763104378
SNORD67,0.7275423862999332
UNC119,0.7275375560894906
MPPED2,0.7271823239340381
CBY1,0.7270721482310541
RPL37,0.7269757769246032
ZBTB17,0.7267621350073795
PWP1,0.7264963245468649
RTTN,0.72603246038032
CWC27,0.7257947105895733
LOC100288798,0.7255157531305438
TRIM71,0.7254263276818518
ZBTB41,0.7248353238474717
PRKAB2,0.7245661264215637
CCL15,0.724518084445811
GPR146,0.7244173895209595
ARRDC3,0.7237180572650832
TMEM184C,0.7236479518892464
NINJ2,0.7235101581024703
LINC00467,0.723286415359906
LOC100507206,0.7232025252506691
HSPC072,0.7231149507082824
TTC9C,0.7229346211577871
DDX56,0.7228500363594023
CCDC112,0.7226836548052961
LOC100506365,0.7226752646536895
SUMF1,0.7225726442042786
LOC653653,0.7225205122509474
NSUN6,0.7222954994387919
LOC729852,0.7222666191252172
SLC6A12,0.7221802235428585
OVGP1,0.7221710786782891
MOSPD3,0.7219850975724335
SYCP1,0.7219701023797995
CBFA2T3,0.7219530632818549
PFDN1,0.7215373009706508
LSM10,0.7214629815974675
FAM72A,0.7214491679369515
PTEN,0.721290394711308
STOM,0.7212817478220788
PIP4K2C,0.7212408361510113
SLC30A9,0.7212375349136843
SNURF,0.7211675794926282
HECTD1,0.7209922883509603
PDE10A,0.7207502068345999
CDC7,0.7204491197721047
USP51,0.7204309754782968
LOC100507477,0.7203836202428004
CTXN3,0.7200182449153473
SOCS7,0.7199908542324001
KBTBD2,0.719524579881771
FABP4,0.7193970941810215
SLC6A7,0.7192902727501064
DCAF16,0.7192340994844275
DNAJC5B,0.7190808397534972
ZNF320,0.7187947176585533
ZNF192,0.7187364617716675
TGOLN2,0.718340663775273
NKD2,0.7181432002739077
IMPDH1,0.7174772101049494
POLDIP3,0.717341210869384
MIER1,0.716953809716353
DCDC2,0.7169524486309521
USP15,0.7165541441757814
SAR1B,0.7163674837714623
SLC7A6OS,0.7163182843994873
AKTIP,0.7161357402274088
TFR2,0.7159419192127784
ATP8A1,0.715834497162733
LOC732265,0.7156006879595119
PDGFC,0.7153278876167181
NUDT13,0.7151277944120068
TTC27,0.7151029494419666
ATAD5,0.7149459947458089
LOC100652870,0.7146593422656609
LOC100652880,0.7146593422656609
LOC100652875,0.7146593422656609
KIF5B,0.7146314896778719
HOXA10-HOXA9,0.7146240513158729
ERI2,0.7144940369459688
SNORD95,0.7142988339890951
RNU5A-1,0.7133515718659892
MIR548O,0.7133471733720531
NFU1,0.7130572688811835
LOC730236,0.713038542932941
HDAC8,0.7127300003483904
ERC2-IT1,0.7126618696232553
SLC16A7,0.7119920590407857
CCNC,0.7118111006115512
FLJ26850,0.7117178432108244
C1orf174,0.7117046715127453
PLAT,0.7108282207402986
EIF3M,0.7108021772644341
SH3TC2,0.7106075912992728
KCND2,0.7101990254502653
LOC645434,0.7099185611342372
CACNB3,0.7093570837364369
ZSCAN18,0.7087982472759756
ZNF329,0.7086444935648704
LOC100506758,0.7085095106469715
ITGB1,0.70819951308629
UBE2W,0.7079526630725117
HJURP,0.7076445500114564
NUB1,0.7072802986927755
RRM2B,0.7072618501148062
PHF6,0.7071881335648931
FLJ41309,0.7069399723134675
TMEM66,0.7066417755353367
XRRA1,0.7063461826218265
KBTBD4,0.7058896652263591
ULBP1,0.705808059356092
ROGDI,0.705465764961684
FAM149A,0.7052329678811383
SCARNA3,0.7050968571004846
TIGD2,0.7049222915450762
ARHGEF37,0.7048752608833139
LOC100505549,0.7045061493329254
ZNF295,0.7043090861886794
NAPA-AS1,0.7038011731834664
C17orf57,0.7037121725955587
LOC100130219,0.7037002229556423
AHRR,0.7035693787977758
LINC00173,0.7034335694450233
ZNF8,0.7032164506078038
FIBCD1,0.7027880080750788
ARHGEF2,0.7026177184669242
ANKRD18CP,0.7021445919279192
MSH6,0.701541780023954
GSK3A,0.7014684486639448
HOMER1,0.7013122869408409
TIMP1,0.7012629510935493
LOC100129940,0.7007003119459803
SCARNA6,0.700558190573149
PYROXD1,0.7003087361120156
SAT1,0.7000774644784981
LOC100507560,0.7000056351415008
FAM172A,0.6999268164849103
STAG1,0.6999016840722011
WDTC1,0.6997944785990651
ZNF238,0.6997912911046209
SLC22A4,0.699783271451062
LOC100506562,0.6995271549202596
LOC375196,0.699308108325688
LOC100506233,0.6992508318833044
ZNF642,0.6992327559320816
CCDC147,0.6991774245689446
TMEM216,0.6988685284691605
GTF3C6,0.6987562382430386
RBM12,0.698749388784016
RBBP6,0.6984954859795283
SMU1,0.6982110087148333
CEACAM4,0.6977219101988825
RXFP1,0.6976401099075322
TAP2,0.6973316308419756
CENPV,0.6973196928936372
LOC100272217,0.6971815638975272
EFNA2,0.6970853903933826
C22orf28,0.6967340950028112
ZNF674,0.6966118577656326
RPS27,0.6961937407165109
BRD8,0.696159408765071
NUFIP2,0.6960974186092371
SLC34A2,0.6959949895187907
GATA3,0.6956244607852738
ID3,0.6956184685709168
PRR14,0.6954379744743217
B9D1,0.6948685849424955
RPS10-NUDT3,0.6947990303832454
TMEM132D,0.6944823875572596
SNORA53,0.6943858964427426
RASD2,0.6941818416169244
CCDC40,0.6937310001734524
SH2D6,0.6937304051165628
OS9,0.6933041859203072
CDK1,0.6932439612886764
SCYL2,0.6930303962601994
AGT,0.6925626204754882
IRX3,0.6922961450259638
PRPH,0.6917319837589352
MPG,0.6916041452790929
MTERF,0.6915635939830365
PPP1R10,0.6915152035282944
SH2D3C,0.6914472112086795
IL5,0.6909057177035449
FOXN2,0.6908909061770973
ABCA11P,0.6908400790550506
PFDN4,0.6908227878416701
MGRN1,0.6907866549701227
WNT2B,0.6907771197655012
MT2A,0.690695158910072
NDUFA6,0.6898412441792302
TUBGCP2,0.6893758887915344
FOXD1,0.6892947294812323
SMG5,0.6891024924264748
IGSF21,0.6890999706705786
FLJ38379,0.6889808227396395
CDC42SE2,0.688932733347142
GOPC,0.6888955270255557
FAM204A,0.6885903929948624
CDC42,0.6880809290054481
SRCIN1,0.6879446671647672
FKBP7,0.687756038921862
RARRES1,0.6877556062652821
SLC26A6,0.6876978066784478
ASB1,0.6870679353598667
APPBP2,0.6870204039025741
POGZ,0.6868580024112618
LOC100652863,0.6868233002498026
CGREF1,0.686484247340686
GDI1,0.686383521302884
KLF1,0.6854891722488133
GRM3,0.6852957347952693
HOXD3,0.6852482978098625
TIAL1,0.6852032005603954
CDKN3,0.6849705445989424
FAM9C,0.6839616290803744
SEMA3A,0.6838722290002269
LOC79999,0.6834474445640519
MECR,0.683288128125161
SLMO2-ATP5E,0.6830140817234235
FAM110A,0.6828233880232139
PRDX2,0.6827224212484905
MTMR11,0.6826465607142914
LOC100506633,0.6825252271339631
WTH3DI,0.6824504447516321
SLC7A1,0.6824444920416758
VARS,0.6823343354075462
RILPL2,0.6823027554912278
DCAF17,0.6816449849501632
ACVR2B,0.6815348319591427
HEPACAM2,0.6814084000550148
LOC100506176,0.6813823876903694
HARS2,0.6812360459185323
CBWD3,0.6812209735720671
STRN3,0.6808326146762375
PAQR7,0.6808094802001821
BBS12,0.6807941034797846
GNRHR,0.6805799012621068
FASTKD2,0.6803835150339512
MOBP,0.6803331455684488
TRNAW4,0.6803328468975351
DDX52,0.6802519088840796
HBA1,0.6802304648937006
CXorf48,0.680061711841158
SUSD1,0.6800220103775012
FRK,0.6799363903274148
SNAR-D,0.6798216613422761
BST1,0.6795914360017555
HAP1,0.6792236654731355
CNTNAP4,0.6792120960151421
ST8SIA6,0.6791271806790579
RDH13,0.6788826648347922
RNF34,0.6786150773336245
SMOC2,0.6785000216695779
WASH7P,0.6784404868895609
RASSF3,0.6783873822910333
DIS3L2,0.6783494615293879
MAP1A,0.6782055809943067
CXCR7,0.6781615258198939
UBE2D2,0.678106714876454
WDR54,0.678009604904976
MEX3A,0.6777936671926295
ZNF182,0.6777432418883245
RENBP,0.6776402301969878
ADAP1,0.6775327198631137
ANK1,0.6775292615849873
TRAPPC9,0.677431152489513
ATP7A,0.6773810496666549
ARNT,0.6769346147506197
SMAD9,0.6768652147683779
MRPL41,0.6765561987470207
ZFYVE19,0.6761523319777819
C15orf54,0.6757402078243259
KLHL20,0.6756295357367537
GPR174,0.6756198227549516
ATP5G1,0.6755963480018565
GLB1L,0.6755653024837527
ECM1,0.6748297671670418
AATF,0.6744702119840588
BVES,0.6742264694335647
ZFP28,0.6737847775713682
TMED8,0.6733259093203906
GNAO1,0.6732415231900939
DYRK2,0.673118079025066
C4orf45,0.6731074364706573
MFN2,0.6729404926512715
NRIP3,0.672620908308193
FAM222B,0.6724234786215111
NCS1,0.6719956492006974
SPON2,0.6717994475236183
RCN1,0.6717678458404629
LOC100505813,0.6717673865477576
SNORD116-27,0.6717654552609328
ALOX12B,0.6716728531885009
SMCHD1,0.6710929529948167
FLJ39653,0.6710596659988531
ZNF25,0.6708207334971713
PROM1,0.6707788598371273
ZMPSTE24,0.6707648064738333
CASP7,0.6707112993156408
MED28,0.6706346917488618
GUF1,0.6705773708799573
NUDT2,0.670350073842169
NEO1,0.6696700596976182
LOC100507111,0.6695959884943921
DDN,0.6693725294543359
PLEKHM3,0.6687778433131711
TMPO,0.6683885404286258
FOXP1,0.668186243272684
ENDOG,0.6680260351444992
BBIP1,0.6676316576064685
HEPH,0.6675241840825984
COX7B,0.6674339690213515
ARSD-AS1,0.667312193853749
MOAP1,0.6670678043002364
TEX30,0.6670139450633342
FGF18,0.6669826229490001
LOC440944,0.6669096034016181
PRELID2,0.6668440517921854
FGL1,0.6668009973943165
SLIT3,0.6665633981478969
PROCA1,0.6661618034726389
TEX2,0.6660253397519093
CNIH4,0.6657788488064009
LOC100130705,0.6655020088621685
PPME1,0.6654465065837613
ELOVL1,0.6647124407661688
RC3H1,0.6646420222136741
TRAF1,0.6646297293767135
DLG4,0.6644748567965525
IPP,0.6643778417545513
PMF1-BGLAP,0.6641922505916267
B3GAT3,0.6640700521304167
MIA3,0.6640523474223536
ADARB2-AS1,0.6640142044328744
GTDC2,0.6638657501543672
SLC9A7,0.6637716364667293
MORF4L1,0.6635044149604563
LOC100506089,0.6634499320655194
WDR63,0.6633991810125811
TESPA1,0.6631135132731688
GRK4,0.663048423639895
PFDN5,0.6627107973911309
COMMD10,0.6620522966386952
CCL7,0.6619241071444139
NIT1,0.6616121664508263
FEZF2,0.6612326634112754
KIAA1109,0.6611936002409409
RPS3A,0.6611521688103529
IGSF11,0.6602456178308663
TALDO1,0.6602144923116655
LAGE3,0.6600668672663667
MGAT3,0.6598747577363576
LOC100288602,0.6598335142438911
LGALS7,0.6593904916757735
TOX2,0.6593425282633477
ZNF625,0.6591111904584355
HNRNPA3,0.6586083868926869
BRCA1,0.6583979175752777
WDR77,0.6583930301622134
PITRM1,0.6583795012217087
SLC30A5,0.6578995404071478
HOXD9,0.6578373986197208
ASPHD2,0.6577201835587214
PRELP,0.6577110384336715
MYOCD,0.6576965375256345
DARS2,0.6575722959173227
GAD1,0.6574320404830006
PPA2,0.6569819654810951
PAK4,0.6567691665783424
NF2,0.6567091116985833
LTA4H,0.6566936755660785
PKMYT1,0.6563512254708107
MORN2,0.6561956690785755
TDRD3,0.6560431344357336
DHDDS,0.6560197815343543
C1orf31,0.6559098087214897
TWISTNB,0.6558735898841432
GABRQ,0.6556123430476655
TMEM151B,0.6555528909230107
ZNF844,0.6554524586026893
MARCKS,0.6553887604757804
MSTO2P,0.6552492209122006
WIPF2,0.6551919458735954
C22orf32,0.6551585515681793
CYB5A,0.6551149964701919
AGXT2L1,0.6550910229937325
DHX34,0.6549907499306412
PPP1R3D,0.6549754917682132
DTX3,0.6546278541733916
CRTAC1,0.6546186055867715
DIP2C,0.6542190729210202
CRMP1,0.6539868555267832
SLN,0.6539646324602748
IREB2,0.6538114332109561
VPS37C,0.6534021453395479
TREML1,0.65333313375417
TERC,0.6532725009354111
AEN,0.6531336079643421
GLIPR1L1,0.6530773446233352
ZNF687,0.652669900197636
PLOD3,0.6522482457234837
ANKRD30B,0.6516167433299378
FBXO3,0.651590559635887
ATP5SL,0.6510168663041833
UBA2,0.6504386139693689
SELO,0.6504077534415416
ZNF853,0.6503355562270219
FAM50B,0.649898167137381
DPYS,0.6498928888907265
DYRK1A,0.6498765448028793
CLDND1,0.6498724390847318
CENPE,0.6498559750289824
SLITRK6,0.6490439632406722
DLX5,0.6490224193984627
SLC4A5,0.6489098405681705
RGS6,0.6488766207973931
RPS15A,0.6488294286123346
TEX26-AS1,0.6487951483097425
BTBD18,0.6484272181135684
INTS2,0.648377769759535
CDH20,0.648297964477746
ALKBH5,0.6482019267436553
CFC1,0.6481248460706927
C17orf61,0.6480842351546854
ST3GAL4,0.6480408206894037
TTC38,0.648028456317806
NGLY1,0.6479124734774839
CASP5,0.6478561816092008
RIBC2,0.6477667042032779
C1orf21,0.6476512295742292
FRMD5,0.6476132821820463
GNAI3,0.6474257215586644
PEX5,0.6473691057819978
CD300LB,0.6469768057894982
UBE2M,0.6469693116811077
SCCPDH,0.6469171966559641
PLA2G1B,0.6467665773763184
SIX6,0.6467393541726595
SDHD,0.6465311933569695
NKX2-5,0.6463064733775234
RPS25,0.6461334336254093
LRRC58,0.6459254904119647
TAC3,0.6455431622108759
ULBP3,0.6454972424949579
TFB2M,0.6454628659642755
SEC23IP,0.6454588388603623
TTTY14,0.6452622482653497
INPP5B,0.6452237083256755
UHRF2,0.6450441745640402
FBLN7,0.6450199691119312
FAM82A2,0.6449616987194633
FAM27B,0.6448364473829999
TRMT1L,0.6446475521584117
RNPS1,0.6445024405090704
CLCN3,0.6442143516709856
SPAST,0.6437780454464846
LOC731932,0.6436007208051496
C11orf58,0.6434503181829221
FRS2,0.6434056717059046
USP42,0.6432230117077149
FAM21A,0.6431783678755024
LOC100506527,0.6430953226602028
ACOT11,0.6430885996430834
FZD1,0.6427767458604294
MRPS18A,0.6426870594522072
PCBP2,0.6423601063544788
LOC401588,0.6423428638975877
RBMX,0.6422814980056443
FRG1,0.6418998362507276
CCDC68,0.6418880886308844
RNF2,0.6415512064758839
LOC100506778,0.6413520117655702
RBFOX1,0.6413386223489643
PEA15,0.6413346804178776
ACVR1C,0.6412742098569554
PPP2R5D,0.6411928988088802
CAP1,0.6410615286257412
SUN2,0.6409795770551483
CLECL1,0.6408018103031465
STAU2,0.640668948036969
ANKRD53,0.6406076133019633
MPV17,0.6404706561997683
AAK1,0.640322703059595
KCNJ6,0.6398658164915508
GZMK,0.6396451595724475
TIRAP,0.6394157411214659
EFS,0.6393893809039544
CXXC1,0.6393870429898599
B3GNT5,0.6393448776990082
SFXN3,0.6392627018037905
MARCH6,0.6382361412704397
MN1,0.6380774442712209
LOC389765,0.6379050058418885
MRAP,0.6378743369488693
CNDP1,0.6375282649496374
IGFL2,0.6374732980978701
KCNJ2,0.6373293591681046
TUG1,0.636515445677891
MSANTD4,0.6363927253380396
CTDP1,0.6359081303257212
CCDC71,0.6358969688832634
TSC1,0.6358651403127644
ANKRD36BP1,0.6358572995848502
NFS1,0.6358404052488293
RGCC,0.6356240889873729
CCBL1,0.6354170481523818
ARHGAP5-AS1,0.6353635291015277
MAGI2,0.6353001039031415
ACTG1P4,0.6351201598870789
DPY19L2P4,0.6349309949409118
PARG,0.634856451069244
PEX16,0.6345411685514876
TMEM9B,0.6345307750076012
SCG5,0.6344230910436752
DSCAM,0.6339179993461729
FZD2,0.6338969210181582
DTYMK,0.6338622928640067
PDCD10,0.633805306946631
SERF1A,0.6337926124476794
CCNB2,0.6334167866167681
ARPC1A,0.6329603305360236
ZNF281,0.6326741919398444
FAM124A,0.6324487548422679
PTPN2,0.6323520885204603
NUAK1,0.6323497536033829
LOC100288846,0.6321613376813465
AGBL5,0.6321155508642012
PHYH,0.6319445694230685
LIMS3,0.6313696195695028
SAMD10,0.6306570678975907
TMPRSS5,0.6304589244716874
ZNF248,0.6302874120090916
MAPKBP1,0.6302347665426227
ELMO2,0.630214264377422
ERAP2,0.6301735199166064
LOC284561,0.6299817830326041
SHFM1,0.629453755393783
RHPN1,0.6291741441976192
KCNIP3,0.629053385694325
CDKN2AIPNL,0.628594922853245
HIGD1B,0.62848328640491
ACTR2,0.6283734328371708
POMGNT1,0.6282413627281757
LTN1,0.628209441027331
APOL3,0.6277587848012322
GPM6A,0.6275573611651086
C17orf67,0.6274041899464843
TTC33,0.6271071013492687
LOC100505729,0.6270426586544408
CEP55,0.6268788141592834
SMARCA5,0.6268760252046925
PAPPA2,0.6268025292455588
C11orf46,0.6268021165859504
ANAPC10,0.6266322744167633
GNAI2,0.6265421854739861
MYO1D,0.6263860624311679
SNORA2B,0.6263453140126576
KLHL31,0.6262714188634003
UPF3B,0.6261470363167121
MIR5096,0.6259418541757439
SNIP1,0.6256281194083377
SLC2A4,0.6255405769679272
LOC100129119,0.6253937325023974
PCSK2,0.625154639109869
PPIP5K1,0.625125536602127
SLC16A6,0.6250867126014474
LOC90246,0.6250043880726431
IL4I1,0.6248444144276136
COX4I1,0.6248032019543367
HERC3,0.6247973838978503
MMP7,0.6247028832025259
ZNF34,0.6244820632867644
CHTF8,0.6243904910419806
MTIF2,0.6243780423352814
MYOM1,0.6242298987975579
ZFY-AS1,0.6240003444422255
SMC2,0.6237489663086128
TINAGL1,0.6236739327127581
RETN,0.6236271093433076
RFX5,0.6234531562913994
RABGGTB,0.6233998832828919
CTDSP2,0.6225814380440912
MLLT6,0.6224513300230612
MECP2,0.622402840342485
ZNF732,0.6219231706227486
FLJ30679,0.6215128175834117
MTHFD2L,0.6213388231826943
TMEM219,0.621001086914739
CSTF1,0.6209669205966101
RGS17,0.6205892547029425
RRNAD1,0.6202293536771926
TBCE,0.6198624036507339
NCAN,0.619766921742507
RAB28,0.6196962678964988
MUL1,0.6194551873882381
TRAFD1,0.6190217544960288
SRSF7,0.6188789658227266
SAMD12,0.618814002433762
TRIM62,0.6187584819830971
KLF10,0.6187387263868986
LOC643650,0.6184621972237346
PKIG,0.618413184708751
LOC100507534,0.6182337033935381
C2CD3,0.6179424386108002
GNG10,0.617916596618626
BDP1,0.6178765346658588
ABCF2,0.617799893026828
MAPK10,0.6176972878738145
TRIM16,0.617283377010756
ZNF282,0.6167879631297685
SYNE1-AS1,0.6165704589557361
SLC13A3,0.616388087125649
ARFGEF2,0.616342898676111
C6orf225,0.6158189204396188
VAMP2,0.6158044790705601
CPNE8,0.6154087639027688
LOC100129662,0.6152595055962007
TAF7L,0.6151487642373068
MCM2,0.6150557565371884
SCOC,0.6150542840867231
SLC9A2,0.615039811017474
SCARNA8,0.6149804592095034
FAM104A,0.6149591568189531
RAET1G,0.6149440844203572
PTX3,0.6142206469036164
MRPL11,0.6141500966395116
SEMA6B,0.6138130326098398
PCDHAC1,0.6137512761757629
LRRC61,0.6136661574959943
CRAT,0.6135779584076131
LRPAP1,0.613497368520701
CELSR2,0.6134232577623964
NMRAL1,0.6133928554734327
ZNF711,0.6133739293381563
LOC100506174,0.6131875297581899
SPNS3,0.6131640495243912
HBD,0.613139509932872
LOC730091,0.6131325588914472
POLA1,0.6130385126667668
RARS2,0.6129669900164479
AK1,0.612957175366053
EFHB,0.6128771429081478
MME,0.6128638078463774
CHFR,0.6126872969242493
ATOH7,0.6126700641902936
EIF2S1,0.6124220017879972
TMEM14B,0.6118037016631482
CISD3,0.611715153864507
C5orf44,0.6116508852879137
STOML2,0.6114067696922784
PSAP,0.6104912918775107
LONP2,0.6102337769148172
LOC401052,0.6102185526570594
GALC,0.6100003261040979
WNT10A,0.609998221812917
ACTR3,0.6099152161425001
CYB5R1,0.609808311650694
IDH3A,0.6097078813884322
ALDH7A1,0.6094391224438843
LOC642441,0.6093460148598467
MLLT1,0.6092723879823151
RBM6,0.6089050113921388
CTGF,0.6088886934846487
ATG9B,0.6087923151645941
EBLN2,0.6085380161977296
ZFC3H1,0.6084965978784326
GRID2,0.6083917783064596
CGA,0.6082934995223129
PPP1R9A,0.6079370702529329
ATP6V1B2,0.6078746635509873
ZIC4,0.6076758861354749
LOC100652937,0.6073625568429455
SLC48A1,0.607254901084308
C17orf69,0.6063047777872227
HABP2,0.6062119517737607
SATB2-AS1,0.6061758246663006
RBFOX3,0.6060641496706171
KCNB1,0.6059979356680407
PSMA3,0.6054757012183701
CUL3,0.6050627447179218
TMEM145,0.6046872010639431
ZNF235,0.6044729703595767
ARL4A,0.6043386387509605
LOC285359,0.604228307422493
INPP5K,0.604163411343513
CYB5RL,0.6039244572626268
CACNA1B,0.6039014576195433
WASF3,0.6038091064525007
TM9SF4,0.6037883294285175
SWI5,0.6036778984768091
DNAJC3,0.6036043330323548
SYTL5,0.6033040340072678
DDX19B,0.6029837848170607
RNF167,0.6029777829336513
MRPS25,0.6027559846944704
ZKSCAN5,0.6025599368298369
MIF4GD,0.6024138803361182
UBXN2A,0.6023969369641557
HCFC1,0.6022885304062371
FAM100A,0.6021544468476265
LRRC43,0.6020437197041628
SNHG12,0.6019697047568715
GARNL3,0.6019678463974261
LOC100129794,0.6019044307008088
CCDC18,0.6018436982084583
FAM125B,0.6018416452089791
EXTL2,0.6011702549949528
HOXA13,0.6010116329546394
PDGFRA,0.6009981936408788
MMP3,0.6009362730524571
LAMP5,0.600859011688805
C16orf79,0.6007940681261289
VAMP1,0.60071882936217
ST7L,0.6006709718253848
DPP4,0.6006608834780951
ZNF658,0.6006274764003532
TJAP1,0.6005802035959541
UBE2F,0.6004169420766682
NR1D2,0.600177544718334
NEDD8,0.6000451416640866
SUDS3,0.5998067810531055
RAD51AP2,0.599681875414615
LOC100507338,0.5993352601679455
SPTB,0.5985403581045139
SMNDC1,0.5985393231963991
IL7R,0.5983361208474132
NDUFS6,0.5983278276770141
MEG3,0.5980295596305523
ERGIC3,0.5978689774881494
TMEM126B,0.597585833243617
SLC35A2,0.59754060941959
BIRC5,0.5974868469369495
DCUN1D3,0.5973782127545996
HOXA5,0.5973628804150881
NOMO3,0.597332024267156
PPT1,0.5972736460535348
THAP5,0.5972116857465483
TMCO7,0.5971571386574301
TSPAN18,0.5967668794450786
FUT9,0.5965785101572214
CUTC,0.5962825803669137
HMGB1,0.5962552111262468
SEPT9,0.5961668009612326
RAB15,0.5959768310483351
THPO,0.5958987987435717
CLPP,0.5958390427114276
LOC100379224,0.5955734567406191
LIMA1,0.5952884097310486
POLG,0.5950505214474598
LOC284276,0.594980122178274
SNRPN,0.5949611942988141
LOC100506048,0.5945934831179589
CD274,0.5945856157359646
SNORA42,0.594193628990511
MANBA,0.5940082145154313
CDCA3,0.594002640522301
OPN3,0.5939992485682373
TDP2,0.5934195348182365
ENOSF1,0.5931830045022551
PRDM11,0.5931690969955976
P2RX7,0.5929261651993529
LOC100505491,0.592833568112855
FADS3,0.5927883999304064
OCA2,0.59268866023689
ZNF382,0.5924288262290702
RPS6KL1,0.59240458634419
FAM65A,0.5924002620751548
SLC9A8,0.5921756673650186
PGBD5,0.5921169210232652
ZNF717,0.5919386799723314
DLG2,0.5919217899743213
LOC100652791,0.5917422951259829
BLZF1,0.5914223768319208
TRNAG9,0.5913251255091294
TRNAG24,0.5913251255091294
TRNAG8,0.5913251255091294
TRNAG17,0.5913251255091294
TRNAG13,0.5913251255091294
TRNAG11,0.5913251255091294
HKDC1,0.5910525705121656
HOXA9,0.5908565213882947
DIO3,0.5907811985849699
TBC1D15,0.5906470895807822
LOC100288366,0.5905565603204318
AMIGO3,0.5904581806859357
EFNB2,0.590430325591729
MAPRE2,0.5904267627184456
PPCS,0.5904102166013758
MAP3K10,0.590381801710388
STXBP5,0.5903704987149894
MIR1285-1,0.5901029688417007
TBC1D1,0.5900164781810134
E2F5,0.5898887730501071
AMOTL2,0.5898805747788567
LOC100505533,0.589557238521707
CPQ,0.5893751132303227
PCDHGA4,0.5890211488969269
KIAA0913,0.5887451221492147
REV3L,0.5885752771359141
FAM173A,0.5881792047889248
IQCC,0.5879767578440752
BCLAF1,0.5879110437946694
SYT3,0.5878307864829228
HMMR,0.5872060140099872
TMEM217,0.5871723306537305
PIN4,0.5871412450942418
DYRK3,0.5870295296535587
NGDN,0.5867451658916637
TAPT1,0.586691722499154
TMEM63C,0.5864089738390675
CPNE2,0.5862474655680916
LBX2,0.5861677796215551
CLTC-IT1,0.5861026270773847
PIAS4,0.5860744275169409
PNPLA8,0.5860710912242085
CHTOP,0.5860538333904947
HMGA1P7,0.5858599170125421
MAP7D1,0.585744229367027
BZRAP1-AS1,0.5851104483005716
LGALS3BP,0.5849337158022238
C1orf192,0.5849044687406889
CT45A5,0.5846989166899464
ZMYM4,0.5845694791522201
SNCA,0.5845609939262659
AREG,0.5839157386814117
PDCD6,0.5835722584542723
HIST1H4F,0.5835245009449751
NOS3,0.5834704137050285
CDC40,0.5829701836568019
ZNF354C,0.5829437245477141
ATP13A3,0.5828257692715384
KIAA0895,0.5827961471174509
SERF1B,0.5826503355836173
SULT1B1,0.5825457286212559
IMMP1L,0.5821277792144676
LOC100505861,0.5819883246033495
HNRNPH3,0.5818570817147358
FLJ40852,0.5818284278497796
DNAJC18,0.5817135864258821
DACT2,0.5816247600126716
SULF1,0.5814164847042687
LOC100130093,0.5813979217360623
FOXD2,0.5811202927418214
ENPEP,0.5810457244713167
SEC24C,0.5802317694100677
LOC100288122,0.5801993076218306
MYO1B,0.5798239897246084
C1orf88,0.579552018202602
DYNC1H1,0.5795183768092951
TXN2,0.5795179849233666
C20orf3,0.579514505989981
MPV17L,0.5794973600875698
TMEM14E,0.5793567763571482
NAA35,0.5791918139501335
JMY,0.5791336778778607
LOC100505565,0.579098344797754
STL,0.5789208092697712
YBEY,0.5786476149327447
CTSC,0.5785782119705576
TMEM56-RWDD3,0.5784509538754546
ARHGAP1,0.5783446683469589
SLC37A4,0.5781812090425302
RPAP3,0.5779455023099253
ZDHHC16,0.5777947546200007
MGARP,0.5775749251086609
PDP2,0.5774572245433547
FFAR3,0.5774280501943517
ANKRD20A5P,0.5770785544754399
ATP2B3,0.5770507477609625
FLJ34503,0.576896608199974
LOC728978,0.5765607268396468
CALN1,0.5763627861135959
PPFIA2,0.5762498289455076
DBNL,0.5762154129772924
PSMG1,0.5760154631878761
HAS3,0.5759718549578511
WWP2,0.5757153456557065
MGC23284,0.5756747813990464
BAI2,0.5756507868077073
MGC16121,0.5755989454273518
FAM8A1,0.5755451132504141
CTXN1,0.5755124123669323
MAN2A1,0.575399744629906
GDA,0.5751811716645259
ABHD16A,0.5751783823543807
TTI2,0.575078831877197
SUMO2,0.5749550611642339
DKK3,0.574622426464363
ARPC5,0.5744372909989145
LOC100507013,0.5743178187898844
AGBL4,0.574102660119436
C5orf4,0.5740874204522971
SPACA3,0.5739707633658564
YPEL1,0.5738226384904541
ZNF18,0.573766997126121
ZRANB3,0.573614194789343
ERG,0.5732923540447182
GPAT2,0.5731443830775691
ZNF189,0.5731181651659633
LOC642799,0.5731054808749994
TNFRSF18,0.573010058131144
WDR24,0.5729008554127959
TMX2,0.5727714598566016
HIST1H2AM,0.5722124582628048
CCT7,0.5718283018372101
TMEM55B,0.5716774104255189
HBA2,0.5714592851692147
HEY2,0.5713296505396075
SAP30L,0.5712818689571242
LOC100293704,0.5710969506091128
LOC645513,0.5710677908848748
C1orf64,0.5710302573397711
LCN2,0.5708426917958829
LOC642361,0.5706237671464971
HCN1,0.5706062724107364
C5orf45,0.570194951128441
PRH1,0.5699108205008707
HSPA14,0.569841075104008
TNFRSF10D,0.5698172491953409
LOC100129917,0.5697866995040899
EFR3B,0.5696645647263963
BIRC3,0.5695031844950122
SOHLH1,0.5693560279591758
RANBP3L,0.5693227827551464
RWDD2A,0.5691717234073281
RPL21P28,0.5691486237200839
GPKOW,0.5688986357658807
LOC339803,0.5688893518186626
SRP9,0.5688298278110144
LOC100506027,0.5686797303190327
SCARA5,0.5686492534010001
LLPH,0.5686087151198828
SH3GL3,0.5685299851372692
PMS2P4,0.5683555979641857
TDP1,0.5681034233023754
ZNF618,0.5680125652784496
LOC100506639,0.5679055748286401
LYSMD3,0.5678163770075114
MYO3B,0.5676392279543762
BCL2L13,0.5675135471616383
POLR2G,0.5674066855736937
UBAP1L,0.5673597214674526
HSD11B2,0.5672222495644391
CACNA1I,0.5669481113709202
KMO,0.566893603226156
IGFBP3,0.5668756778422689
LOC100505592,0.5668502356812433
PES1,0.5666520136575187
COBL,0.566359316659445
NECAP2,0.5661285429177169
SLC37A1,0.5658224277045676
EDNRA,0.5658004932323553
RPS17,0.5657156026709239
TRPM6,0.5650454565612727
MIR30C2,0.5646511127670278
C6orf165,0.5645329903322386
RAP1GAP2,0.5644739042936543
ZNF23,0.5644394489716107
NADKD1,0.5644208421366451
TRIM2,0.5643471382547341
DRG1,0.5641633482960624
TSPYL5,0.5640635940340197
POLR2F,0.5634368328855636
CNOT7,0.5634012596209205
GFPT2,0.5633268450973633
LOC728485,0.5629493363284153
GALR1,0.5627128385730107
SMCR7,0.5626119226286316
CCNT2,0.5623618802651633
LOC286467,0.5621475125317676
DYNC1LI1,0.5620370007848299
MEI1,0.561970507855326
SUGT1P3,0.5618804111616632
PPT2,0.561853897806015
NCAPH,0.5612900766415011
LMLN,0.561240958394013
MAPK13,0.5607829527070963
LOC731282,0.5607340578425671
PANK1,0.5605981364371346
BUB1,0.5600330799061757
CYP2J2,0.5600076876864429
ZAK,0.5600073855336446
PPP2R2D,0.5600002742462479
APBB2,0.5598969239272175
TRAPPC1,0.5596029283194145
VWCE,0.5591830980907708
CAB39,0.5591410743512407
GPR26,0.5590027165310144
SLAIN2,0.5587865549120051
SNED1,0.5587824222907097
GIPC2,0.5587245149581369
CALCB,0.5585796406795595
SEPW1,0.5584215069168482
PRMT7,0.5583569289964546
YWHAE,0.5583568831025795
LRIG2,0.5577950052859865
PI15,0.5574420669775328
C12orf65,0.5571866809118794
TCAM1P,0.5570864538534898
MEA1,0.5569890396913996
KITLG,0.5569041163585093
GYS1,0.5568647715538078
IP6K3,0.5568105463954698
CDK2AP2,0.5567253492470617
ZSCAN23,0.556596041145878
C12orf66,0.556540021722994
TLL2,0.5564943072421867
SNORD27,0.55636416968426
C1orf114,0.5562953281827354
DDX54,0.5558107514723941
LOC100652952,0.555715779275828
SERTAD4,0.5548853464083254
CCDC87,0.5547740252051406
FGD5,0.5546537759634845
TRNAS18,0.5545589898886133
TRNAS17,0.5545589898886133
TRNAS23,0.5545589898886133
AK5,0.5544089327714739
LOC644662,0.5543339784708043
SLC16A9,0.5540980704712976
ZSCAN16,0.553643670402065
NAIF1,0.5536324938291434
HMGCLL1,0.55359599326146
ZNF559,0.5534815639370393
CYP2C8,0.5532837897950169
VPRBP,0.5532424032540936
LOC100505940,0.5531824260320747
F2RL2,0.5531730737228263
SLC30A6,0.5528036902543044
IQCB1,0.552712348440303
ZNF498,0.5525486569183851
FLVCR2,0.5521265186628657
SIPA1L2,0.5518425668121099
EBPL,0.551786868768353
PDF,0.5517444504964435
ARHGEF12,0.551441206693694
TCTN2,0.5511427886763476
AURKAIP1,0.551072425353908
MORN3,0.5508904450440948
UBE2D3,0.5507557782967182
COG4,0.5506706192438618
GUCY1A3,0.5501159091465454
RP9,0.5500868342536005
SNORD35A,0.5498594018843557
MIPEP,0.5496351482596887
LRRC70,0.5491253335970292
FAM200A,0.5491238865377732
CGRRF1,0.5490851153056137
LOC100506299,0.5490301389172662
SLFN11,0.5490162296515532
DRAM2,0.5490096315533324
LOC653566,0.5485716267007312
CAMKK2,0.5485304795470916
NEDD8-MDP1,0.5484767000424116
DMRT1,0.5484750819460963
MPP4,0.5484484989995774
ZFP161,0.5481624954270299
ZNF225,0.5481230265496948
MIR4709,0.5480285613434546
DNMT3B,0.5479941792349934
PPP1R7,0.5476811845445132
USP46,0.5476377072983237
TTC26,0.5474019207376709
FGFR1OP2,0.5467971503976911
TMTC4,0.5463826512483293
LOC729013,0.5463710058359218
DND1,0.5461126223727863
NAPA,0.5458983333909093
RNF146,0.5456635824984749
LOC84989,0.5453038147700034
SYT16,0.5451607925481923
NHP2,0.5450854640714163
PRIM1,0.545083552874337
ERRFI1,0.5450411397559306
UBE2A,0.5449904032997525
CHADL,0.5448399397283188
LOC100652806,0.5447131915890175
DDX23,0.5446984266535836
PAQR4,0.5444697850206571
LOC100507297,0.5438694163560713
CCDC138,0.5437906601136573
CCL14-CCL15,0.5435943069159873
COL11A2,0.5435603358777963
CCDC167,0.5435479289306165
KDM5B-AS1,0.5434057065397415
RABAC1,0.543146921207344
NAF1,0.5428854284329889
GPR89B,0.5428740089940187
RAB5A,0.5428591933995983
KIAA0930,0.5427612562241587
TRNW,0.5418850798220616
SARS,0.5417619233408334
ADRBK1,0.5415181758116289
SGCE,0.5411237836368874
SNORA48,0.540938087977329
ARHGAP23,0.5406501190839675
WBP2,0.5406239679449297
BLVRB,0.5404689507513577
UTP15,0.5402313087466807
MURC,0.5399434137164241
PUS1,0.539940739276847
TMEM107,0.539787139067875
EMBP1,0.5394015511731912
SDC4,0.5388008437613129
ZNF408,0.5385693387170667
FAM188A,0.5385349823593905
NRN1,0.5384651388397873
LOC285141,0.5382686474602216
HADH,0.5382284398207198
RIMS3,0.5379395381154913
LRRC1,0.5375282531562026
MIR1296,0.5371179518195404
RNF26,0.5367881554245101
AGBL3,0.536700601759254
TMEM198B,0.5364725141006819
ANGEL1,0.5363966821873702
KCNK10,0.5363817697656592
FAM27A,0.5361990754633302
ATP6V1H,0.5358106724836087
AFF2,0.5354722068007838
SCNN1G,0.5353656688218167
LRRC37B,0.5353095781769139
C1orf85,0.5349886732013424
RDM1,0.5346314620421008
EPM2AIP1,0.5345575834894389
NCKAP1,0.5341417652136066
FXR2,0.5340886855605523
ZIK1,0.5339725945089557
WTAP,0.5339628046029986
MRPL12,0.5337805561743109
S100A10,0.5335633019928401
WDR86-AS1,0.5333962617033916
LOC400940,0.5333169455486998
NDUFC2-KCTD14,0.5332014290240347
ZNF239,0.5327429725374153
ANP32A,0.5327042131371096
ZNF772,0.532669395156978
CNOT8,0.5324620387547847
SCMH1,0.5323997379701434
PARN,0.5320281782070133
CLU,0.5320221874276136
LONRF3,0.5318953937545454
ARCN1,0.5318276551395817
UBE2Z,0.5317967010993568
MAPK12,0.5317855149784674
TROVE2,0.5317095694167661
FBXO11,0.5308676618361328
WFIKKN2,0.5307596597525629
TET1,0.5306708253674398
PSG1,0.53050465382355
LINC00471,0.5304728365222823
MTCP1,0.5303695559981577
MRPS28,0.5303253174499843
LOC100506942,0.5301160130227138
LOC400927,0.5296777346662825
ZSWIM3,0.52939941310656
PARPBP,0.5293993134241692
SECISBP2,0.529269721040118
SYCE1,0.5292517506836606
BCL9L,0.5291887276667162
NNT,0.5291649041395554
METTL10,0.5289302677189792
MID1IP1,0.5287114886301203
SEPHS1,0.5286719840558295
ZNF446,0.5285240182900451
BUD13,0.528255500614905
LOC100289034,0.5282397496583875
RIBC1,0.5281426233355173
INCA1,0.5280043165931376
ING2,0.5279741278531976
LOC100506157,0.5277795808460893
EXT1,0.5277458876214174
UNC79,0.5274688982543175
PPP4R2,0.5272011822323256
HTR1E,0.527151095882497
FLJ27354,0.5269852249933021
TOMM22,0.5269448119075189
GREM2,0.5268890982711701
UBE2I,0.5268684077034772
ABCD1,0.5266319192599299
RSPH4A,0.5259010256098061
ERVK3-1,0.5254730699445412
AGFG1,0.5252116761968367
ZC3H13,0.5252115845935865
CAPN1,0.5250054993239841
RASSF1,0.5248854421026644
SRXN1,0.5247793249032485
SLC46A3,0.5247448727347549
TPP2,0.5241504061726162
ABHD1,0.5238473345376828
CD247,0.5238379979415111
DDX3X,0.5237393421424249
NID2,0.5237356356514333
LOC645262,0.5233417172739807
DCUN1D1,0.5232492409059475
EIF2S3,0.5229994993573902
SNRPF,0.5226912834928484
ACTR3C,0.5216963793428316
C4orf3,0.5216483070391905
TMEM101,0.5211482103852768
POLR2E,0.5208406782924159
RAI1,0.5208392599684426
FLJ30838,0.5206624878195445
PRKCE,0.5206362889641563
NCOA4,0.5205731355518545
HERC1,0.5204585056869693
ANP32E,0.520392052608585
KIAA2018,0.5203812094592403
KLHL24,0.520212927420376
TRMT44,0.5201259159643786
DUSP4,0.5199942439617686
CXADRP2,0.5199561102101703
ARPC4,0.5199117658577864
LOC100506044,0.519896456521118
C17orf79,0.5197414641789206
SHMT2,0.5196846470948123
GRIA4,0.5191409193811778
ORC2,0.5189953439945588
C1QTNF6,0.5187529716928295
LOC653739,0.5187324303475944
ATP13A2,0.5185931130257938
PVRL3,0.5184209358662004
TNFRSF19,0.5182052154489336
KCNE2,0.5181841485343252
IGSF22,0.5180280912745735
GDAP1L1,0.5176253614403494
COIL,0.5174119655853177
KIF23,0.517293339847407
HES6,0.5172299454713496
LPCAT4,0.5171769348023175
FAM201A,0.5170590418011284
TPP1,0.516960517484706
SERTAD2,0.51686279806023
MUC4,0.5168092411724637
CDHR1,0.5162892782116625
APOBEC2,0.5161546321498293
PBX4,0.5160794094511397
ZCCHC10,0.516035975509466
GRIN2A,0.5158078834514869
UPRT,0.5156964205233177
SCG2,0.5152514295215694
SNORA12,0.5150878345460667
ZNF652,0.5149303316696479
C2orf28,0.5148572869142211
FBXO5,0.5148162481319386
COL4A4,0.5147864195791029
RIPPLY2,0.5146268793309134
HLA-DRB5,0.5143631249693165
HNMT,0.5142899343960194
SDR39U1,0.5142292475393773
C12orf28,0.5140039421773812
THAP11,0.5138175374723822
ADC,0.5135848112802488
GMPPB,0.513366560906264
FAM176A,0.5132805653241342
SPON1,0.5132066476040447
LOC100130938,0.5131475380187043
LCMT2,0.5131442018770608
LOC729420,0.5127679134156199
ZC3H15,0.5126417468514893
NQO1,0.5126092794249194
SOCS5,0.5124846106684446
CRBN,0.5124711646396076
ULK2,0.5123438702501136
UHRF1BP1,0.5121429763827252
CHST1,0.5119474562119468
ERN1,0.5114984157203015
UBE2V1,0.5114238849729057
SNORD109A,0.5114021605289557
SNORD109B,0.5114021605289557
C7orf62,0.5113506573547508
PPP4R4,0.5111894753715671
PPA1,0.5111849922752948
DCBLD1,0.510751122350399
ANKRD5,0.5105125040046212
PLOD1,0.5102072202068226
TPRG1L,0.5094027484508654
SETD5,0.5092775467967815
HAAO,0.5092510223751511
HCAR3,0.5091895040920061
C6orf52,0.5091670963955245
KCNH6,0.5088901959835103
PIH1D1,0.5083054176653219
GANAB,0.5080832010492681
GTF2E1,0.5080735743722801
RAD18,0.5077509027241329
SNORD113-2,0.5075027325741457
PIAS3,0.5074503827260144
RAP1GAP,0.5070920002950084
MTRF1,0.506922446556449
NLK,0.50678190481043
C2orf69,0.50566842716222
C9orf91,0.5055757348655376
SUZ12,0.5053211408963056
C15orf37,0.5051896763556011
AKR1E2,0.5045511360677108
ASIC3,0.504395331084368
FMOD,0.5041060472138373
YWHAH,0.5040507454449179
THBS4,0.5035760504482739
URM1,0.5035747070189842
ZNF503-AS1,0.5035179743739389
CORO2B,0.5033652950413485
MRPS16,0.5032132621455521
PPP1R13B,0.5031832319521395
MED13,0.5031612863087978
FAAH,0.5031213105982223
FREM2,0.5030119492626637
GRPEL1,0.5027271570870703
SNAPIN,0.502296025128191
ANAPC2,0.5022764497352483
COTL1,0.5021933250845629
CPSF2,0.5021557282812289
TTLL11,0.501908121267756
LACTB2,0.5018108847012414
PAK1IP1,0.5017007917520202
TSG101,0.5015843571778777
POLR1B,0.5013945231281409
ANKRD36BP2,0.5013920658878759
CD300E,0.5013114136466476
GJA5,0.501169264716499
MGLL,0.5011143587005429
HIST2H2AB,0.5006726572215636
CDH1,0.5006532345915541
UNC5B,0.5004731625552006
INPP4A,0.49985135292778654
GPATCH1,0.4997953017566057
HERC2P7,0.49974476487431946
SDR16C5,0.4997415522354817
TRIQK,0.4997254579666749
C18orf56,0.4996718884996352
PDGFRB,0.4991104141253278
LOC100506114,0.4990937322996913
ANKFN1,0.4990858183058368
KIAA0141,0.49886985074008217
LOC100507489,0.49886136239139867
ITM2B,0.4986903153162196
CIDECP,0.4986639012909676
XPO1,0.4985569726244159
ZNF611,0.4984936711427133
FLJ20444,0.49829093268326563
LOC389033,0.4982143819764449
SLC35E4,0.4981629375998615
BMPR1A,0.4980495899310843
SF3B1,0.49804265797670766
RASA1,0.49801357558298254
POLR2J,0.49775735702780993
DYSF,0.49770299788935496
TWF1,0.49768227064232573
LAMTOR3,0.4967000177293071
DESI2,0.4966466842465953
PYDC1,0.4965816695416425
H2AFJ,0.49647533814404665
ALDH1B1,0.4963657070475903
MRPS30,0.49629644210444834
LOC728855,0.49607316444234006
TSEN34,0.49607116062869344
LOC100505811,0.49587546004528804
NSUN4,0.49583365550652714
TRERF1,0.49580570330734663
LOC100131373,0.49572383320825736
THRA,0.49568217794498226
LOC100128737,0.4955416681013696
MRPL44,0.49528115058709204
PISD,0.49506996867458286
GYG2,0.4949889878403901
CHAF1B,0.49497038924723114
LHFPL1,0.49489808575976735
ILDR2,0.4948493226390143
HEYL,0.49419944253844195
SCARNA2,0.4940517014034732
PRSS27,0.49372754417639914
HMSD,0.4936770296361588
KPNA1,0.49355758249569953
ARPP21,0.4934417755012308
PAWR,0.49336085160519494
NID1,0.4932904599149198
LOC100128361,0.49307193002272465
C2orf18,0.492999740977216
TTLL5,0.49273651398904944
PTDSS1,0.4926648637292797
C19orf38,0.4926341506245432
IRAK1,0.492437393866056
CHRM3,0.4923787349809334
SYT9,0.4923155214058753
ARFIP2,0.4922067876058805
CYC1,0.49199560799026665
TMEM179B,0.49167926070571394
IGSF9B,0.49162714692253456
RPL24,0.4914801759652888
NUP133,0.49132047298654885
USHBP1,0.4912078910731225
STAG3L2,0.49120684683974986
KIF2C,0.4911589796527078
GRAPL,0.49105931425835603
CEP44,0.4908459741071749
FAM206A,0.4903461963058264
CHD5,0.49028406120545864
LY6D,0.49008933889847445
USP12,0.48997421262028906
PCDHGC3,0.4898963135110279
VEZF1,0.4889055066248372
PCNA,0.4885473545010361
GPAA1,0.48844925622829205
TSKU,0.4884235243772807
TESK2,0.4884167938227924
SRGAP3,0.48832306357354405
LOC100507448,0.4880460132594918
ZBTB5,0.4876604763951111
SHPK,0.4872696225678718
LURAP1L,0.4871250560319322
NOL11,0.48695491478079445
ATF7,0.4868594591052889
ELF3,0.48669744111003066
PPP1R14A,0.48633206962828734
MAPK3,0.48573923498835864
MATN3,0.48568146387731764
FAM215A,0.4856631337126384
CLCN2,0.48565894715069347
ZNF761,0.4853720583010512
GYPE,0.4849120604791813
SUSD2,0.4847866218285915
CALCOCO1,0.48460146960682055
C9orf72,0.48460095063259995
DHCR24,0.4842079189629703
UBE2C,0.48406485421430195
SLC5A11,0.4838458808610904
DNAJC15,0.48371990641897844
ZNF415,0.4834505319297132
KLHDC10,0.4833035396121121
NUDT9,0.4832600410792733
SAP30BP,0.48292454575100924
ORC3,0.48281497939483303
GJB2,0.48276644892284293
HIST1H4E,0.4826175798017813
F10,0.4825293944742628
KCNS1,0.48244078036976046
PGAM2,0.4822061533983018
SCGB2B3P,0.4819749226577317
NPRL2,0.4819332277149338
FAM19A5,0.48167791174833596
CNTD1,0.48165777516878944
PCGF1,0.48153388668457137
CHML,0.48114861753390076
WISP1,0.48086023264738087
WDR18,0.480645771736002
CPD,0.4806051493092525
ALLC,0.4803887723438794
CABLES2,0.48014227989463326
CXCL3,0.4799839530313386
FAM150B,0.47997277853810255
FAM216A,0.4789562910195277
TOP2A,0.4788939691468377
NXT1,0.4783952169624643
SASS6,0.47788928873912495
TEKT3,0.4777792157358091
CEP120,0.47759240492061544
GEMIN7,0.47748010329054896
CTSD,0.4774355324003416
GNA13,0.47738358993587043
MRPL14,0.4772637111809687
ITGB1BP1,0.47709555552324995
KIAA1279,0.47706149012730936
COQ9,0.4768710735827101
FLT1,0.47666130087856184
HIST1H3C,0.47665014871483496
CAPN7,0.47664582375977776
C5orf43,0.47648688648797394
SPICE1,0.476140850847822
S1PR2,0.4761335810858139
TTLL7,0.4760789669849642
KLRC1,0.4759399898826445
TAF1B,0.47593155243458113
IDI2,0.4753908955890059
DBNDD1,0.4752048418544077
LOC401164,0.4748193195787091
SYS1,0.4745530031058788
LAS1L,0.4745133589399726
OSTM1,0.474219381813799
NPY2R,0.47411900450136396
CCDC70,0.47401521353652043
KIAA0232,0.47390050623141666
HUS1,0.47389889711438277
CCDC96,0.47378541606638386
CALB1,0.47375472294262044
YTHDF3,0.4737451915317386
ZSWIM2,0.4737207350704917
CISD1,0.47365099928541654
C21orf33,0.47364136336392904
ADAM17,0.4734624295606791
HSPG2,0.4733326831339063
TRAF3,0.47332852124856056
DACH1,0.47331997560361605
PTGS2,0.4732519053140164
YME1L1,0.47314143237754835
RTN3,0.4727975254092061
DENND1A,0.4722429694713364
EPHX2,0.47219198816347197
LGR4,0.4716361671220039
PPP1R16A,0.47158035475711313
TUBB,0.47151949290865935
ZNF630,0.4712790689115459
TMEM56,0.47120793432958574
SNORA73A,0.4710943012163037
POLE4,0.4709630383029402
COX19,0.47090370959008654
CAPS2,0.47088943601703304
MYL3,0.47087342156323825
CTSH,0.4708671937007661
CAMK2G,0.47084367066403693
FYN,0.47079503560494224
PACRG,0.47068977162387454
ALG10B,0.4703883597229861
FBXO33,0.4701576489375819
PSMC3,0.4696767132671686
HECTD3,0.46940370185477825
CTNNBL1,0.46910404030384406
NAP1L1,0.4689745899975368
RBM7,0.468795140740836
NUDC,0.46843872137637776
ATAD3C,0.468162403786256
LOXL1,0.4680448990383457
LOC100506125,0.4679142379407087
C11orf1,0.46766818509526376
CMTM6,0.4675213815480547
ZNF12,0.46737093844465927
SLC43A3,0.4673031569234464
HLF,0.46711958317192276
SLC36A1,0.4668476642557068
KLHL1,0.4663185876133814
EFCAB7,0.4662821409074188
GTF2H2C,0.466259432132543
ALG3,0.4660570490409634
CYTH2,0.46587935586413365
CTAGE4,0.4657298707991451
PDCD2L,0.46547876804530114
ZMYM3,0.4649654840389729
C1orf144,0.464682779215754
LOC441402,0.46454022837143477
DCLRE1B,0.46442552667252973
ANXA3,0.4642561864748754
ARL8B,0.4638346858505755
TRNAL10,0.4635998016283058
SNORD12C,0.4635998016283054
SNAR-A13,0.46359980162830533
SNAR-A12,0.46359980162830533
LOC100505495,0.463280462825111
HNRNPA2B1,0.463206015833904
MAGOH2,0.4631418739547478
SGCZ,0.4630097692082084
ACRBP,0.46252625502245936
GTDC1,0.4624674975579409
ZNF608,0.46228890629904706
GZMM,0.4622582407076476
COPS7A,0.4622018904513459
RTBDN,0.4617783012590847
ZNF668,0.4614203744370003
SYF2,0.46133540593646966
SORT1,0.461190228289391
UPP2,0.4605651293292258
C11orf65,0.4604608456670914
RIT2,0.46043476952608414
MND1,0.4600398930159269
C12orf75,0.4592391638146412
SEC61B,0.45900117281960123
WDR82,0.45897582845474116
LMO1,0.45882641209697156
DYRK1B,0.4586933486272899
SFXN4,0.45864943489711063
GRB14,0.4582993821737197
LRR1,0.45815538780446324
SMCR7L,0.4579387897279723
SERPINB8,0.45771456180541215
FAM27E2,0.45768575925002114
KLHDC5,0.4576512582190785
SMYD2,0.45746465685392645
EEF2K,0.4570521429294075
DDX50,0.4569382799317513
SNX17,0.45675697486889066
ERV3-1,0.4566652126622365
RUFY3,0.4562179700365665
CXCL14,0.45612175695718776
SEPT7P2,0.4557939058429507
R3HDM1,0.4556533183476818
ALB,0.45544363886839584
LTB,0.45539749339170404
RFK,0.4552935102607409
CRB1,0.45484154597835624
FAM76A,0.4544560740446469
ZNF570,0.4543075461351062
HLCS,0.4540883026112301
CD63,0.4539802074896738
TREML4,0.4539507845773214
CCNG1,0.45375667754545385
C9orf89,0.45363155422463763
AKT2,0.45359780343971934
STX18,0.4535523114716156
PMAIP1,0.4532236349251886
LOC553103,0.45318880512694043
PELI1,0.45317927941663383
CENPT,0.4531591038681637
CCDC153,0.4530618829970194
CDC25A,0.4524758562783362
HAUS7,0.45233201547627866
APH1A,0.4520942200461648
C8orf73,0.4520175540328069
C5orf62,0.4515469811845492
NEFH,0.4514688184234455
LOC100505500,0.45144330085199896
CA7,0.4513049769661958
VGF,0.45129562893678615
OTOR,0.4512530367471385
NAP1L6,0.451086819498115
LOC100652761,0.45035307259815766
TIMM8B,0.4503471396915801
PM20D2,0.4501349214796697
TIGD1,0.4501252169754682
ATP5I,0.45011729451510246
TEFM,0.44983310955870476
ZNF845,0.4497406532041505
KIAA0101,0.4495925479945615
PHLPP2,0.4495299151569691
DYNC1I1,0.44929172547389845
EGR4,0.44878671173794554
RNF103-CHMP3,0.4486890042521319
FAM167A,0.4486736940368138
RALGPS1,0.4486568195157064
TM9SF1,0.44854669545682396
KLHL26,0.4484324198346998
WIBG,0.4484226974672458
TRA2A,0.44806014797740285
CD79A,0.44798015031250393
ANKRD18A,0.44796745526342907
PLRG1,0.44781350091118327
DCLK1,0.447714136430394
CYB561D2,0.44757766425664913
ITPKA,0.44754013694754363
C21orf37,0.44703379644045277
MCMBP,0.446834923651606
DNTTIP1,0.4465486019948441
GRN,0.44653953347857217
PPP3CA,0.4461314616700205
GBAP1,0.4461223233727221
TTC4,0.4459917061473305
AARSD1,0.44583201467017664
PER3,0.44578092540381326
SH3KBP1,0.4452537313212971
SCAMP2,0.44518767563956013
LOC100506596,0.4446283970568734
FAIM3,0.444627037371517
FLJ33360,0.44437512653811895
CPA2,0.444369403485577
FERMT1,0.44425984188794276
ARPC2,0.44377796602364183
LOC100506297,0.4436274878386385
SPIN2A,0.443360497986941
SLCO3A1,0.4433380605465982
EID1,0.4432419077551872
PDZD8,0.44300222524676247
ST8SIA1,0.44263371830519477
C14orf38,0.4425992294755219
SCARNA4,0.4417056334435419
DLX6-AS1,0.44168891719040504
PCDHAC2,0.4415903877510427
CPA4,0.44150149126583993
ACTL6A,0.44131941509591294
MYOZ2,0.44084793788580884
LRRC8E,0.44081593841203304
EDC4,0.44068900089257085
YIPF1,0.44065918571291895
IMPG1,0.4404909467229645
LTK,0.4402274089296089
C1orf228,0.4401170273454083
LOC100506136,0.4397785401759827
ZNF765,0.43976629491238184
CCDC104,0.4396502169724817
LAMA5,0.439583525937594
TMEM215,0.4394466461279918
LOC284688,0.4393977465261565
LOC202781,0.4392114154320357
UBD,0.43908309648792937
ANKRD40,0.43883889803610426
ARHGEF7,0.4387411229904199
GRM8,0.43870405743701724
SOX18,0.43862945206377474
SNORA11C,0.43844609889487146
MRPL24,0.43830310828198715
MAP4K5,0.4382428220991918
DTL,0.4382291710697509
IARS2,0.43810130253732615
PCCA,0.43805398985551913
GFOD2,0.43799137513687497
MIS18A,0.4379066554007169
KIAA0368,0.4378210666431775
ADORA2B,0.4376865956381061
KAT7,0.437662746301638
SCN8A,0.43726721136847413
DERL1,0.43687921713980354
PTPRH,0.4367724050744051
PHKA1,0.4366616846669197
AKR1D1,0.43665376245857374
LOC100506870,0.4364172740573175
ZFAND6,0.4362101963851776
IGFBP2,0.43582398743971523
SERPINB4,0.4357236564261104
CALCOCO2,0.4356477272009467
LOC643529,0.4353986784056507
NRP1,0.4350699499863849
FANCF,0.43489942075532584
PHF12,0.4340513487992505
OSBPL8,0.43403010752528653
TP53INP1,0.4340161034078422
EHMT2,0.4339458846478466
TXNDC9,0.4339164080720611
LOC100506035,0.4337410153010315
PRAF2,0.4335524644888554
EPB41L4A,0.43339114116734556
KRT19,0.4332894017619715
TMEM31,0.43323682502148714
TTI1,0.43294473164375424
FLJ27352,0.4327798701665014
LOC100216001,0.4326424882445708
C9orf78,0.4319986142340248
PLAC4,0.4319125444683499
RAD51L3-RFFL,0.4315613357033116
MCF2L2,0.43155381030827483
AKAP6,0.43149900659749085
DCBLD2,0.43139358552929313
SNORD76,0.43120452479047083
FAM81A,0.43119288043082155
RRM2,0.43115637488806535
AFG3L1P,0.4310923559942464
RPRD2,0.43068304546068004
OXCT2,0.4303802595707879
LOC100129250,0.43035964783685143
KCNIP1,0.43014314952692534
NFIL3,0.4299358015139744
SLMO2,0.4299078317755111
LOC100133991,0.4296070969596247
GLIPR2,0.4292811678501392
LTA,0.4291572844372052
DLX6,0.429132890965473
PMVK,0.4290651759465916
SORCS2,0.4290433275841629
ZMAT4,0.4286561935018267
RPL38,0.428413895388241
FLT3,0.4283088727690202
NOP14,0.42806017949625197
PDSS2,0.42789535931858463
TMPRSS11A,0.4278951057245052
SERHL2,0.4278300211496633
TAS2R5,0.42782487951605724
ZBTB34,0.42767570900100577
MAN1A2,0.4274006976576125
KCNJ10,0.4273335197041847
PROK2,0.4271940432994002
CHTF18,0.4270477634732977
ORAI1,0.4268898368394944
C20orf96,0.4266682289453747
FHL2,0.42627630640644437
LTV1,0.4262692052872543
TMEM53,0.4262452749579404
LOC100288781,0.4262148575076003
LOC100653010,0.42613829517481494
ANKRD1,0.426122879880935
LOC284998,0.42597648691199486
ARL10,0.4256471210710553
TRAPPC2P1,0.42554207850821074
HOXA7,0.4255274461295533
DNAJB4,0.42544987150095115
DNASE1L1,0.4251696595086074
CNNM4,0.42510543048348276
FSCN1,0.4250981100373345
C16orf70,0.42493597925614673
LRPPRC,0.4248420183255043
CMBL,0.42436168057409646
TNC,0.4242666360678268
LIG3,0.42423395077793824
TIGD3,0.4240027644195948
C2orf27A,0.4238837921724147
IRF6,0.42354742823558145
IL4,0.42340521463287467
TMCC3,0.42277063068699966
SNORA75,0.42271680258886424
LINC00263,0.42252652237210964
LOC100505794,0.42218810401543894
MIR4712,0.4219520929576863
ZNF605,0.4219449071523507
MARCO,0.42183531208226144
CEP128,0.42141695755031194
TMEM81,0.4213877781698635
RASGRF2,0.4205656583912284
COASY,0.4204431524722573
TMCO1,0.42044016480362867
SLC18A1,0.4202122093913208
FXYD7,0.4202048841441647
PC,0.41988984970342885
OLFML2B,0.4198477979578863
PHC2,0.41982795405125484
SNORA34,0.41981846764333247
LOC100507226,0.4197560031335104
CENPF,0.41957303635771254
PLD5,0.4194702116941359
SSR4P1,0.41944386812410406
CTNNAL1,0.41911892812907786
SPRYD3,0.41891243084122526
MCTP1,0.41890932226539784
ZNF438,0.4187762145113606
ZDHHC21,0.4187437873818593
LOC646329,0.4181945942257997
NPIPL3,0.4179499872097023
CTDSPL2,0.4177288446684897
IMPDH2,0.417686192220311
ALDH1A1,0.4174944987297891
DLX2,0.41739688032129796
C10orf76,0.41736668554252065
RPL36A,0.41652539798257654
SPRY1,0.4159989168672309
POLR2J2,0.4159231799005707
NUTF2,0.4156770853355517
HLA-F,0.415578123797933
CENPA,0.4155574208980759
DCTN4,0.41545981716205144
FAM214A,0.41515766460492787
HIF3A,0.4149579850402676
SH3PXD2A,0.4148451146815568
SNHG7,0.41475983053946
DKK2,0.4146477610456696
LOC100131826,0.41423629334566425
KIAA1217,0.41408019882425073
CCBL2,0.41393885915045275
PXT1,0.41381741973769604
HIF1AN,0.413736399749319
SARM1,0.41373313082152413
RPS6,0.4135662040152336
LHX9,0.4135189463737999
PTPRB,0.4134588213382279
NICN1,0.4133489361416835
SDCBP,0.41326458102450175
KIAA1143,0.4132240582262482
ZNF638,0.41321473811128934
BIRC6,0.4131714186151997
LOC100126784,0.4131601000852506
CCNL2,0.4130117060901097
GTF2A1,0.4130071920024816
RASSF4,0.4129213243258587
TNN,0.41279915014785695
ARFGEF1,0.41259586829533224
RPL32,0.41252645695232054
LOC100507266,0.41245937653261006
TMEM88,0.4124391917830301
STAT6,0.4124199706907365
EME1,0.41238877858004114
TMEM155,0.41215071756781896
NKAIN2,0.41210354783994296
GPATCH3,0.41205954337438405
TINF2,0.41168478620733306
HHAT,0.4116407183521289
ZNF304,0.4116160231063197
DLGAP5,0.41121631753333104
CADPS,0.4111943059740177
MSN,0.41114081965582017
SPHK2,0.4111254821958217
MAN1C1,0.41100146027436585
DHX15,0.4106342613537229
LSAMP-AS4,0.4104458242934967
LIMS3L,0.41039095222859817
OPALIN,0.40983899234657006
CHST9,0.40980228432960875
PROS1,0.40971558379945894
FBL,0.40951169962322775
PTGES,0.40948383416081463
RAB4A,0.4090556113015474
HMGN3,0.4090495553479361
APH1B,0.4089000892917036
FAM212B,0.4087416137486453
SEC14L6,0.40804021225520754
ERP27,0.4078301260717466
NUF2,0.4078131468018966
DESI1,0.407752666514509
FAM86C1,0.4073875786288697
PTGIS,0.40735471756025315
LOC100507427,0.4072566939856876
RNF150,0.40724746992138144
STRBP,0.4071339264395854
EID3,0.40686589072875123
NUSAP1,0.4064999280664235
EMC2,0.40640253880807903
SPANXA2-OT1,0.406286043436158
ZNF74,0.4061782794309253
RANBP3,0.4060872199055929
LOC100505991,0.406020460187864
SMTNL2,0.4058682609461131
ADAMTS18,0.4053105585680381
ZDHHC22,0.4050088374217705
NCDN,0.40498654530233164
UQCRQ,0.40485252942491834
LPAR2,0.4044339784995057
DNAJC25,0.40440333681780616
PTCD3,0.4040852411590862
BPNT1,0.4036694327471416
SNORD116-21,0.403240343688951
FNIP1,0.4022163938307736
JAKMIP2,0.40218803269062536
CD22,0.40200143419683926
NAA20,0.401931299449107
CNOT2,0.4018013646656927
CANT1,0.4017037352378373
CCDC25,0.40167775125128974
ELOVL5,0.4016317220424431
GDI2,0.40144265655319405
GOLGA8IP,0.4013158732936231
SNORD98,0.4010387903953569
LOC100506661,0.4009319189305159
PRKCG,0.40091786280368075
MYL6,0.40084300755950253
LRRC47,0.4003293113522348
LOC100507404,0.40024978763474317
LOC100507322,0.40010628260803965
TCP10L,0.39990053756819166
NEU1,0.39983179854709616
DUSP11,0.3992312244576568
PEG3,0.3992219231189354
SCARA3,0.39913492697640607
TMX2-CTNND1,0.3989947629200446
EEPD1,0.398652967109452
BAG4,0.3979757338508343
TCEA1,0.39792291820225517
LOC100507015,0.39779522815244434
LOC100652915,0.3974977087930933
BK250D10.8,0.3972402642007837
HSD17B14,0.3970741351348457
SEC31A,0.3970276228118695
IL36B,0.3965912454484563
GATC,0.39625690573676053
WNT5B,0.3960847598114073
SPTSSA,0.3960411126445512
RNU6-15,0.39571482313507994
AP2A1,0.39566867188152877
SRM,0.39565028977754313
MIR644A,0.3956250372380017
SNAP29,0.39554259651635837
FAM175B,0.39543275681369205
TMBIM4,0.3951070330548299
SLC17A5,0.39504269881715165
SPIN4,0.3950010458236779
TUBE1,0.3949259543937708
LOC401321,0.39481199845922416
CLPTM1,0.39466536384844075
BACH1,0.3944814499166605
C2orf61,0.3942439560533468
CYYR1,0.39414632555806384
LOC100507530,0.39412995867808026
CEBPZ,0.39407449404456774
PBK,0.39397034176554585
GATAD1,0.3938691442523404
FKBP1A-SDCBP2,0.393756222885651
PAPPA,0.3936936247843818
EIF4EBP2,0.39296542559194547
RYR2,0.3929206396646586
TC2N,0.39290876727539176
FCRLB,0.39288446154407575
CMIP,0.3928449331518763
RAB40C,0.3927720862898125
ASPM,0.39233295589716644
MYCN,0.3920247650101089
MIR630,0.39190093395850856
CX3CL1,0.3917793667349378
LINC00324,0.3917673392583635
EPHB6,0.3916864380512467
MRGPRF,0.39164773349101284
ESYT3,0.39162167266234593
BMI1,0.39159353787820306
WDYHV1,0.3912113774963185
PHTF2,0.3909140779026711
MREG,0.39073798301888696
FAM3B,0.3905322745997523
ZCCHC2,0.39023338928604
PROSER1,0.3901706650914514
FAM162B,0.389949057351858
RAB2B,0.3897910753394441
TIPIN,0.38966496992929495
MAF,0.38943011063133576
NR1D1,0.3894293479719395
ZNF286B,0.3893059904400885
CAMK1G,0.38903070431804077
ANKFY1,0.388775936846926
ATXN2L,0.388725323400528
HDLBP,0.38858486293184635
FDXR,0.38832463293872127
H2AFY2,0.3880036018905327
CEP112,0.387978653991086
TOMM40L,0.38789656035888725
HEATR5B,0.3876119340820932
FAM19A2,0.3874067735139609
ATF6,0.38738730845666486
CFL1,0.3871777851437712
SAMD3,0.3871700892755978
LOC100505636,0.38693631447316984
ZNF808,0.386868248987509
PPWD1,0.3867316957595846
EIF2B2,0.38672908879514045
POM121,0.38661718635849107
CSNK1G1,0.3865864477441661
LOC100507465,0.38653035830517063
RNF40,0.3865103583794122
RNF215,0.3861965709972789
LOC729454,0.3859962685466909
RPL23AP82,0.3858900470188971
LOC100130428,0.3856689116247382
CWC22,0.38563573104024457
RGS5,0.385571805663101
LOC100507286,0.38517522300628343
FAM45B,0.38515075051459713
EZH2,0.384701475139178
RFX7,0.38454786656220613
BIVM,0.38443948446081017
C20orf201,0.3842997824276889
IFIT1,0.38415423310103575
ITGA3,0.3840797535793365
LOC286367,0.38389256053807636
PROX1-AS1,0.3834019115183417
NLGN3,0.38336983466550284
C3orf80,0.38284273024424303
AGK,0.3825729042135775
DRD1,0.38240105887082904
TAB1,0.38226680366937915
LRRC38,0.3820832772650143
TBC1D8,0.38208298143456076
UBQLNL,0.3819185331715643
ISL1,0.38187177783068404
RTCA,0.3818438142961403
TGFBI,0.3815828996766299
SF3B2,0.38155129097914514
R3HCC1,0.38129745931704895
RAB35,0.3804591773084787
TMEM44,0.38038220984768784
TOP1P2,0.38018445166820075
PDE6H,0.38004829977752785
PPP4C,0.3799629999452629
OGG1,0.3796014258122818
CCNO,0.3794750346288709
MPHOSPH8,0.37946257451005855
LOC100506844,0.379130163338089
TRNL1,0.37885615484438945
COL15A1,0.3786333796765393
LOC646021,0.37851466400841866
CADM3,0.37850815508165875
GBX2,0.37842352815895
SUFU,0.3783746776414277
LOC285696,0.37822495053364247
MADD,0.37813932985294785
MBD5,0.3780012873795382
VTI1B,0.37772170074834577
EFNA4,0.37760249601881163
PTPRT,0.3774473956151625
GPR180,0.3770645800019978
AQR,0.3767270698289466
AZIN1,0.37671189043763037
NXN,0.3766713084190684
C9orf135,0.3764039858634308
C2orf82,0.3761956846851062
ANGPTL7,0.37616189742770684
P2RX6P,0.3760777615600158
KIRREL-IT1,0.37578410140469815
FRMPD2P1,0.3755474107408899
ALDH2,0.37554540224383326
TMEM159,0.37546178243750167
S1PR5,0.3751808047105276
ZNF557,0.3751693220587834
SHF,0.37497298681522623
RPL7L1,0.3748646212528559
RBM3,0.37482032830995715
MIR3654,0.3744718735784525
ZNF596,0.3743936541398317
DCPS,0.37433171562230394
IGSF1,0.37432619113183
ZNF418,0.37429404968095253
TMEM37,0.37417396645111395
SRP14,0.374096763202557
PRRC2B,0.37381759766520295
HSPA9,0.3735191900011553
DPH3,0.3735186883736171
HMGA2,0.3734464195501
RPS24,0.3732307035620242
LRP5L,0.3730241870866273
NPLOC4,0.3728810000558344
C22orf34,0.37284219310499034
CCL4,0.3728184805840277
CERS5,0.3727363598183313
FAM122A,0.3726611172248204
LOC100507378,0.37220364839617376
PCDHA2,0.3720459324584855
AKT1,0.3716745087431143
METTL17,0.3715028381451506
RNF148,0.37122885520387183
PHF8,0.3710998207050738
ASNA1,0.3707211689535126
THSD7A,0.3705744726046778
VTN,0.37038579381551767
PCYOX1,0.3702005386444649
LOC100652811,0.3701767390820989
ARPP19,0.3696041731847193
SPOCK2,0.369074798696616
NMRK1,0.36835072042732087
MRPL43,0.36834416151650107
TMEM86B,0.36781221696335525
WDR49,0.367693974794572
SRPK1,0.36768679610194666
HAPLN2,0.36765215716507066
LOC100652983,0.3674137084958622
MSH3,0.3673864146021495
CAMTA2,0.3672890638667124
MGP,0.3672769375922148
B3GALTL,0.36711726175041437
ADTRP,0.36709561587314704
CSNK2A2,0.3670908781362733
FCN1,0.3670396566090669
COPS5,0.3668959449800616
MBTD1,0.3668328382097632
LOC644684,0.3666863358260531
PION,0.36641626488706497
ZNF563,0.36630299806530914
C5orf17,0.3661868899405977
ZNF445,0.36601248106617934
FAM48A,0.36599261920241427
LOC100289473,0.36582790616443267
MPHOSPH9,0.36580784045410497
COL4A1,0.36553774191389016
BLID,0.36541539490312097
SLC38A5,0.3651587807937526
ATXN2,0.36506986340807634
PRR5,0.3648042047175742
PHC3,0.3640865635452429
NUP62,0.3634989401928453
M1,0.363498930163922
C10orf137,0.3627755547103771
LOC647012,0.3627447952353357
RAB11FIP2,0.3625676834462514
LOC100506029,0.36212434540491995
ZNF394,0.3620932566551591
MYSM1,0.36187507725938256
LOC387895,0.3618031263820702
HSD17B10,0.361307232206834
PCNT,0.36118242951833857
ZFYVE9,0.361138793933668
SNORD50B,0.3611368471165037
SDHAF2,0.3605266980401818
RNU5D-1,0.3604573977953683
RSU1,0.36007934572420564
GLI3,0.36002555418066245
C1orf212,0.3599863704223284
TEAD3,0.3599718484548978
FLJ37453,0.35994274581523983
TAF1C,0.35940366977130495
MPDZ,0.3590820530314247
NAT6,0.358951422155003
LOC154761,0.35893640395703535
C19orf45,0.3586018350236446
OCLM,0.35858995841941754
TMEM245,0.35825726788377055
SAPCD2,0.3578179117279401
RNF169,0.35776927140437437
RAB21,0.35766792844228307
MTF1,0.35737978893999445
GPR176,0.3573753584802745
P2RX5,0.35725819566032235
RP9P,0.3571253429166539
NPSR1-AS1,0.3569129254475371
UBTFL1,0.3566028145688319
NUDCD1,0.3565482531002175
ELAC2,0.3565097902045753
SAFB,0.35635001728167687
FHDC1,0.3563490905541248
ARGFXP2,0.3563418873050242
RPL39,0.35633340540139324
LOC100652884,0.3562271957289185
MRPL28,0.3561157459268851
MBNL3,0.35606119298432326
MAN2A2,0.35580009061734136
SUGT1P1,0.3556846653065335
NDUFV1,0.3555616136074481
ZNF167,0.35550893866651073
AGPS,0.35547081891069626
ZNF560,0.3548483979636529
ANKRD2,0.35447683232956245
HIST1H4C,0.35403929714396143
TRABD2A,0.3540233786873387
CREBRF,0.3537149403937647
ANXA10,0.35311553995006256
BCHE,0.35308538047950294
EIF4E2,0.3530410577263753
POC1A,0.3529060096679721
ABHD14A-ACY1,0.3528720482780781
NUP205,0.3525362199665963
EML4,0.3524735714736299
PXN-AS1,0.352217118714254
CCDC14,0.3521331867297742
ATP6V0C,0.3520591048262093
TIGD6,0.3519323008904088
SGOL1,0.3516970203387426
LOC100132352,0.35165908849159927
CCRL1,0.35159568484787196
DPPA3,0.35148991073618796
CHID1,0.3514369500600056
C18orf42,0.3509694906477504
LOC100505839,0.35084740581652263
PHGDH,0.3507439624875216
NOP58,0.3499941492719638
TEX10,0.349899282794299
GCNT1,0.34987173410149486
GIN1,0.3496768602000593
LOX,0.34941314484341796
ABL1,0.3493828351858795
TMEM26,0.3492832689636434
PATL1,0.34915263461093693
LOC93622,0.34900265971769623
WIPI1,0.34865068897785145
TDRG1,0.34806229742900396
UBL4B,0.34757038921435884
LNX1,0.34756962184342394
COL1A1,0.3475057989903039
GALE,0.347410559868969
CHRNA1,0.34724218944055646
NAV2,0.3471992379360872
MTMR14,0.34696682202717866
LIFR,0.34667649445725585
NR2E3,0.34625341740390103
NBPF16,0.34577491533558574
AIF1L,0.3457234986191995
ZNF75A,0.34569364294489374
VNN2,0.3453317567805408
MT1A,0.34516664028110977
EXT2,0.3450881924772863
DAPL1,0.3448006366756137
DHX57,0.3447809165721006
PHKG2,0.34476926934012936
SNORA11E,0.3447103332332193
BMPER,0.3446144652974125
PTOV1,0.3444510700588318
CAND2,0.34443669006177674
ERMN,0.3443579538873216
CT45A3,0.34416935451411307
AKR7A2,0.3438976189635894
NUDT6,0.34386697100780195
LOC100652898,0.3438455300671815
ARMC10,0.3437471020834052
ERGIC1,0.3435875453979479
LOC100288897,0.3434595419811908
RHOQ,0.3431047419570621
LOC100129213,0.34304617368974916
CPPED1,0.3429812981746648
SLC29A2,0.3428288487304183
PCDH17,0.34274662770802516
LOC100128573,0.34237444285986807
TP53TG1,0.34233316507803696
IFT52,0.3422521931715319
C20orf43,0.3420060916181525
C11orf74,0.34189750634937094
CXorf23,0.34186234630888923
CLINT1,0.3417279868613434
PRELID1,0.3417047504443074
LASP1,0.34133152123492944
MYCBP2,0.3411997914722395
CATSPER1,0.3410928025783651
LOC728724,0.3406781868647315
DSTNP2,0.34035597101920906
CACNA1G,0.34025121709342665
CHRDL2,0.33957855533923303
LOC100506830,0.33957494484687173
HS6ST3,0.3394372016719342
GCN1L1,0.33907403153254656
ABCD2,0.3390570487755309
PMF1,0.33871340303102565
ATP5J2,0.33866920223682034
C3orf35,0.3386019879154761
IDH3B,0.3385809263142515
ZNF234,0.3385527323177053
EIF6,0.33842472524932266
NAT2,0.3377366512718954
FYCO1,0.33732223425052765
C8orf59,0.3368964207136681
ARHGDIA,0.33605800760436594
KIF3B,0.3359085518166711
RPS13,0.33587888435483004
MT1L,0.3358507465836041
GNPAT,0.335719508107866
DOCK10,0.33559835382618725
LOC100507615,0.3355395457314523
ITGA10,0.3352378717562621
DEFB4A,0.3350535121511443
TTC29,0.3350486359009934
PDGFRL,0.33496315931129594
NPHP4,0.3345103485379564
SASH1,0.33442492957652026
CRH,0.33424672247994935
SNORD19B,0.3341223320564023
RPL13A,0.3340827951690377
SHROOM4,0.3337806223943277
PCDHGB8P,0.3336301623714535
CRAMP1L,0.3334716411919076
DNMT3A,0.3331767394811447
LGALS8,0.33311331695065993
KATNAL2,0.33307771866103636
TAX1BP1,0.3329511333706876
FANCG,0.3328993982500066
MDC1,0.33229671377660513
RPA1,0.3322167944384367
EDA2R,0.3318945226661713
P4HB,0.33161107431103565
PDGFD,0.3315423917395303
KIAA0753,0.3315246102437187
SGPP2,0.33148248523412904
VIPR1,0.3314617240609421
LEO1,0.33081122195597507
KDELC1,0.33067633776376704
ANTXR2,0.33044309169014513
TACC2,0.3302187823310324
DNAAF2,0.33014711946732267
MAPRE1,0.33009960380414727
STK16,0.33005814209323214
ZBTB4,0.3300505282071079
SYNJ1,0.3298080033419057
DEAF1,0.3296789330999374
LOC100506314,0.3295451650644771
ZBTB43,0.3294943839454048
FCER2,0.3294203117576131
FBXO44,0.3294083153579402
GABRE,0.32899372228570306
PMP22,0.3289577794937031
WDR5,0.328810471890667
TIMP3,0.32864687908726997
GALNT7,0.3283468012828113
GPT2,0.32821449722866974
RAPGEFL1,0.3282126245406885
SLC7A5,0.3281690840417686
CADM2,0.3280633864190964
ACOX3,0.3278045183386548
FAM122B,0.3276050278297885
SPINK9,0.32739749616823927
AURKA,0.3272800947050448
MYC,0.3271673026281962
LINC00607,0.32661884700074023
TULP3,0.3266018844377101
NOSTRIN,0.3264333952933643
IFT122,0.32636948919258063
PIGX,0.3262323090356251
TRIM26,0.3262267160387749
CWC15,0.32607619641086566
EFCAB4A,0.32606638550037637
CTPS2,0.32603959723157283
HOXA6,0.32601612749547326
C22orf31,0.32576805420154276
CHMP6,0.32543542685865284
LOC150381,0.32510843290262453
SEPT7,0.32494903643079115
LOC100287765,0.32488483395950774
C11orf45,0.3247784653023687
RBAK-LOC389458,0.3246994678944876
LOC100652902,0.3245998814858415
PQBP1,0.324391196996793
C11orf80,0.3239761505737579
KDELR1,0.3239600293542003
MEGF6,0.3239254097510527
HCP5,0.3236926826700084
CADM4,0.3235169902639509
ZDHHC12,0.3234210716826538
HLA-B,0.3231181887172399
EPO,0.3230957508299959
CAMK4,0.32308391873677544
ISG20,0.3226721937815255
PIGO,0.3224864334931292
ATG12,0.322148444404048
CYP27B1,0.32200508631692865
C10orf95,0.32163614632078197
ANTXR1,0.3215683704233212
QRSL1,0.32135525558745637
C14orf2,0.32122999342971476
CPB2-AS1,0.3210072945173809
SEPT7L,0.3209381572827939
MASTL,0.3206374813437894
CD8A,0.3202829673522627
ANGPTL6,0.3196232229052224
APOBEC3B,0.3192676431954284
GRAP2,0.3191113335007823
FBXO18,0.31911062291943654
VCP,0.3190137406024405
IRF2BP2,0.31900890156821765
CLCA4,0.31896577765068684
ZDHHC4,0.31884523312549934
HTRA2,0.31878519460259425
LOC100507077,0.3187836078758333
RNF212,0.3182568478283849
FAM110B,0.3181263562322691
ZNF658B,0.3180991314811666
SUPT3H,0.3180691751392489
LOC401442,0.31795349605546785
PCID2,0.3175934451974679
ISY1,0.3173027341137479
TMED10,0.3166218856335296
SLC25A10,0.3166129740062547
C15orf48,0.3165673672371864
NOL8,0.3165428125044549
GPC1,0.3165206239044035
C10orf88,0.3164868978477826
TLCD1,0.31647388709844226
PACRGL,0.3162564837003741
TAF5,0.3161600377940798
EOGT,0.3161464693834863
LCE1C,0.31582673846769443
SNORA54,0.3157654353140278
SLAMF1,0.3154131196325604
LOC100132249,0.31531350592168894
LCE3D,0.31529739123174644
AAGAB,0.31509027029524184
CLUAP1,0.31450422755609514
ATRX,0.314444509234401
LOC100505763,0.31435238020327405
PACSIN2,0.3142380479482899
AGGF1,0.31347647891877223
AK2,0.3133112066666704
RAB4B,0.31329359087893544
C9orf106,0.3132841732708519
DGCR2,0.3130176425369989
LOC100506528,0.31300268831929623
SEMA6A,0.31291129079356395
KIAA1586,0.31282677303425777
SNORA32,0.31192455044082557
CENPO,0.31180338173501576
AP3B1,0.3116980925755532
CASC1,0.3111839294374621
NAA15,0.31093831092509255
DTX2P1-UPK3BP1-PMS2P11,0.31090123489302973
MEGF11,0.31084824758116597
BIRC7,0.3104603378065966
PRKCB,0.3102797133995566
YIF1B,0.3100933736792295
LINC00312,0.3098851898608944
GPR116,0.3096569592521693
TMEM209,0.3096350596836218
LOC100288332,0.3096184662615974
LOC100506855,0.30959031684916377
SOX2-OT,0.30955132802353214
VPS53,0.30931334806252825
LOC100507213,0.3093052615451143
KIAA0528,0.30911563004230785
PMS2,0.3090461085408158
MIR1285-2,0.3090402567786932
CYP17A1-AS1,0.30859476517267487
PCBP1,0.30850738081984114
TTPAL,0.30826030268194343
METRN,0.30822735558561865
ZNF600,0.30811571640690516
LOC154822,0.3078278578864742
OXSR1,0.30769581297957826
FRMD4A,0.3075824574970538
MSI2,0.3075506056466991
OGT,0.3073386232028165
TRNL2,0.30727650193049233
C22orf40,0.307156985396452
YIPF7,0.3071395116368561
TARP,0.30693987853680044
ZNF724P,0.306857109319397
HIST1H2AL,0.30642761728491985
LOC100506910,0.30619981561874643
LYPD5,0.3061825795769424
GNG4,0.3053714583797626
RCE1,0.30530628408941185
LOC643542,0.3052490191918564
ZNF331,0.3052011775602233
LOC440563,0.3050578833755046
GTF2A1L,0.30485418823115157
TOR3A,0.3048024369564432
FAR2,0.30479975326191977
MMD2,0.30458032082907466
DCUN1D4,0.3045300923466351
ATG13,0.30431898528506135
PRUNE2,0.30419326566721333
CSN1S1,0.30411986336983926
RBP7,0.3035627028310354
ETHE1,0.30331691396817523
HIST1H2AH,0.3030359327187874
ACTR10,0.302620359196932
INPP1,0.3025834672592525
LOC100505498,0.30247037564505086
MRPL20,0.30220211494511434
C8orf76,0.30214759217798054
CBWD6,0.3020184120574072
JOSD1,0.3016022522119456
TOP3B,0.30156380923496223
EIF4A3,0.3015324665045538
DCUN1D5,0.30127221992084063
LINC00488,0.30120394265209127
GDF15,0.3009721824879501
MORC3,0.30085632387959516
MGC27345,0.30084153753176895
LOC100507108,0.30081668333834877
PPP1R32,0.3008091395326527
FAM63A,0.30067129810194126
PPAT,0.30065599854548675
LOC100506473,0.30058184593308834
DMXL1,0.30029811329728057
IPO11,0.3000750474623307
COL25A1,0.29990064376142167
TSPAN7,0.2997913696478752
RAP1B,0.29971947098300106
INIP,0.29928811058452826
ABL2,0.2992696566874035
LOC100652788,0.29923578136063167
LOC100506740,0.2990820294317412
LOC100288069,0.29901431198300743
IL1RN,0.29895202117096364
HSPB1,0.298889911464804
ATF5,0.2988330961394257
MRPL23,0.29879809955213177
CNIH2,0.29866882034258624
IL23A,0.29842116058678325
ZDHHC8P1,0.2982531214975313
LEPREL4,0.2981615535371637
PLCD4,0.29804526749862476
RRP7B,0.29800832534610583
PAGE4,0.29792925247064894
KIF20A,0.29787139002592167
ZNF609,0.2978243060879446
RALB,0.29763826518915554
CYP27A1,0.29760678906524257
KCNJ2-AS1,0.2973766207426404
C8orf4,0.297373944145387
CCR10,0.29632249063373417
LOC100505630,0.29620325609881243
CHI3L2,0.29617746666144484
LOC338817,0.2960378739640977
PIGL,0.2959694872423017
HNF1A,0.29591956534539365
ZNF22,0.29583150903068633
ZFP3,0.2957472526569633
MUTYH,0.2957422267307422
RIMKLB,0.29565737877656
CCDC106,0.29526725796633563
NUP35,0.2949360576767754
CSNK1E,0.2948687933664514
SHISA4,0.2948208180123024
SNX3,0.29442191791933237
MAP1LC3A,0.2944027464856147
BCL2L12,0.2942681712823538
FEN1,0.29410263683995325
WDPCP,0.2939878062118195
FSTL1,0.2938705526538588
CHI3L1,0.2938674489751176
BRCA2,0.29380759459565936
GJC1,0.2934730786831498
C14orf37,0.29328122793318095
KHDRBS3,0.2931941217176876
PARS2,0.2930782818382369
UPP1,0.29302669457241504
NOD2,0.29299816847757487
AMIGO2,0.2928741188327411
ARL16,0.29278635571441625
MED7,0.2926737469909255
KCTD20,0.2924257266279176
KRTCAP2,0.2919360973261316
CCL4L1,0.2913561884905153
CCL4L2,0.2913561884905153
PLEKHA1,0.2912052645835609
FSTL3,0.2911474850961718
B3GNT1,0.2911277259124309
PLCD3,0.29094410177414937
RGS7BP,0.29089143038747184
APLF,0.29071803955141207
SAYSD1,0.29068165070115604
KIAA1430,0.29056335384109244
TEX261,0.290562415420572
STK25,0.2904141415700251
NACA2,0.29026931706664666
MLST8,0.28985659680167114
MST1,0.2898459244541575
OXR1,0.2897151353051663
DEFA4,0.28964539678672085
CDCP1,0.2896345216722972
ARNTL2,0.28922174049953986
PCDHGA12,0.28877344750372835
NRSN1,0.28851776950443003
MTERFD2,0.28846173902183825
ALPP,0.28836335879991165
GUCA1C,0.2879052409877116
FOXO1,0.28783638870740974
CABIN1,0.28779343697190685
HMGXB4,0.28779219322852095
MRPS2,0.2877461248058905
WNT7A,0.2876468614437791
ZNF629,0.2876169362053252
MGAT4C,0.28761420384612896
NUPL2,0.2873692547981361
IFI27,0.28736103190963763
LOC100507580,0.2871731676895568
CCDC90A,0.2869856872710553
BET1L,0.2868713593254864
FGFR1OP,0.2868030714045255
MRE11A,0.28679580932538123
SATB1,0.2867833652473521
DOCK11,0.2866074662661276
KIF25,0.28637735792611785
CDC14A,0.286294168663739
CKM,0.28627117058304236
LOC100506668,0.2860583720605547
WIPI2,0.2854740812355481
STIL,0.28531058879961774
MAP3K15,0.2852440964215299
COX8C,0.2852135305206444
GNS,0.2852131435042919
PIK3C2G,0.28477822679549425
RAPGEF3,0.2847759612960599
STXBP2,0.284655346580798
MSMO1,0.2843389278863676
ENPP6,0.2842827571096962
PEX3,0.28418604934510255
TCEA3,0.28380853105318654
PLAU,0.28364985865671505
AGAP1-IT1,0.28346527363925117
TXNDC11,0.2831666159212203
ZNF565,0.28308392961961054
LMBR1L,0.2830800689021101
RNF181,0.2826023477415505
CHURC1-FNTB,0.2824024258850835
SDE2,0.28239902474640033
CHMP2A,0.28216651153875044
TARDBP,0.28201875840680585
DNAJC8,0.28193765384821545
TNK2,0.2817682956399429
LOC100506268,0.28132864701740407
CYB561,0.28131950723088833
ADIPOR2,0.28105374161663627
NFE2L1,0.28094041432763356
EFCAB11,0.28093957344287207
LOC100129033,0.2808118176014053
TDRD5,0.2807005896185093
LINC00265,0.28062240505259894
METTL6,0.2804870390675495
C1QL3,0.2804827654710826
SRD5A1,0.28034523039019416
ECSCR,0.2802893005400081
ZNF141,0.2802636123132299
TGDS,0.28022117361361876
LOC100128264,0.2801388688582981
TMEM127,0.27984795831471554
MEF2BNB-MEF2B,0.2795284145478528
NUP153,0.27917908985681966
HS3ST4,0.27897554370057764
PIM3,0.2786573398669757
LOC400657,0.27862021649475466
UTP14A,0.2784989183974056
TRNAK8,0.27799916299030575
KBTBD3,0.27757716766996077
CNKSR3,0.2772255920891376
BFAR,0.2771448580566413
TNXB,0.27706658741345563
GUSBP1,0.2770418145124266
PITPNM1,0.2768614161203442
DSPP,0.2767072180769629
SNORA11,0.2766458824916488
PCBD1,0.27651227259498984
ADAMTS1,0.2763783662809181
DUS2L,0.27619021011929934
C3orf32,0.27616824717751504
SCN1B,0.2754036903882913
ARHGAP35,0.27529345351495016
CNPPD1,0.2751823776270522
DERL3,0.27505979524516916
FBXW4P1,0.27504433399829925
TBCCD1,0.2748533205922003
MRPL33,0.2745034095040472
ZNF28,0.2741351914227281
ZNF434,0.27405786411403754
BTBD16,0.2736805258854194
SUOX,0.27347358512512104
NAT9,0.27342871458717577
DDX19A,0.2732729891435282
ZNF480,0.2731772622960086
EDN1,0.2731699560638259
LOC100652760,0.2731135748040978
CPNE9,0.2730513614067293
NARF,0.2730495336071723
LOC100505756,0.2725670787811935
PPP1CB,0.27212928428718
SLC46A2,0.27204288642369534
ZMIZ2,0.2719012903468523
RPL31,0.2718768554408669
LOC100506374,0.2716732440695176
HSPA4L,0.27142347014110685
CD163,0.27140080316485204
FBN2,0.27126733927772895
CXorf49,0.27110723422372074
CXorf49B,0.27110723422372074
KCTD6,0.2710738354480289
LOC100287010,0.2708441306403537
OSGEPL1,0.27059782718941217
TMED9,0.2702191115566618
ZNF202,0.2698806610007914
NPHP3-AS1,0.2696082121601049
SMC3,0.2695839138547483
ATOX1,0.26946508830009097
ZNF799,0.26919602448021956
SNORA84,0.2691168701461549
CLEC4G,0.26900621094530336
N4BP2,0.2689172951835631
TRANK1,0.26874917445716956
OPRL1,0.26873863460802233
MIR4700,0.2683924605679099
TIMM9,0.2678659649578319
HOTAIR,0.26753881562137843
BTF3L4,0.26737798354644043
FBXO28,0.2672893788636977
ZFP30,0.26724113026758356
MGC16025,0.2672349239157958
C22orf13,0.26720426564990407
SLC30A1,0.2671257230032707
DDX25,0.26673048528802107
GRIK4,0.2663831284820514
LOC100507246,0.2663778117949723
PRDM2,0.26612243463264335
YTHDC2,0.26604526142347507
KIAA1147,0.2658499685464352
SNORD79,0.2658256042994552
KIF21A,0.2657913921696114
FLJ32255,0.2656261248915426
ASTN1,0.2654895172301703
ARID2,0.26545313173917356
SLC12A1,0.2650540848414423
VSIG2,0.26482715954838143
AK7,0.26443615499639866
ZNF7,0.2642683247254178
AKAP1,0.2642022790202541
TMIGD2,0.2640663111497439
DNM1P35,0.2639734323876978
ADRA2B,0.2639691828263537
CSNK1D,0.26345356377908324
NUBP1,0.2630666321005978
SETD8,0.2629609736373937
LAMB3,0.2627549643248389
RCHY1,0.2622490619438476
SNORD107,0.26219001568333833
WIF1,0.26186422553802335
TM4SF19,0.2617505403497269
AVEN,0.261549400255645
OR3A1,0.26145526323923013
C5orf51,0.2614067274764564
SLC30A10,0.26132872521798245
STK11IP,0.2612344599413445
NOC4L,0.26106395454785464
ZNF131,0.2609817996528372
EIF4E,0.26075850976642595
LIN54,0.26029851393022996
SLC35C2,0.2602887750674379
FAM54A,0.2602637678085037
DNAJC10,0.2602284427551025
PMS2P1,0.2600850991592204
B3GAT1,0.260037675489507
SCARNA1,0.2599095252765279
RPL37A,0.2594259414773307
NPS,0.2593092688890077
ARHGEF16,0.2592759415372825
TUFT1,0.25916796996164665
ACE,0.25913012392168294
C17orf100,0.25899419170216376
NVL,0.2586388483092246
PDIA3,0.2583049578016612
TSHZ3,0.2580849884081927
LOC550112,0.2580065639659317
SNHG11,0.2578871998956164
CSPG5,0.2578725460148014
CCDC74A,0.2578625103953395
SAMM50,0.2576889570674765
MRPL49,0.25749046664250724
ACVRL1,0.25707557436467215
LOC100287598,0.2567510435633137
TSC2,0.256090344115609
ENDOV,0.2559692660301421
DDB1,0.25594686482012835
NUDT19,0.25590995419972945
ACOT4,0.2555376825540308
CNST,0.2554150929441133
SNORD57,0.25528327415056107
ANKRD55,0.25513820452583863
FBXO31,0.2550969417287944
C1QTNF1,0.25470021286358985
NELF,0.2546481257066634
PPIB,0.25456649817957117
NECAB3,0.25456614030629066
NKPD1,0.25453650075134365
TNFSF4,0.25434237338110227
RFFL,0.25405456706120566
C4orf37,0.25401134756197036
ISOC2,0.25338313932785783
TUBB2B,0.25332423782529423
ZNF71,0.2532893077379849
LOC100506380,0.2528310334440897
TMEM177,0.2527820994962584
F12,0.252709429151082
IFNAR2,0.25269750761164905
RMND1,0.2526563962385471
LOC100133669,0.25262150255289184
FAM189A2,0.2525497210635597
SRRM1,0.2523828593639733
KIAA1161,0.2522747020162987
CTC1,0.25223307927515176
PMEL,0.2520960639153298
CCDC110,0.2517763290614512
TAF15,0.251604013895442
C3orf18,0.2515768951956537
BLM,0.25126557579814507
PLD2,0.25117105340493795
SNAR-E,0.2511103493259864
UCK2,0.2509241973544035
FAM86C2P,0.25083694172495824
ZNF80,0.250694676938704
SPHAR,0.2506929915301719
FBXO36,0.25068624698769726
WDR26,0.2506253208979753
FANK1,0.2505362449781598
RPL9,0.2504259309775655
LOC100131607,0.2501785419107685
C7orf49,0.2498158822356099
TIMM23B,0.2497895848822991
SETD2,0.24970551362298107
PPP1R36,0.2493289633393982
LOC100132481,0.2492327441397937
MRPL45P2,0.24899833109186795
SYT14L,0.24899187319939833
LOC730256,0.24868813278164167
INTS4L1,0.24856169498843875
LRP1B,0.24853570184025653
BRMS1L,0.24827364558697648
LOC100289495,0.24779661023857122
FRMPD4,0.2475227511810946
SNX15,0.24738504545561746
FLJ41757,0.24711829982359657
EIF3D,0.24681737859443734
NMT1,0.246766125681658
C11orf54,0.2467565757877507
RIPK3,0.24634244169847758
LOC100130887,0.24624419627405758
LARP4B,0.24601160536088032
EIF3B,0.2457863694354192
PABPC4,0.2457127280685651
SAMD1,0.24540293173559208
SOX6,0.2452621656415571
C9orf16,0.24493821546680894
CTSL2,0.24470740114345715
C2orf42,0.24466507516898361
UBAC1,0.24419412754824077
S100A5,0.24412962855549464
KRT10,0.24408262433275663
RHOV,0.24405076816211158
DCAF10,0.24396908566884237
SMCR5,0.2439562021210054
DFNA5,0.24351691704343228
MCOLN2,0.2434232642705596
SPC25,0.24341504890834842
LOC595101,0.24340923474578058
PSMC1,0.2432413251630645
RASL10B,0.24277948602438618
B4GALT7,0.24251362860212136
OSBPL11,0.24233521816341785
PRKCQ,0.24227354521668773
C8orf22,0.24225772368197232
C19orf48,0.24211360197226936
RBM10,0.2420610752804895
OR2A20P,0.2420275396489083
PMS2CL,0.24185771399772174
SIRT3,0.24182759158737052
FNDC3A,0.24134658941155235
PTPLB,0.24132921224590315
DNAH17,0.24124726431198018
PCTP,0.24121687995244762
WFS1,0.24097997444003136
ORMDL1,0.24081041116241342
ZNF154,0.24052233758570818
UNC13A,0.24043393538258495
LOC730974,0.2402060263379207
KLHL28,0.23988624795166305
MPRIP,0.239867786623529
OR2L13,0.23983326223656837
SMCR8,0.23970332881446665
SLC2A10,0.239677817285588
YY1AP1,0.2396566436405129
SYT11,0.2396086780154301
LOC100652971,0.2396006625850278
GSTP1,0.23959892299158037
CA5BP1,0.23945404753195204
GNB2L1,0.23918903681901202
SENP2,0.23918285294530486
BMS1,0.23894211363590379
SRRD,0.2383029832309295
ATP2C2,0.23823901295829067
AKAP3,0.23803606616355075
LOC646719,0.2380345275367838
DCAF13P3,0.23802150726026658
LOC338651,0.23774771245999737
PVT1,0.23766893356448637
DDX6,0.23766774065449967
LOC100289104,0.2375990798069108
SPINK5,0.23740384715126434
ACBD3,0.23737324161102144
GTF2F2,0.23725412121516887
MARCH8,0.2371777711741959
URI1,0.23713440414439826
C1orf95,0.23672973009822726
SH3GLB2,0.2367212783988802
HCG8,0.23630924144179422
LY6E,0.23621877419183304
CN5H6.4,0.23608563119565878
UBL4A,0.23595324307535379
MAP2K1,0.2356406058232424
SNORD116-13,0.2351919233611641
RFPL2,0.23508164086873995
ZNF236,0.23491481882148482
SPA17,0.23452223562591812
RGP1,0.2343168744915145
IER5L,0.23425428166723775
CNIH,0.23355486783122548
LOC100507568,0.23294677750889953
EP400,0.2328724591507244
RNF19A,0.23283769949991714
EMR2,0.23243058261798621
E2F1,0.23242477378612414
RELB,0.2323856652826823
EPAS1,0.23234807123814621
HAX1,0.23231660182697653
SRSF1,0.23213108028918103
EDN3,0.23209554752989361
DHX32,0.23191136771458876
FNTB,0.2316872142459294
KIAA1462,0.23151502856230108
LRRC4,0.23135103623194303
LOC389332,0.23102271673990746
DERA,0.23082910196777223
AKAP12,0.23036706683494312
SOX7,0.23034182867183653
BCAT1,0.22962937911831308
PIKFYVE,0.22902094653686525
ASF1A,0.22870441145603404
FAM190B,0.22855146858660172
DSCAML1,0.22851488418994112
ELAVL2,0.2285004172453498
KCTD14,0.22837799023907823
LOC100272216,0.2279039946124929
LOC100506347,0.2277446901417444
SNORA41,0.22773665084121858
TNPO3,0.22772385656248093
STARD3,0.22767736296344868
KCNJ3,0.22753271923552856
IDE,0.2273550277247185
ANKRD18DP,0.22690618364169252
SS18L1,0.2268886435566333
SH3BGRL3,0.2268183298263479
GLIS2,0.22678319075318992
ADAM12,0.22673825296197653
RAB24,0.22641705993999375
BZW1,0.2261248921015324
LEPREL2,0.2260715524151109
TTC21A,0.2258814930759011
ISM2,0.22559652057709942
GNAT2,0.22555452156772451
ZSCAN20,0.22514281477662088
C2orf70,0.22463836522250247
MSI1,0.2245248480585087
LOC100287628,0.22431891456127248
PRSS23,0.22429183974895625
CARS,0.22428161430818486
PCDHGB2,0.2240666621843972
TNFRSF4,0.22396507643262917
AVPI1,0.22370859591427228
ARC,0.2236343802266339
AGR3,0.2236127653297188
GPR56,0.2230542528460016
C12orf29,0.2228285386164957
AMFR,0.22273001653892965
TMEM214,0.2222041372099817
C1orf182,0.22185859820748177
SLC13A4,0.22139880777779145
PCSK6,0.22131370097467454
NPRL3,0.22113683818639024
ANKRD34A,0.22093656195928632
CBX4,0.2207998702646083
SYCE2,0.22070535394107485
NRG4,0.22055415587767377
MOG,0.22044941201149107
RWDD4,0.22020129711626846
EGR3,0.2194084564074125
ACSF2,0.21906115546163518
CAMK2N1,0.21903431116147623
SCARNA22,0.2189458548703323
FAM86DP,0.2188329321777805
FAM180A,0.21878155838290575
FAM208A,0.21864724411386424
WDR38,0.2183953219843824
AMIGO1,0.21816985377666948
LMF1,0.218060377070454
BBX,0.21791880146256254
SOX8,0.21772945867864593
LOC400238,0.2176476414292256
DCHS1,0.21734560269440362
PNO1,0.21731092307315164
LOC100506437,0.21718664850238234
TMEM63B,0.217018169615239
ARL17B,0.2167752651922369
LOC100505584,0.21656285697504157
ITPA,0.21654444004966636
VGLL2,0.2165159236255555
GLS,0.21617688247031605
RNY4,0.21594320033890632
YWHAB,0.2157855037199748
NPAT,0.21564964580032117
EGLN1,0.2153823525481097
LOC100507376,0.21535210243083783
ARID4B,0.21525455919289077
SLC25A2,0.21506899877953894
PRRT1,0.2149365876721525
ATP6V1C1,0.21492522952592816
PPP5C,0.2148702556307867
XCL2,0.21483847103958334
DHX8,0.21469192339486048
LOC643072,0.21436381099455387
HCG27,0.2140287804332494
RPL27,0.21395516071209922
LOC100132240,0.21379811597128057
ZG16B,0.21374319383818985
C2,0.21338065050141342
RPS19BP1,0.21337223202007996
BAHD1,0.21323873364318682
GNAZ,0.2130191955601581
LOC100131316,0.21291591322344638
FANCI,0.21287496029427164
PTCHD2,0.21263617856653097
LARP1,0.21246819917938914
LOC100131354,0.2124158688104484
MCPH1,0.21217556320733802
MOB4,0.2121641993290308
TRAPPC6A,0.21196212957876315
LOC650623,0.21183600257208496
TRAPPC6B,0.21153578309979046
AKAP8L,0.2113588114642144
COL14A1,0.21120984778245266
TDRD7,0.21113879477997263
LOC100507459,0.21104566328927074
LOC147670,0.21099683624130314
CTSW,0.21098422446820153
MEX3C,0.2109208587027183
PLAGL2,0.2108639405243201
ADIG,0.21086359802601595
RBM45,0.2104248666546871
C17orf72,0.21036952135855272
TNMD,0.2102746236576195
SNF8,0.21005140046044668
BAIAP2L2,0.20986814037914753
KIAA0494,0.20985136987590913
C1orf74,0.20983532131056493
LOC388820,0.20963699155350313
TP53RK,0.2093420824741557
C4orf32,0.20905713352444624
FLJ45832,0.20894830884691415
SNRPB,0.2085049358515711
TTC13,0.20844657459845814
ALX3,0.2082081618827731
CLCC1,0.20809769518982804
BEGAIN,0.20796100731139114
THRB,0.2079411199585709
TTBK2,0.2077458770950764
ALDH1L2,0.20736647842545808
LOC100505801,0.20716863333440635
STRN,0.20716525478701006
AIFM3,0.20713048786351487
TMEM68,0.20676983831221205
TRNAC7,0.206576912034325
NOL4,0.20642082936019163
SRGN,0.20638332696008924
C3orf33,0.20634226566683356
MIPOL1,0.20627230043264985
DENND1C,0.20608367322132765
ARF5,0.2059370861866946
LOC100506732,0.20579482973085628
MDH1B,0.20548954009576462
SAA2-SAA4,0.2053977929745442
C1orf126,0.2053620905803928
NCAPD3,0.2053209212312269
GPD1L,0.2051732877276464
CNNM2,0.20496548342084153
MBNL2,0.20490445843076502
ADAT2,0.20415161268901122
KCNRG,0.20396647693567035
IVNS1ABP,0.20382538384833399
LOC100129473,0.20371147501374898
DCP2,0.20359178777603446
CACNA1C,0.20355370758814306
CD59,0.2033897657703714
HOXC13,0.20312762968333223
SIAH1,0.20283952209906983
RPS14,0.20222875610157962
DUSP5P,0.2021291268908092
CDC73,0.2020298387852956
UBE3D,0.20153587938346543
TTR,0.20147126689914743
ZNF572,0.2013688885279492
PPAPDC3,0.20127622995606786
ATG4B,0.20122161961189597
LOC100289650,0.20116728821027738
METTL18,0.20099358584747168
SIX3,0.20085567402544158
MIR1299,0.200762210566841
COX7A1,0.2005981382831153
ANAPC11,0.20058639953827737
LOC100506286,0.2004122256021472
SHC1,0.20038492468539382
CASP3,0.20030092712984005
LOC100507387,0.1996855781902183
C9orf24,0.19938571525521956
CRIPT,0.1991898710936517
C1D,0.19917993044361976
LENG8,0.19917097064538689
C3orf70,0.1991543585321967
IGF2BP1,0.19867592809749987
LOC100505719,0.19865809425881586
PLD4,0.198655691698405
WASH2P,0.19862714963911293
MTMR1,0.19801363932668564
TXK,0.19786564113515406
LOC440434,0.19746145548233368
SOWAHA,0.19710055474233515
B3GNT4,0.19708871738002803
CDK9,0.1966988169160785
ASIP,0.19663323887358256
PAPOLG,0.19648909355865957
CRCP,0.19634757367405203
TMEM203,0.19601339154403985
AMZ1,0.19563866526312995
SYT2,0.19556435359385016
NMBR,0.1952304163133996
DRP2,0.19521757656119937
ZNF3,0.19510822605898287
TRNAA40,0.19509114662667698
FBXO16,0.19487007162798262
NOTCH1,0.19464861253273177
IGFL3,0.1945009316478555
RPS27L,0.19426924541251195
CXorf28,0.19403927268479668
GLDN,0.1939690481003196
ZNF655,0.19389173008228697
VMO1,0.19381069251056451
RGS16,0.1936433832612724
SDHAP1,0.19362284230586135
LOC100507140,0.19354592469866055
SPAG8,0.1930992530636478
SNX1,0.1929763147178205
ACACB,0.19274628525230184
ITCH,0.19267046600965596
NKG7,0.19243461147841057
PAXIP1,0.19228935866394906
SLC6A1,0.19209726754999656
FAM223B,0.19183437798000613
GPIHBP1,0.19155513739518656
VEGFA,0.191183454941194
MED30,0.1910861755066993
CEP57,0.19025513240096978
MTX3,0.19016194055810112
METAP1D,0.19012673442502884
C19orf18,0.1898472835061484
SEC24A,0.18962045254185703
FOXO3B,0.18917152254731548
ATOH8,0.18913677813623464
PTBP3,0.18908036495349528
CARD9,0.18893077920586535
SOST,0.188752821232635
CHORDC1,0.1886842595537248
PDE5A,0.1883676471174183
TMEM8B,0.18829001608784768
PSMC6,0.18803848007547297
XRCC4,0.18798980157205802
PPIP5K2,0.1878543203098452
DDX11-AS1,0.18706844219121704
CNOT3,0.1866415249953109
CSTB,0.18654754120558462
C17orf70,0.18641183468398212
CXorf56,0.18640715536960697
TMEM125,0.18612794360430096
SETD1A,0.18593165410281406
HSPB11,0.18560656114666968
ZNF747,0.18542482513576472
SCGB1D2,0.1853682227229961
IQCK,0.1852498683995121
CDH11,0.18481967234515548
LINC00271,0.18475282703699078
COL4A3,0.18467475050551757
SKA1,0.18455979686520374
YARS2,0.18454214329086044
ALYREF,0.18404592126746822
TYW1,0.18394538688221967
CHRNA2,0.18376444648052853
PAK1,0.18341124554441243
CPOX,0.1830242175443993
FRZB,0.1828573779658809
RLBP1,0.18277803272973178
LOC100506643,0.1824851591014414
COL5A2,0.18204480931228909
NKX6-2,0.18198616572621193
LRRC8A,0.18182675401238543
ACTRT3,0.18153771818696762
LOC100505806,0.18147241068394046
MED22,0.18142804733961027
CCDC130,0.181211626523483
MPPED1,0.18114715775682202
LOC440700,0.18106006496719654
PLCD1,0.18092105911218784
PAPOLB,0.1808903054201339
TFDP1,0.18057232097488216
CYTIP,0.1804045912745458
PLSCR2,0.18029923060693331
LOC100130157,0.18005013367772887
LIMD1,0.17984682807690108
LOC100506538,0.17980041661457724
ATG2B,0.1795204900034177
E4F1,0.17947851780534113
SEPT6,0.1794342924792285
ARMCX1,0.1794243871371817
TFAP4,0.17916039610467704
SIX2,0.178543576693452
SVEP1,0.17824397678887108
ABCC5,0.17795438624979829
C7orf45,0.17740028522052542
THAP1,0.17731743595870597
LOC100130015,0.1773005849333182
LOC100134361,0.1771501056320242
COL4A3BP,0.17714321368649216
KIAA0430,0.17695401876762415
MGAT4B,0.1767347284462492
PRPF31,0.17647356090248165
C12orf55,0.17610195908734574
FAM169A,0.1760702588050763
EREG,0.1756469677477139
PRTFDC1,0.17513903821286375
RSG1,0.17491934208536283
MEIS2,0.17461342014191908
CLEC18A,0.17402274467435047
LOC642852,0.17346103702047422
INTS4,0.1733833063449633
TTC39A,0.1732699872012892
FAM131B,0.17294700901687823
APEX1,0.1729228060789137
C21orf49,0.17291141750002467
MTDH,0.17290760868150884
DKKL1,0.17287745313502406
PRKCSH,0.1725162074508117
ELMOD2,0.1724802029500705
ERC1,0.17240628292416185
PDIA5,0.17221224935106566
BRSK1,0.1720323338375381
LOC100506162,0.17181402359679251
RAB5C,0.17178448278013733
BCAN,0.17149738999945605
RPS3,0.1711962602510269
ANKRD9,0.17081561423543776
HIGD2A,0.17068635875267635
PHIP,0.17061794577907902
MBOAT2,0.17051518154771425
LINC00116,0.17021106294610408
CLVS1,0.16977152831406866
LAMA4,0.16963133302650904
FBXO43,0.1695074379207264
QSOX2,0.16929209880577686
HLA-A,0.1692414403047218
ITGAV,0.16917695101337293
TMEM14C,0.16854006971456198
PHF20L1,0.16848580073304237
FLJ33065,0.16847044449628534
ALKBH3,0.1683137263891934
AKR1C1,0.16808044625496502
AQP1,0.16807340750698532
TIGD7,0.16804298378959964
NDUFA1,0.1676646125470736
LOC257396,0.16759600866358024
FAM27L,0.16743876841995914
OXCT1,0.16723247658124205
RARS,0.16711901586567962
HEATR1,0.16696922344782034
BAIAP2L1,0.1665583144874507
SNX33,0.16637435419496335
C6orf99,0.1661098969724447
TMPRSS3,0.16559046373885225
KLRB1,0.1654767472679205
KERA,0.16508648423116049
TMEM134,0.1648936419198512
SNORD36A,0.16427627004361037
RAB10,0.1642159751528053
EZH1,0.16419713003913253
ZFP41,0.16409650515312077
LRRC23,0.16387050507021703
LRCH4,0.16370223448781165
POLB,0.16367425029227076
MLKL,0.163661491332289
VAX2,0.16359999426650348
DACT1,0.1635068977414756
SEMA6D,0.16306791548007066
TCF19,0.16303079311174568
LOC646890,0.16273798283242422
ZNF287,0.1625531301956714
SPAG16,0.16209817965616424
AFF1,0.16198064917359198
CIRBP,0.16169709799060322
NTM,0.16157854799842508
ZBTB10,0.16152788577668023
GPSM1,0.16151045687730883
AGFG2,0.16140025282454998
LYST,0.16099856506986915
DEPDC4,0.16095224583884768
SNX30,0.16094455224948115
PPID,0.16094091525512189
MTA3,0.16090325062346578
PCOLCE,0.16089993281726683
NUDT12,0.16081549777737422
SCARNA21,0.16059232683337762
PRODH,0.1601642399742846
FXYD5,0.1601507102395692
TRNG,0.16012534723950153
GINS4,0.16011256403917795
FAM117A,0.15971977757357902
AMPD3,0.159500854472358
COX16,0.15930220122866573
RNF141,0.1592727882804523
ZIM3,0.1592583370225245
HMGCL,0.15913838061615176
MRFAP1L1,0.15910445485656785
METTL22,0.1588827352999101
PAM16,0.15885926107591963
BPTF,0.15884302957934102
CCL19,0.15823602645484244
ETAA1,0.15802943157409927
BCS1L,0.1580106973101326
SZT2,0.1579532498730366
TUBB2A,0.15780477703514034
DAAM2,0.1573421723902863
PPP1R21,0.15725628140521072
ZNF322,0.1571292387100986
ATP6V1D,0.15675719100860439
ZFAND2B,0.1566332541403358
CHCHD1,0.15656324922406398
GNG5,0.1565567952912683
NKAPP1,0.15641570807780944
GALNT12,0.1563970989851196
ZC3H6,0.1562227738346081
ZNF35,0.15618161406713138
LOC100506047,0.15563869960408244
HOTAIRM1,0.15539894234062335
YBX2,0.1553434470886142
PACRG-AS1,0.15531306066773637
CDSN,0.1552717861508072
ATP6AP1L,0.15516191997829168
ELP4,0.15412369359935563
YAE1D1,0.15398226476896928
CCDC30,0.15387434982084114
LOC100287119,0.15385838713288558
LOC100506785,0.15368510769532126
CDC25B,0.15354860061478684
JAM3,0.15332572742293768
TMEM8A,0.15324233030415518
GEMIN4,0.15256063839648798
CXCR4,0.15214936727371833
SPRTN,0.15191775814555805
CASP4,0.15183322965032725
FBXW9,0.15179558168244853
CEP68,0.15168358921024727
SNX14,0.1515718422417619
ZNF284,0.15128035658865616
AMMECR1,0.15107194103116472
MYCNOS,0.15103540162081303
SNORD116-6,0.1510181577445853
MTUS1,0.15049237098934776
AKIRIN2-AS1,0.15039029971276668
FLJ37644,0.15018208477958864
MIR103A2,0.15004296240994325
FAM127C,0.14992429231863286
LOC728084,0.14985265325520797
SPINK8,0.14978422097455948
TEDDM1,0.14928630642095728
PSEN2,0.14851889564867735
SCARNA5,0.148474627759328
CES2,0.14841149158621966
PTPN9,0.1481996571779675
LOC100288432,0.14792613046959693
SNHG3,0.1477233607881691
RGS2,0.14768057738668966
CARHSP1,0.14710241891333123
CTU2,0.14696002787485907
LOC100506831,0.14693239962085333
GJA3,0.14692769334012226
LOC100505657,0.14650282265069933
IPMK,0.14612638960344573
CDK5RAP1,0.14611979784746953
SNORA11B,0.14597535908517434
KDR,0.1459499716644946
SLC6A11,0.14570670183445494
TIE1,0.14544216332858736
AP2S1,0.14540445788188308
KLRK1,0.14500059666279366
MOB3A,0.14498680866133243
INTS1,0.1446859354046833
LBR,0.1443784235045798
AFAP1L1,0.14436992183626823
NAV3,0.14414884153270935
ZZZ3,0.14414358099341368
SLC26A8,0.14410681981961904
TM7SF3,0.14401885310290954
DGKE,0.1438747841905273
CRYGA,0.14363910893587367
MIR4461,0.14355235326199461
SNORA27,0.14352593955299384
TXLNG,0.14322719614852586
GRIK3,0.14298988167682336
TSSK3,0.14293586584777143
YEATS2,0.1427008742495296
TRND,0.14253241143303647
TCAP,0.14233495352403594
LIF,0.14210347816917623
ZDHHC7,0.1420132634480304
KCTD16,0.14196929538322284
MYO1E,0.14149033851885415
IQCH,0.14133159080285282
NME5,0.14100078313277487
BDH2,0.140942867522983
LOC100506130,0.14085481511580705
GSTT2B,0.14084066135659326
EXOC2,0.1407541152815303
EXD3,0.14050633604566393
CBX3P2,0.14028056584439177
SOSTDC1,0.14004441777306284
LOC100653016,0.13999265990256293
C6orf72,0.13981913168606874
ATXN7L3,0.1397031394798013
SDC1,0.1392266407730746
ID2,0.13894840985990353
ST6GALNAC5,0.13884425608595083
FAM25A,0.13849383348702704
GGT8P,0.13846686726256655
ENGASE,0.13846140127015427
LOC100506392,0.1384091861582973
MIER3,0.138408610840442
HKR1,0.13840724808046959
GATSL2,0.1383420240005512
AGAP3,0.13791941900450425
TAS2R9,0.13778782506040704
NFXL1,0.13778596967209572
LOC100507292,0.1377716442212844
ZWINT,0.13765451413139995
AP4M1,0.1375220647350218
FAM20A,0.1374589112172836
C15orf26,0.13740138977043737
CHRM5,0.13724373888449332
CPNE7,0.13701938574979836
LOC340544,0.13693988494636253
CAPZA2,0.13660674059510738
PIF1,0.1364958819310345
DARS,0.1358159522145918
OAZ1,0.13553699356258328
PRR7,0.13540040605821496
UBE3A,0.13519097461180452
RUNX1-IT1,0.13495276939585896
OMA1,0.13433666612449188
MIR3198-2,0.13395578499915226
SPP1,0.1336458066159584
CCDC159,0.13340624953121488
TRIB1,0.13317635612440246
FAM181A-AS1,0.13312161966809832
SLC6A9,0.13308351820349584
B3GAT2,0.13242657294777987
VIMP,0.1323461575806778
CNRIP1,0.13209652672050148
CRTC2,0.13179807103662014
PRR15,0.1317447990574085
ABHD13,0.13154549520464986
ELFN1,0.13153442625811337
SPTY2D1-AS1,0.1314882842322608
ATN1,0.13139743918880578
LILRA3,0.13138737741818549
TOE1,0.13136938365857362
LAMB2P1,0.1306674964187438
HAS2,0.13031772313680368
GTF3C1,0.1302575456913725
ANP32C,0.1300862190465821
RFX8,0.13004778697665131
TMEM80,0.12998759928447304
ENO1-AS1,0.12988448436386568
SPEF1,0.12983516493520086
UBE2L6,0.12981840705256373
TSPAN15,0.1295171579038125
OLFM3,0.129412749083957
SERINC1,0.12939197885178155
ADPRH,0.12937371963516534
HINFP,0.12917849187462366
CLIP3,0.12905636613208657
ZBTB44,0.12905161059895612
ACTB,0.1288169487424215
PIK3R6,0.1286133036453862
DDX39A,0.12836169929857955
C12orf43,0.1283563682464575
TNFAIP6,0.12833728931906627
MCF2L,0.12825932350661073
CDC42EP2,0.12825313846411088
ARG1,0.12824958467948083
CNTROB,0.12807633190794415
ZNF503-AS2,0.1278530019446702
LOC642423,0.12741012224488177
LOC100128252,0.12735667074552418
SLC31A2,0.12683198322371028
FPR1,0.12679915996255425
BRE-AS1,0.12662840177317497
CLEC4A,0.12611838300933365
ACP6,0.1260780569314112
BEST4,0.12584036800265988
ID1,0.1256185700172579
LOC100506234,0.12551818457017677
ELK3,0.1254816206076959
BRD9,0.12547984136541457
TNNI3K,0.1248522484980141
EPN1,0.1246517277673983
TMEM170B,0.12426364430351537
LOC100652962,0.12403295777643253
ALG11,0.12394627882012833
FAM43A,0.12388245594158812
JRKL,0.12363712511296814
MFSD11,0.12352488089338426
XCL1,0.12330140841857298
C3orf58,0.12314444999534427
ASAP1-IT1,0.12276696981034209
NEURL4,0.1226784405715611
TPGS2,0.12233164156004397
SEPHS2,0.12202459240517502
SUMF2,0.12197478075746535
TRAF3IP2-AS1,0.12185909903993827
AP3M1,0.12164744709657192
IL2RB,0.12140957332568963
CDH17,0.1213524206336424
PXDN,0.12085949657846157
LOC731275,0.1203115450932622
GLYATL2,0.12028378995200804
CLDN23,0.1202614871072037
CLEC10A,0.12017251541943101
ZNF607,0.12010950151170066
PGRMC1,0.12004831854861521
GTF2IRD2,0.12003585947431482
RSPRY1,0.1199763731371079
FAM127B,0.11996469594568339
ERCC1,0.11988497170926024
SEZ6L2,0.11980345381234732
IFITM1,0.11955460621613284
MT1M,0.11954994061631191
ZFPL1,0.11952119882204858
BRMS1,0.11898226565294548
SPPL3,0.11868270530286375
SNORD46,0.1185230534392726
SLC10A3,0.11822078704727701
RPP25L,0.11785600020514332
PPIL1,0.11773755911500645
IPO7,0.1176803140436158
PXK,0.11751684458321868
ARHGAP11A,0.11750454824785257
SNORA74B,0.11704912869724107
H3F3AP4,0.11680328934053458
CCDC117,0.11659705118206412
NMNAT3,0.1165765598650086
ULK4P2,0.11624069577882391
ULK4P1,0.11624069577882391
SLC27A3,0.1162404114409104
PPP1R14B,0.11589953159664873
BMP7,0.11585643954766339
NTHL1,0.11583702037421804
RTN4R,0.11580160287191325
LOC283177,0.11573650677132617
ATP5H,0.11563152795269073
ABCA10,0.11553981835738661
PEX5L,0.11552239544327728
ASPN,0.11544316688142647
TFAP2C,0.11534936602678039
FKBP10,0.11514761058462804
SSR1,0.11506725872397165
CLDN7,0.11452337051037609
KLHL2,0.11441318368885865
PIGN,0.11404185853449776
PCGF5,0.11383534024425994
FLT4,0.11327626763923486
MYCT1,0.11305561975022765
INTS9,0.1130136247841889
CYP3A5,0.11263644529373788
PLXNB1,0.11247310697624686
NDUFA2,0.11229939030290018
ZNF263,0.11219171479419243
MGC12982,0.11217791271740989
SYTL4,0.11190030807484744
REXO2,0.11172194770741901
TGFB2,0.11148902582039896
LHPP,0.11135367560460886
HTRA3,0.11101206685471966
DEK,0.11075053740833617
LDLRAD2,0.11041175749706675
TMEM150C,0.10972583803920151
NGF,0.10956402678738439
RBM28,0.10951659130115433
STAR,0.10944608072590233
MIR223,0.10929693822580806
GNAQ,0.10916393409234476
LY6K,0.1089451908174118
SLC35F5,0.10884435845383553
FAM129B,0.10879181343107308
EPRS,0.1086464360664989
C20orf118,0.10828023073863988
VAMP3,0.10809303927746781
ORMDL2,0.10776289018390493
LOC100130557,0.10748510585371608
BSPRY,0.10732421507222321
PCSK1,0.10726853636172182
LOC100505825,0.1071585279659437
TAGAP,0.10710461575141055
LOC100652862,0.1070994377768081
SMARCAD1,0.10706697815604362
LOC100506418,0.10704874898631744
CCKBR,0.10663663177962159
RPE,0.10593988985769459
RABL5,0.10590240632211442
TUBB6,0.10589711607383376
RPS23,0.10580717213330049
PDS5A,0.10569707599506446
MANBAL,0.10511056742949214
TIGIT,0.1050932383380769
NT5M,0.10506015416286055
UBE2NL,0.1048680394030415
AGPAT1,0.10436474231664193
LOC100132304,0.1042713303732725
DKFZP564C196,0.10363190702964913
SNW1,0.10360699945467895
LOC100505648,0.10334108152960608
FAM210B,0.10313922751765675
KCTD15,0.10308106489890882
BICD2,0.10251788179149678
HEATR6,0.10247105598086867
METTL16,0.10218170234682455
LOC728730,0.10203653650449607
C12orf56,0.10198178623366783
SDHAP2,0.10189129816316866
UFL1,0.10168890276566828
CRTC3,0.10150831158404237
TCTN1,0.10149645735570671
CCDC86,0.10149401241289273
TMEM181,0.10147959194412969
C11orf73,0.10112135960561768
CWC25,0.10109803909173155
SUMO4,0.10086666832845183
CD38,0.10083122266203183
SLC35F1,0.10054896627324997
SLC26A4-AS1,0.1005307515255192
PABPN1,0.10018687005034597
RPS6KA6,0.09995852459899926
LOC100507134,0.09959332316833011
LOC100131289,0.09938613990499491
DSP,0.09923452436424181
MS4A4A,0.0992329469196906
SEC1P,0.09910772704910009
CEMP1,0.09907513639556932
C14orf142,0.09906417748828802
ETV7,0.09894753921230294
AAAS,0.09833493811170622
ZNF767,0.09811639179966641
CAPZA1,0.09786254446302048
ZNF764,0.09765425900051464
SPRR2E,0.09720034102871787
PIAS1,0.09706573318203358
SH3YL1,0.09650358749266932
CLK4,0.09650276309571196
PARP10,0.09648363108589204
FLJ34208,0.0962391207963932
ANAPC16,0.09594703540257433
ZEB1-AS1,0.0958996102657648
NOC2L,0.0957955302332717
ACOT8,0.09576825414412019
PKN3,0.09546923673381562
SEC16B,0.09536176546649665
KAZN,0.09523509954536132
C8orf12,0.0952189449296554
INO80B-WBP1,0.09498544802270961
STK38,0.0948146031860242
FAM208B,0.09457987575064804
C7orf26,0.09438032852638298
HUNK,0.09419044922699563
HHLA3,0.09364190708323222
PDZD9,0.09360566635332085
G6PD,0.09336230485948889
CPA3,0.09332516255552892
ACTA1,0.09291330903460832
RWDD1,0.09282434797109503
DNAJC4,0.09262712440271009
TUBG2,0.09241176748877744
FLJ31662,0.09224276672333649
HSD17B2,0.09222548893516751
LOC100292680,0.09216619377614088
LOC389791,0.09195890705925856
GRIK1-AS2,0.09192701774830496
VPS4A,0.09189440402394175
ZNF140,0.09187687594494555
LEPR,0.09179058694859203
GMCL1P1,0.09169573722280426
ZBTB25,0.09152480054145994
LOC100652809,0.09147261864189361
KCNG3,0.09140418919990018
ERCC5,0.09073992471278944
CHPF2,0.09066814969642173
SEMA7A,0.09059718036363189
ATF3,0.08987299293552312
WDR74,0.08984174634271141
KHDRBS2,0.0896277336650238
LOC157381,0.08954310293893393
LYRM2,0.08945544211751379
NECAB1,0.08939423078150124
FAM126B,0.08930785193077533
EFNA5,0.08930461327245635
FLNA,0.08927390261953937
C10orf111,0.08911021928335507
CALB2,0.08902869446892563
PER2,0.08897137634128834
ASB3,0.08882224977269292
LYPLA1,0.08881967504508904
LOC100507278,0.0884543993465588
MPP1,0.08833550774232192
PHACTR1,0.08827107955462778
INF2,0.08811825378659706
MED15,0.0873757564964309
ENO3,0.08674437348540258
EGFL7,0.08673062634926364
SGCA,0.08658785450969408
CRLF1,0.08652940133821875
RAPGEF2,0.0862580954849712
HSF2BP,0.08609595054427696
SPATA5L1,0.08608609098141227
PWWP2B,0.08583619287864873
PAAF1,0.08558679451837792
SLC25A53,0.08554719888296868
TBC1D24,0.08519954561719244
UBE2Q2,0.08514890741581026
LRRC27,0.08505488780259568
ZNF577,0.0850266902285882
LOC100132062,0.08490787966171133
EMD,0.08485288887583255
LOC100652993,0.08478050778783915
TIMM50,0.08401812432996951
RMST,0.08384475555434706
LOC100506652,0.08371046298438153
TFAP2E,0.08335526998287353
BTN2A3P,0.08312582977914224
COMTD1,0.08310647236825201
MICB,0.08282195104824303
LOC100527964,0.08275973609665284
ADAD2,0.08261024973172627
ORAI2,0.08241321732067142
SC5DL,0.08209718600092887
ITM2C,0.08196637425356844
SLC22A20,0.08149542917392917
BICC1,0.08146589425844769
FBXO42,0.0813630506860091
GALNT2,0.08120202641435009
FBXW2,0.08111771321203037
OR7C1,0.08104794134623013
MEMO1,0.08093514795945929
KAT6A,0.08076285652805172
OCRL,0.08069032642652417
DHPS,0.08053564808989708
PHEX,0.08034361819843502
ANKS3,0.08013973813748229
COL9A3,0.07996629673324403
STBD1,0.0798302878587725
ZFYVE1,0.07975815444006733
CHST2,0.07964795947543685
PDRG1,0.07939551199599817
TRIM69,0.07910468295759956
LOC100271836,0.07879843992615868
LOC100506563,0.07874524083479048
ETV3,0.07824772395894761
C10orf93,0.07769069306068813
HLA-G,0.07748799748764339
SPATA24,0.07730502267340894
GTF3C5,0.07704442188517063
DCLK2,0.0767267365744303
SPIN1,0.07662365809895984
SNORD68,0.07660071712741764
TRIM27,0.07653502178900719
STAMBP,0.07642050140457728
MAP1B,0.0763325724623923
ANKRD45,0.07621400858035735
BACE1,0.07598536266054608
TRNAV1,0.0759295416613414
TRNAV5,0.0759295416613414
TRNAV24,0.0759295416613414
TRNAV7,0.0759295416613414
TRNAV3,0.0759295416613414
KIF24,0.07570444013945196
ZNF660,0.07541949254718627
SLC4A2,0.07534583585160234
LOC100507254,0.07529988353381765
LOC200726,0.07493791231128161
ENAH,0.07464230016111664
LOC339240,0.07461850510090015
RPS8,0.07459610857881223
RILPL1,0.0739114794907136
LOC100499484,0.07359493343936568
LOC730098,0.0735589628836766
TNS1,0.0733075152771126
NOS2,0.07327030487250573
GDPD2,0.07273676900909493
MAFG,0.07270987719763829
MTRF1L,0.07263304509448949
SNRNP25,0.07247438802649947
MYB,0.07244030454456576
PCDHGA11,0.07225774607806412
HLA-H,0.07225430911951636
HEATR3,0.07219218059647052
ZNF678,0.07216872881257841
DDX11,0.07201553871796118
CIR1,0.07200445210197358
INADL,0.07179792822648523
RGS9,0.07169558103161783
LIN7A,0.07159725804873339
SMOX,0.07137550693873622
IFITM2,0.07088483153025452
PAICS,0.07081077163368166
NHSL2,0.0706734276540188
FCER1A,0.07062668661629574
PCNX,0.07045462945091384
ZNF502,0.07035286659965528
NHLRC3,0.07023064241932155
ZNF85,0.07008361289526928
CD109,0.06998822310724738
IFNAR1,0.06988868060757272
NT5C2,0.06973799124562718
FRY,0.06970237431277285
TIPARP-AS1,0.06955714280426731
PNRC2,0.06954760312801532
SNHG8,0.06951657121586877
S100B,0.06940646369724178
SUPT5H,0.06906464266040409
LOC100505877,0.06902729384862047
CIB1,0.06885151812763864
ATF4,0.06882663591906758
FEZ2,0.06881227334579684
GPR39,0.06865280094380292
PSMB9,0.06858168582973247
CSF2RB,0.06847825945425891
PLEKHG4B,0.06823937408378958
LOC100287225,0.06777772594531505
LOC100506890,0.0672701165244761
LOC100131089,0.06711968074933206
TUBB4B,0.06696147326505937
CDH18,0.06692932962358426
AGL,0.06670213387412605
RBM23,0.0666209851578875
ORAI3,0.06660077641647334
ELN,0.06657795856261949
ZNF525,0.06645363106145293
PPAN,0.06603808988149698
NAA30,0.06600317201890776
AP3B2,0.06586873436591291
CLCN7,0.06582236134861318
EOMES,0.06564166434018205
TMEM189,0.06560623079158989
HCN3,0.06540909562071433
TTLL9,0.06537244177794425
HSPB9,0.06535910527501597
PHC1,0.0649627776936218
SERPINE2,0.06482200860352913
WDFY2,0.06479485993474482
B3GALT4,0.06469783706020754
AEBP1,0.06464911980323709
P2RX6,0.06429196488477074
NBR2,0.06388815230131387
ARHGEF35,0.06380063874611172
PSAT1,0.06335332691538786
SCARNA15,0.0631733729249379
SVIL,0.06279569425059775
GBA,0.06261837769701188
LOC100653005,0.06261486935973563
CDRT15P1,0.06254845630161901
RAD51B,0.06232796585569781
CDH9,0.062164846220403074
SGK196,0.061587569669127075
NT5DC3,0.06148629445248088
LOC100506966,0.061417600147092424
SAA2,0.061113291838846354
BMP8A,0.06090428692818882
NDUFC1,0.06085365186109134
BAX,0.06070247586131421
RPL34,0.060654732977094665
ZFHX2,0.06058130935865005
LOC100506877,0.06046362730033747
ZNF57,0.060390996098978814
CYP17A1,0.05986791700300009
ESAM,0.05986247672307011
HSPE1-MOB4,0.059815976790266547
ADAT1,0.059119146409188236
HGS,0.0590579152947713
HMHB1,0.058944918790108235
LOC100507603,0.05864108688357621
ZNF138,0.058561289313344214
ALAS2,0.05849014857800783
DUSP3,0.058473646272681375
RAB36,0.058270451701767374
PIK3CA,0.05796694533261689
PRPF40A,0.05779359439942876
SH2B3,0.05757886571119978
OR52K2,0.05723407495031941
FAM54B,0.0571268715434085
CCDC113,0.05675856049436174
STARD4-AS1,0.05675547032068171
DIEXF,0.0567541492702294
CLSTN1,0.056604954596680045
C9orf169,0.05636397776946834
DCK,0.056306160453563875
CEBPG,0.056223843790011704
TPI1P3,0.05593152194886027
ATAD2,0.05568008791079117
MED27,0.05561874971631757
MYEOV2,0.05560311049989068
YIF1A,0.055372309428000636
RNF135,0.055210799301010666
ZNF391,0.05479548594470951
SKIL,0.0547420625382463
LOC100507670,0.0547237063740025
C3orf25,0.05466204901864689
NTRK1,0.054558729350289985
LOC100506054,0.05432376479372968
HENMT1,0.05425881506281217
ISG20L2,0.05421555074737699
MAGT1,0.05418339370184642
CTNNA3,0.05409381079101453
ARHGEF1,0.0539610045523044
SECISBP2L,0.05390694541514122
HECTD2,0.05334601518289621
PYCR1,0.05297962331945137
CENPC1,0.05285873957473406
VPS13D,0.052835116578605866
MORN5,0.052748199431318116
KIAA1522,0.05271791966537806
POMT1,0.052414415610898164
SLC25A21,0.052169594967477376
METTL14,0.052146332823082175
PAQR8,0.05208990903014441
PDCD4,0.05179872388438124
FAM198B,0.051738380609834544
MRPS27,0.051384318878073
ZNF317,0.05100526705573391
HSD17B7P2,0.050718310679965455
LOC100652735,0.05056024194100736
TRIM23,0.05046182271940678
LOC441493,0.0501518135142122
MT1E,0.05010691254711769
ZNF276,0.049623587422002895
PFKL,0.049230174010415004
DIXDC1,0.04909394976131666
DENND4B,0.049000621994479576
CPA6,0.04899536735328844
SEC62,0.0488421535530068
LEMD2,0.04880153215662529
JMJD7,0.04874127166136672
TTC37,0.048398418349194006
LINC00493,0.04829096530924792
TRIM45,0.0482499267319765
LINC00461,0.04811881526141019
PHF21A,0.04808749101201058
PSD4,0.04783181514151609
ASPH,0.04768809386761809
LOC100506670,0.04768576031204676
PRF1,0.04759502198560266
LOC220906,0.04741643883583998
TSPAN33,0.04669237467154673
TK1,0.046667596794919095
NRK,0.04652932992264405
LOC644100,0.0464534421444292
NAGPA,0.04639172880058015
AGPAT9,0.04614067462678438
LIG1,0.04594705961599955
C22orf24,0.045914576884640276
GHRL,0.04588732640088655
KCNE4,0.045679314768454486
SENP8,0.04563352784665712
PTPN1,0.04511327130597778
GSTO1,0.045104534126973544
LOC100507390,0.044847394737267905
LOC100132859,0.04479988914491875
SNAR-G2,0.044719075844937825
C1orf86,0.044219554628212185
LOC100287036,0.044101784263338766
TRDN,0.04410156382901646
DNM1P46,0.04385744403299235
USP32,0.04368641576376101
NFKBIE,0.04360744314485518
FARS2,0.04350322760581775
MGAM,0.04322515313003083
ZNF385A,0.04321585513033482
ZNF219,0.04307407704209538
FAM13A-AS1,0.04271455410579848
MRVI1,0.04266141982563879
MED12,0.042515153760715775
CCDC102B,0.042349390700811645
BRD7P3,0.04150662996899438
TTC28,0.04117389899721053
COX4I2,0.04113074261219379
LRRTM4,0.04111356003440661
SERP2,0.0410549466830664
COLQ,0.04085797763828425
NOL12,0.04084518328225958
RIT1,0.0405442999851191
SLC39A8,0.04053964874052032
TPM4,0.04051680195629518
ASB7,0.0394020418568114
MCL1,0.038786944572697456
FAHD1,0.03878378478902538
C15orf60,0.03863896053432183
SEPSECS,0.038055083111736165
LMO4,0.0378917657762067
BGLAP,0.03787775694715967
CCDC66,0.03782305739187714
LOC100287177,0.037763875514878385
THSD7B,0.0371293508928956
FGF10,0.03709583564158872
CRYGS,0.03702463293970389
SERPINB2,0.03702236797835569
FOSB,0.03681354298058624
MCRS1,0.036788191437387985
PTPN12,0.03674494815373498
C4orf34,0.03662424564682957
C21orf58,0.03655919542080299
ITGA9,0.03612162419226158
SLC25A23,0.03611175555594387
SMC6,0.03610919824231177
FGFBP3,0.0361070672531659
YY2,0.03564808405187506
KCNJ15,0.035427887445785844
C4orf33,0.03540941131675841
DBIL5P2,0.0349450975343708
HAUS8,0.034936413418028764
PPP1R18,0.0347545299823576
ZNF160,0.03465604755358978
HBM,0.034157900084745015
TRIB2,0.03402320411951208
ARL2,0.03385605585955516
PLCXD3,0.03360526863737391
GTF2H5,0.03344629975172678
ATP6V1C2,0.03259204836002394
MAGIX,0.03253763558841228
CHEK1,0.03252257574905449
CLNS1A,0.0325138697202419
ERCC8,0.03247711159386749
PRDM8,0.03233551574913949
NUBP2,0.03223654017302053
RNY4P8,0.031861480923818325
IQCD,0.03171780133626736
LOC100507370,0.031564981603845244
NPHP3-ACAD11,0.031533633424279006
KCNA4,0.030898136675654542
MARVELD3,0.03076864809207901
LOC344595,0.030661595193833463
HBS1L,0.030304834892925507
PTPN11,0.03014804337945927
FBXL20,0.030140663318915503
ZNF93,0.030102833322190294
DPM2,0.02988236487282574
LOC100287705,0.029851008515513953
ITFG3,0.029600982322663037
SMPD1,0.029568170449527236
SLC22A6,0.029547856492576907
LOC100507531,0.029407652874643322
C17orf101,0.02932360498601812
KANSL1-AS1,0.02927998073467006
LOC100505930,0.029219656130117334
SDS,0.029151424785416734
FAM116B,0.029140684035855437
LOC401068,0.028875182157937204
FABP2,0.028561483554076873
MOCS2,0.028440662250852487
XXYLT1,0.028263964717192166
LOC100505828,0.028261185501852495
LOC401317,0.028236355706223237
MLIP,0.028188232769728917
UGT2B17,0.027785856412540035
CUL5,0.02750196735519431
LRP2,0.02747032069323231
CT45A1,0.02743676556058603
ZNF691,0.027240462091392928
TMEM19,0.027202148716714294
MSMP,0.02719133734397529
MOSPD2,0.02684182022837528
CTSB,0.026819969590172642
LOC653786,0.02673165773085592
TAF7,0.026707423853832235
MET,0.02661540974689072
PSME2,0.026301203888966087
PTPN13,0.026050727157490912
DNAJC16,0.025896284867719374
DNM3OS,0.025857428954931885
FEM1A,0.025787056846790477
SERF2-C15ORF63,0.025730540464173342
TBC1D13,0.02566775802307011
LOC100132913,0.02564105131738822
BIRC2,0.02547319991352389
PRCP,0.025267245273646717
ZNF496,0.025141423601681787
LOC100144602,0.024996031421827065
PTPRS,0.024909096531310716
CRHBP,0.024832553578236525
TPM3,0.02450098373527181
DDI2,0.02444454682944589
B4GALT2,0.023809187573836276
PECAM1,0.023752986716769557
PCDHGA2,0.023535600141852783
TSGA10,0.023383714919618877
OLIG2,0.023362710393525932
PLSCR3,0.023277896691440335
MKI67IP,0.0231848427972355
KIF20B,0.023029469248518734
CNKSR2,0.022773467244008704
POLR3B,0.02261874919414403
RPL3,0.022103848487100123
GNPDA2,0.021939583323365545
LOC100505978,0.02183999701571398
DNAJC9-AS1,0.02175060920731867
SPEG,0.021680554268490904
ABCD3,0.021519756233096706
C1orf112,0.02148536370580219
MTOR,0.02144967390210091
GJC2,0.021369368896502556
TRIM39,0.021264106467387807
PPBP,0.021069209850692636
DHRS3,0.021005501023420758
PTHLH,0.02093114499982164
CCDC23,0.020864704527083684
RAG1,0.020612903918835534
PCDHA4,0.020110872672463646
LOC100131035,0.020067389849774676
MDP1,0.02001864490638924
ZNF879,0.019704031733120943
LINC00606,0.01965104183960879
ROR1,0.019315805569354087
GNB1L,0.01917489749420783
TSPAN31,0.018916909932985306
LOC100128098,0.018786433414468222
SNPH,0.018778329480610464
CITED2,0.018504726881685293
C11orf20,0.018423908209405915
BCAR3,0.01837414680749327
ZIM2,0.018365433758646646
STAG3L1,0.018348771744604107
ZNF595,0.018059538543126034
SNORA28,0.0180160983920523
GULP1,0.017678459977752036
COPB1,0.017667332274576748
ACADSB,0.017440812040306935
RGPD2,0.01680295672419034
CSTF2T,0.016029471655242343
ARHGEF33,0.015562832009906798
MIR639,0.01551599687615827
OLFM4,0.01550612225154996
IFI27L1,0.015413440319508531
ZKSCAN4,0.015094006473730428
KLHDC9,0.014993827688677255
MIR1273F,0.014835100674705354
NCEH1,0.014721389627530973
PUM2,0.01452940798693017
TBL1X,0.0141464904992305
C19orf10,0.014132334209918503
ST6GALNAC4,0.013890006668871257
C16orf71,0.013845775825486165
LOC100131060,0.013828315742568108
ZNF585B,0.013723522453173606
KAT8,0.013663686069475139
SACM1L,0.013601791867381531
NOTCH2NL,0.013518768045193237
C2CD4A,0.013493580939139336
SEMA4A,0.013477917449563732
TAPBP,0.013460945168629614
TUSC2,0.013427156766528604
LEP,0.013415328891266029
ATG5,0.013207464241077731
NSFL1C,0.0130365057349338
LOC388780,0.013034406691858088
TRNE,0.012758051079593337
TRIM68,0.012638931798073752
LOC100507306,0.012265237742376502
TRAK2,0.01215467228980037
MOCOS,0.01201402605127573
ZFP2,0.011993324101120133
GLO1,0.011794568322040185
NCAPG,0.011707127891396213
F8,0.011633709944104322
DMTF1,0.011579345985318974
WASL,0.011557229407729979
DLX1,0.01149719814693469
EXOC6,0.011442381528480447
TMEM64,0.011247764842305465
FP588,0.011136579417064384
LYPD3,0.010704543944434845
LOC100505504,0.010702914642921781
GOLGA1,0.010552113132309247
TMEM222,0.010506081311100588
LOC728586,0.010358838988897067
USP33,0.010352976971516539
MIR1273G,0.010193252254300655
ZNF768,0.009770112365794642
ECE1,0.009406398847985857
LRRC28,0.00933947794516031
ZNF460,0.009289678168886558
CHSY1,0.00925439480782486
SIDT2,0.00917182339740882
TYW5,0.009090736277760837
FAM217B,0.00890749122865638
ST3GAL1,0.008899750619609003
MFI2-AS1,0.008377349201058095
NXPE3,0.008261045120759926
ATG9A,0.008203779251267597
CHIC1,0.008078120227156744
TRPT1,0.007283761535747087
LOC100505492,0.006977885084364868
TMEM164,0.006913070938554811
SIGLEC14,0.0067292321232659946
THSD1P1,0.0064739915214643735
PRRC2A,0.006281217247715879
RNF44,0.006051903442889127
DLGAP4,0.005829989408658496
RANBP9,0.005749745383359065
ABCC12,0.005749670668102311
SLCO4C1,0.005692103576440867
BCL6B,0.0053334741910687836
C2orf50,0.00530888307784552
TMEM132B,0.005305762319516621
MIR3159,0.00505812279065714
FAM116A,0.004939249441716296
LOC440905,0.004909515143805207
SFRP1,0.004712468028233328
TWF2,0.004651948554563672
MTHFR,0.0044437848782015385
BBC3,0.004362760151585148
C11orf52,0.004097990980694154
ZNF20,0.003698994727656569
PRSS35,0.003690626248579925
CELF3,0.0036471820282061433
SPTY2D1,0.0032527628649278075
BSG,0.002960763139613206
ZNF107,0.002683497670296385
KLF12,0.0025247672316584427
IL18R1,0.0022135942656459906
HSCB,0.0019845634682502476
SRFBP1,0.0017834251910877315
IGFBP1,0.0017514999273724804
EPHA2,0.0016332611906979017
GPR4,0.0013016585045142863
KLHDC7B,0.0011820790278493766
E2F7,0.0010484458244370265
GCLM,0.0009078879344895014
FRAT1,0.0003238538161604176
PTGDR2,0.0001953593000716341
ADRBK2,0.00015874567471995464
PLXNA3,-5.104894033832422e-05
EXOSC1,-0.00017180431474227202
SNORD83B,-0.00031348050380044455
SNORD115-48,-0.0003134805038005271
PASK,-0.0003764259413001234
STK40,-0.0006167911742430915
LAMA3,-0.0006210512116275558
TCERG1L,-0.0008703011737801408
ZXDA,-0.0009320691994841021
RAB6A,-0.001281936665882965
SGOL2,-0.0013248719296557996
LACE1,-0.0014541745928629657
HSD17B6,-0.001455705782455349
NSUN5P1,-0.001507130438611853
THAP7-AS1,-0.0015441460542379819
LIG4,-0.0017658286324038002
LRP2BP,-0.0017811169705470359
GPHA2,-0.0018723778079003748
TMEM141,-0.002027698926242896
LMBR1,-0.0020594014114909383
PLAC8L1,-0.002146293443635718
CDK11A,-0.0021604617122952985
THSD4,-0.002270695514102935
PCSK7,-0.0025907306448294666
STAP1,-0.0027306429230429725
ANKRD6,-0.0028974111214028113
CMTM4,-0.00350429616209714
SDPR,-0.0035752507404609663
ETV4,-0.003582746369042116
NT5E,-0.0038136190087107694
GABRG1,-0.0041736741872413765
GORAB,-0.004551217350997668
TADA3,-0.004632794786765012
PVRL3-AS1,-0.00471573320303656
TRPC4AP,-0.004881837934407003
WAPAL,-0.004980356612298145
C11orf70,-0.005316652888674891
C11orf63,-0.005351111962613386
RBM15,-0.006210582645328094
SOGA2,-0.006229373357461237
ADRM1,-0.006667624366480552
RIMBP2,-0.006784087191872822
LOC400692,-0.006844286967169899
MCMDC2,-0.006883102186340569
RAB40B,-0.007031490473280654
DIMT1,-0.007076319566345455
CCDC13,-0.0072020186891591535
LOC100129534,-0.00725625429076352
DOK2,-0.00730396176038072
FBRS,-0.0073145111549157045
LOC100505490,-0.007344355837037907
FAM131A,-0.0077892033186511105
CALHM1,-0.008421067475424334
LOC100652850,-0.008456500078437585
HINT2,-0.008690257958634961
POLR3H,-0.008946112639209223
C17orf76-AS1,-0.009026574389365964
SLC35F2,-0.009080491821358646
PROC,-0.009167969195846157
GTPBP1,-0.009299059417194453
SLC39A14,-0.009491835039734116
LOC285033,-0.00949534833732437
FTSJ2,-0.009683100789512764
HLX,-0.009715402571709318
NRBP2,-0.00979369649698897
RNF130,-0.010036954408207262
ZNF41,-0.010176129835388851
ACP2,-0.010412166886469506
KIF26B,-0.010445470876452007
ANKHD1,-0.010604214248159154
METAP1,-0.010786301219851578
GOLGA4,-0.010905947159279608
SPATA22,-0.011459987454818583
LOC254128,-0.011518577356322246
CMTM5,-0.011728724397394516
RMI2,-0.011732686143736657
SMCP,-0.011934879010351552
FAM123C,-0.011943293401017834
NTS,-0.012086812857197465
CDC5L,-0.01220866135074147
UGGT1,-0.012630165773093227
LOC100505551,-0.012764515786192157
ESCO2,-0.01297447585359542
LOC400043,-0.013218909397987904
SDHAF1,-0.01343211702219525
THEMIS,-0.013491957802601364
USP54,-0.013505367768202256
LTBR,-0.013624363566402469
SLC26A10,-0.013839076244406652
SLC47A2,-0.013888491623314235
LOC100507047,-0.014065669748928955
DMPK,-0.014877958135707884
SHMT1,-0.015119292356881807
GTF2H4,-0.01545469421729918
LOC100130987,-0.015713941277317865
LOC100506158,-0.015754362987163647
KATNA1,-0.015880470848400493
CPEB1,-0.01611264025269914
RNU4-2,-0.016113789985465296
CUL4B,-0.01619343572191401
TBL3,-0.01620912133057619
LCOR,-0.01621715529908208
WAC,-0.01645223742336457
HELQ,-0.016471441574103515
FAM101B,-0.016691016631450988
COL17A1,-0.01734263979733302
PTPN4,-0.01764906886736201
SGSM1,-0.018050824882272134
ESYT2,-0.01832506459053241
RSC1A1,-0.01839661908179487
SPAG9,-0.018631008060343877
C5orf46,-0.0186338277083629
USP25,-0.018726550104128964
RAD54B,-0.019019246588674668
TCF7L1,-0.01912809642578623
TRIM63,-0.01946155956025495
SNORA58,-0.019652201839131328
UBXN2B,-0.01966902700602046
KIAA1967,-0.019718797431509727
DKFZp686K1684,-0.02018980938194889
MATN2,-0.020191171906105813
GPR18,-0.020431221246113948
SNRNP70,-0.020716301383286173
GSTZ1,-0.020811526014323137
PIP4K2B,-0.02083046005772734
LOC100132987,-0.020949539776095687
EPB41L5,-0.021206013220655264
KCNK13,-0.021366155645066602
SMAP2,-0.021474625163006314
ZBTB45,-0.02160605440879987
PRR11,-0.021776667476356513
XK,-0.02205359694073801
RAB9A,-0.022437321496832748
DKFZP434I0714,-0.022723646364668053
GLYR1,-0.022759924232118752
RORA,-0.022810260871058585
PMCHL2,-0.022854500581395102
FITM2,-0.022917101977670024
KRR1,-0.02294868760098949
SNORA62,-0.022978498664540218
GRIN2C,-0.02356388083486591
TMEM54,-0.023647372439840376
CBWD5,-0.023729220799874978
CD248,-0.024060432805602196
ST3GAL2,-0.024316549053191753
TRAF6,-0.024366994973968117
SNORD113-7,-0.024369632327761424
FXYD3,-0.024526632384188535
ARHGAP33,-0.024597683351997874
DDIT4,-0.024609263533919144
LOC643733,-0.02472015229977142
LOC283553,-0.024735721477020047
FLJ39534,-0.024843830642700383
HBE1,-0.024998535396604613
LOC100192204,-0.0251766173329539
FGFBP2,-0.025538668963815656
GPR84,-0.025571831642207114
GPR143,-0.02567460221158146
HSPB3,-0.02570371624050816
C8orf42,-0.025736763076200944
LOC100507186,-0.02578702128332428
C16orf95,-0.026089639582500906
FBXO39,-0.026132518070325524
OMG,-0.026349480421282705
RGL4,-0.02641700034392932
SEC23B,-0.026726397223164507
C12orf4,-0.026974765162247692
USP4,-0.02716860179092783
FBXW5,-0.027211902931578838
ZHX2,-0.027230314676468453
ZNF718,-0.027614927213938354
EXOG,-0.028143152979172047
TAF2,-0.028189368126854943
LOC388242,-0.02821906376497824
C10orf12,-0.028335817092215124
REEP2,-0.028638788584260978
STRA13,-0.028864513714941552
SNORD10,-0.029041531475670238
ALK,-0.029214272019456484
STK32B,-0.02927560242335615
CXXC5,-0.02968179577202849
SLC12A8,-0.030018005959767027
LGI1,-0.030071708252900703
C12orf10,-0.03013529572933875
CA4,-0.030708459816616362
ATP6V0E2-AS1,-0.030710190356805615
BAG5,-0.030763964594649168
ZNF324,-0.031047963485234666
LOC100652988,-0.031049563074713644
COMMD9,-0.03109125545329362
SH3BGRL,-0.031156935424012197
URB1,-0.03134071277326308
LOC284578,-0.0313440656827875
IMPA1,-0.03147796601259924
TTC7B,-0.03148785756051138
REG1B,-0.03150153275209287
FBXO48,-0.03176191467829045
ARHGAP31,-0.032064804833875325
OR7E156P,-0.03211578487979463
C14orf64,-0.032176634643481354
DSTN,-0.03235208999809669
DKFZp451B082,-0.03243293147734933
GJA4,-0.032488730214009436
CACNA1H,-0.032519220740317684
STX19,-0.03299518462364921
C16orf45,-0.03318678097517471
PDXDC2P,-0.03335289763990183
SUPT16H,-0.03339272551460098
FRS3,-0.03354119532319898
DDHD1,-0.03395334183192644
C5orf24,-0.03412855228675592
ST6GALNAC6,-0.03415808363841532
GEM,-0.034338340132004944
PHF15,-0.03445587857732491
ACOT6,-0.034470718778603845
PTP4A3,-0.034504872305019155
NDOR1,-0.03457038776028708
PTCD2,-0.03460150810952824
CLIC2,-0.03469051454088948
OSGIN2,-0.03486035087700658
PODXL,-0.03516751695632727
C18orf26,-0.03534979558370526
SERPIND1,-0.03597994223458265
IFITM10,-0.036121935628186205
DLEC1,-0.03618829105004246
LOC100652798,-0.036859930364874297
DDRGK1,-0.03698054071795262
C1orf133,-0.037209300882941825
ZNF671,-0.03749929712395959
MLEC,-0.038170510619914215
TSC22D4,-0.038604744517100366
ALG12,-0.03861680250743414
CD74,-0.03862323435175184
SPARC,-0.03863615293742841
LOC144742,-0.038720623543620186
MLL5,-0.03882179789181728
FAM114A1,-0.038831934434720834
MRAS,-0.03923425924451332
BCYRN1,-0.03931139993970768
LOC100506882,-0.03931738448700129
ANKRD17,-0.039605975602868555
ALG13,-0.04007504922452052
BMP4,-0.04024671032615851
TAF1,-0.04025453132632767
HYAL1,-0.04030948140357793
OSGEP,-0.040358700119853604
GLRX2,-0.04042562447244965
NEAT1,-0.0410065827122739
DNAJC9,-0.041398110102375686
UBN2,-0.0414813144875207
SNAP47,-0.04158301612682643
HLA-DQA1,-0.041601344328617056
LOC729080,-0.04183924037674314
UBE4A,-0.04185007306892981
TEX11,-0.04195024000535786
C9orf38,-0.04218174118248741
LOC100506285,-0.04227148103699509
LOC100505783,-0.04228599247949767
CCDC65,-0.042352279722311335
TTC1,-0.04246846074893867
SLC4A11,-0.042591474486092545
DEFB109P1B,-0.042650299731739214
SUPT7L,-0.04268906735809828
ANG,-0.04278505284869164
LINC00320,-0.04314266196838313
ADD2,-0.043143019872328665
GPRIN1,-0.04318750368556884
ACSL3,-0.043208637777297866
GPR124,-0.043299737980363684
PDCL,-0.04336984898472804
LHFPL3,-0.043443260628682576
CSDAP1,-0.043491381193095764
SLC39A3,-0.0437914955009377
PHF5A,-0.04379200883006941
TRPC5,-0.04406830269849789
RPS17L,-0.04413846812190329
RBM27,-0.04484952912417542
PTRHD1,-0.04503577376441591
FER,-0.04512056500391994
PDE12,-0.04526397987054275
ZNF721,-0.045416971104247694
TSHR,-0.045454558009762946
ZNF484,-0.0455501518062507
SP3,-0.046028695744065214
DDX26B,-0.04604250474702873
EIF2B4,-0.04621346635340662
CHRNA9,-0.046296935132353494
PPP1R1A,-0.04647868783563626
ABCB1,-0.046661041986187986
ARMC9,-0.046691122219709315
ACAD9,-0.0471156878843818
BANK1,-0.04737010913190085
CHD3,-0.04744086926068538
DHRS9,-0.047601009250154744
RIC8A,-0.04832483698716818
ZNF335,-0.04858042798359745
SNORA70F,-0.04861018249362503
RHOH,-0.04895901563581467
FANCC,-0.049085263214057574
S100P,-0.049576792399357125
MAST2,-0.049671414516079905
EMILIN1,-0.049794416038178364
CPLX1,-0.0498264476330743
SEMA4C,-0.050024399791967024
CEP170,-0.05009768350242947
PCMTD1,-0.0503265730727517
RPS4X,-0.05080533004482192
OBFC1,-0.050837326073441956
MRPS17,-0.050897622672117324
SH3BP4,-0.05100324260907177
FGD5-AS1,-0.05121789992089809
EPC2,-0.0513677102019636
KCNC4,-0.05144409996632134
C18orf32,-0.051703087705321345
RESP18,-0.051966688591931445
CIB2,-0.05214178245132892
HIATL2,-0.05219462268949558
RRN3P3,-0.05241950228718943
MIR147B,-0.052731626227410254
S1PR1,-0.05316030479734979
LOC730268,-0.05318294953745265
UBXN4,-0.05327689490719559
TGIF1,-0.05351641608613892
IL33,-0.05420645129776349
SLC38A7,-0.05423573602210702
LOC440297,-0.054351144024314416
GRIA3,-0.054686198677447735
C11orf48,-0.055123864180312954
ELMOD1,-0.055129114351054
GALNT6,-0.05521932185870912
FIBP,-0.0552582941372558
XYLB,-0.055390628749166046
TDGF1,-0.055421561855779254
ABCB7,-0.05547742413607224
HAUS1,-0.05553398610521046
CBX1,-0.0557659236627149
DES,-0.055798772976746056
PI4K2A,-0.05587336171051814
SEMA3E,-0.05590657050112434
FAM134C,-0.055955456156348844
CD1C,-0.05614775223396869
MAL,-0.056781310137500825
ECRP,-0.057204566897011505
DENND4C,-0.057444889671920976
INE1,-0.05746741650856316
SSRP1,-0.057726014872552835
ZBTB37,-0.057737586451118046
TCEAL1,-0.05837535185895316
LOC100507539,-0.05850050658820363
LOC219347,-0.05853797793019058
COL4A6,-0.05871315469638885
AGRP,-0.058810487977087954
TP53I13,-0.059241287156526906
RAPGEF4-AS1,-0.059593872017984814
C6orf89,-0.05973478540956967
SH2D1A,-0.059908572366195935
LOC100505555,-0.059999945569470414
ANGPTL4,-0.060043912490475373
LIPA,-0.06039252950875775
FTH1P3,-0.06051997270662665
RAB33B,-0.06066847193837912
PRRC2C,-0.060898206152146826
PHYHIPL,-0.06102955694472783
POLD2,-0.061131177237886615
KLF13,-0.06142011724152073
VSIG10L,-0.06167980609320755
FURIN,-0.061758803376467074
SELM,-0.0619453188042932
LINC00592,-0.061962094662557955
PRKG2,-0.0620303754361827
SNX19,-0.06238361961026943
ARHGAP32,-0.06252880134847713
FLJ46066,-0.06298826996923589
KPNA5,-0.06317518870843017
KIAA1737,-0.06322100322417454
SOS1-IT1,-0.0632695194100367
SNORA6,-0.06347461124163058
NF1,-0.0638446000968319
TNRC6B,-0.06444447805767164
PDCD7,-0.06449637982736581
BEND6,-0.06461937181132822
LUC7L2,-0.06462623320032024
CCDC93,-0.06466643493531937
LOC100506235,-0.06479218376105343
GAPVD1,-0.0648691586458426
ADHFE1,-0.06515366841953511
STRN4,-0.06527440209186369
NCSTN,-0.06584511804774693
LY6G6D,-0.06640573024559708
GET4,-0.06642940129261651
KIF27,-0.06668616562681716
ABCG2,-0.06670411272415631
LOC100130992,-0.06705786919370335
PFN4,-0.06720410138260346
SCML1,-0.06726812533034493
FAM132A,-0.06733224298268282
MAN2B2,-0.0677527950125222
BRD3,-0.06786962807585581
XAB2,-0.06810898244155375
HNRNPM,-0.06811714505815077
LOC286359,-0.06832665721853035
AMMECR1L,-0.06839900365460555
GPS1,-0.06889144632745052
RBMX2,-0.06904619325325853
DNAH14,-0.06914244056907415
PARP16,-0.0693857659132718
CHAMP1,-0.06943907932003583
ADCY3,-0.06985324512638039
CSF1,-0.06990038374093653
ACADS,-0.06996019575852513
LOC100505622,-0.07030895220028888
VRK2,-0.07046215758527216
ELTD1,-0.07051168570565347
BAZ2A,-0.07124346271339306
ING3,-0.07135731285215076
LOC100506980,-0.07143474738031635
SLC25A25,-0.07161631985933421
IBTK,-0.07162185418179014
ZNF486,-0.07178238641841111
WDR19,-0.07185657659065346
FUCA2,-0.07190062273097153
TBC1D20,-0.07215683283867957
CENPI,-0.07251267680455026
LOC100506476,-0.0726090056032637
P2RY1,-0.0729741534530441
FEZ1,-0.07308069019307399
ZNF254,-0.07320112542306494
ZNF175,-0.07320441761580439
LOC100130451,-0.0732994813582822
CSRP1,-0.07347404206480959
POLR3D,-0.07352226000010857
SPOP,-0.0743406882724031
AMDHD2,-0.07444073031890537
LOC100506791,-0.07453992244467897
TMC1,-0.07516210267525973
CYP2R1,-0.0751962393733845
CAPSL,-0.07553574145981645
RABGAP1,-0.07560205244589777
EPHA1-AS1,-0.07567293106770251
LOC100128857,-0.07576620378962867
IFIH1,-0.07595049381915206
LNX2,-0.07598101698597125
MERTK,-0.07605333103358168
RPRD1A,-0.07615543914321977
SGPP1,-0.07619559397769836
LOC100507424,-0.07623241252251164
SLC27A5,-0.07628222641541046
SLC11A2,-0.07640812542257311
FADS1,-0.07678714475808472
SLC26A2,-0.07697963779251162
ZDHHC17,-0.07706684779531332
ASXL2,-0.077314087580266
TCF25,-0.07732405891050394
ZHX1-C8ORF76,-0.07737474402239657
ZNF552,-0.07762688791696543
SNORA40,-0.07768015122031594
MYBBP1A,-0.07816136716162303
EIF5,-0.07830538429436985
DAB2IP,-0.07853862995357098
C7orf66,-0.0785447815978
STX6,-0.0787379976571125
KLHDC2,-0.07898236506289467
ZNF606,-0.07904673377787548
EGR2,-0.07907572680896843
PARP8,-0.0792427124681581
TMEM180,-0.07936745605851586
ING1,-0.07941737247306166
C11orf30,-0.07942232453757174
MARCH1,-0.07949673891088319
NCOA2,-0.07973335266602782
TMEM106B,-0.07983128702120787
LOC541473,-0.07987478047493411
ELP3,-0.08016346551726107
CYP51A1,-0.08020060748335403
ARHGEF25,-0.08060356197286911
NR2F2,-0.08066503978052456
EXOC7,-0.0807830319003978
P2RY8,-0.08102673768839354
PIEZO2,-0.0810997905908492
TCEANC,-0.08111093297189774
FAM227B,-0.08128116639725737
FOLR1,-0.08139134044990746
SCRG1,-0.08141250042293069
LOC100129858,-0.08151185074365941
LOC653712,-0.08168848711091022
MAPK1IP1L,-0.08201474780236728
SEL1L,-0.08216975339618907
EMCN,-0.08243329520884159
KIFC3,-0.0825575937733483
CTSO,-0.08278451534453744
ABCA8,-0.08289167360156519
PYGO2,-0.08311998164270992
RAMP2,-0.08336284312232856
ANGPT2,-0.08340107408360796
PARD3,-0.08369757208820654
DIAPH2,-0.08459733218029422
GUCA1A,-0.08475629786412572
LINC00475,-0.08493938037922172
CCDC171,-0.08520453108803595
NAA10,-0.08530051378665023
IL10RA,-0.08531188784579427
KLHDC8B,-0.08531532233808509
C8orf34,-0.08534280643513473
NFE2,-0.085709844855767
PLXNA2,-0.0860083314939122
ZDHHC13,-0.08610336824389568
VHL,-0.08618467765684455
EIF2C2,-0.0862838991102275
WFDC1,-0.08630017272534804
CDCA7,-0.08631850728125216
ARHGAP24,-0.08636889542806214
FANCB,-0.08673465136014719
GRIA2,-0.0869401993539803
TNFAIP2,-0.08733463064475154
FAM50A,-0.08749573468575818
DIAPH1,-0.08802375408819875
RSAD1,-0.08812638679587496
MRFAP1,-0.08833377641242593
GRID1,-0.08836196423700356
BTLA,-0.0886882192602395
TMEM62,-0.08875427277801974
C16orf91,-0.08891317459204001
TPD52L1,-0.08894341947160798
FAM109A,-0.08894359484552104
SPATA20,-0.08910143257718864
LDHA,-0.08921884353260386
VPS37A,-0.08927958589174366
LOC100506433,-0.08946976903669439
CFI,-0.08957510355154139
MMAB,-0.08963320118162987
LOC642236,-0.08972261487032793
FAM76B,-0.09002425049783104
MIR1304,-0.09035599728708253
ZNF826P,-0.09053081844532114
GGCX,-0.09077012227067548
ENKUR,-0.09110359201966643
MNS1,-0.09126345300536721
SREBF1,-0.09150252927764999
IL17D,-0.09158568290807496
TUT1,-0.09159239511459981
HTR7,-0.09170889754690711
FHAD1,-0.09196001177266748
IL17RC,-0.0920526756326798
REXO1,-0.0921107268722538
HESX1,-0.09246373932029162
LATS2,-0.09257192235217929
NUCB1,-0.09273924762204887
PJA2,-0.0932219196878493
LEFTY2,-0.0935235603529292
FN3KRP,-0.09402716522744961
TOR2A,-0.09410209130994159
TMC7,-0.0942611661688601
CMTM1,-0.09426915590425047
SLC7A3,-0.09428327517134069
TM4SF18,-0.09432543989443161
NCOA1,-0.09454712188199181
HNRNPF,-0.09456448036377355
LIAS,-0.09476671859237135
GBGT1,-0.09482950672019777
HS1BP3,-0.09500207262276344
METTL21C,-0.09504636086421099
UBN1,-0.0951741917596601
C17orf75,-0.09571610954633702
MIOS,-0.09577140907304381
ABCC13,-0.09585472657547088
RBM4B,-0.0960941880528161
CENPK,-0.0965354568391891
USP20,-0.09686351613400696
C1orf122,-0.09702828026235766
PKD1P1,-0.09719411455297682
NCOA3,-0.09720310328734497
C19orf54,-0.09726752232397515
PLEKHM1,-0.09731213912375497
CMPK2,-0.09732547219798605
SAMD14,-0.09735876184297391
PANK2,-0.09739814049621187
GZMH,-0.09775053186152288
FOXF1-AS1,-0.09781671337575959
PLCH1,-0.09795329638744348
LOC100130357,-0.09796760290023482
AK4,-0.09803095120944455
MORN1,-0.0982555405153646
LOC390956,-0.09851602171096642
EXOSC10,-0.09866775982409122
SMG9,-0.09879881541745054
NDST2,-0.09881692554864756
HOXC5,-0.09883571392424056
ATP6V0A2,-0.09892923373137666
UBE2K,-0.09894627244273746
MRVI1-AS1,-0.09899423251767467
GNL1,-0.09901155247434514
NELL2,-0.09924928707139132
MIR4500HG,-0.09929098284196129
PP7080,-0.0993046426258207
LOC100507584,-0.09954590313621366
SNX13,-0.09970704497445251
SET,-0.0998527141743959
RAPGEF6,-0.09993392102253595
SERPINE1,-0.10030687037229204
ZNF252P,-0.1003223329338014
VPS13C,-0.10049247096673064
LPIN1,-0.10087324910077262
LOC441242,-0.10088452354470229
ABLIM3,-0.10102911790852777
MC4R,-0.10107203881267453
SLC25A12,-0.10139019134066571
PROCR,-0.10183361283009197
ADAM10,-0.10216396889038362
HDHD2,-0.10257775098520273
PARP1,-0.10274349363034901
ECI2,-0.10289105132924561
GALK2,-0.10311156597221977
CACNG7,-0.10372128631512044
AOC4,-0.10383794747475412
C5orf27,-0.10386071589219385
GAS2L3,-0.10402737479499813
LINC00521,-0.1041775325191302
HIST1H2AJ,-0.10425085173712158
PKDCC,-0.10441136978695639
ZNRF2P1,-0.10469488896156393
SGSM2,-0.1049187619872577
ARHGAP28,-0.10496286099671262
CCND3,-0.10530583332896296
CYSLTR1,-0.10555832914777093
CEP135,-0.10563703045268827
DNAJC5,-0.10657112514908536
CXCR6,-0.10677952810907784
ZDHHC18,-0.10683597403786371
LOC100507283,-0.10687260670052588
CGN,-0.10691674174808048
MIR302B,-0.1069393572208627
SOX3,-0.10697412661099973
DNAH7,-0.10758154308732311
NR5A2,-0.10765923124131503
TRUB2,-0.10799606803244183
GALNT9,-0.10806418077063346
RB1CC1,-0.10818671336377804
C16orf13,-0.10831647117129255
LOC642929,-0.1083452420335497
LRRTM2,-0.10865546845751277
TAC4,-0.10875346523128507
GOLGA7,-0.10875358166522665
RPS29,-0.10967664001058312
KIAA1731,-0.11003050159470038
KCTD2,-0.11010656176557496
ARL6IP1,-0.11060008323322869
SELE,-0.11078255836542933
TYW3,-0.11093344294454573
LOC283547,-0.11094711108699402
SNORA81,-0.1110085776945528
HIST1H1E,-0.11102867640511391
C9orf156,-0.11107552701027085
ZNF699,-0.11135462759596107
TLE1,-0.11144860324849913
TRPM4,-0.11145266153545762
CLSPN,-0.11175641785537828
C12orf60,-0.11205194543233282
UBE2G2,-0.1124436832993782
CLN3,-0.11250001617426378
FLYWCH2,-0.11261422133829167
REEP1,-0.11263897803991325
IL6,-0.1129713392022577
ARIH2,-0.11330290993069227
C20orf11,-0.11361746629349825
PPP2R5A,-0.1137803284399657
WDR6,-0.1139616360927675
ATP8B1,-0.11422444578271126
EPHX1,-0.11427176496711612
ATP13A1,-0.11433487271779162
LRRC66,-0.11436316570167544
LOC100507288,-0.11444312710720235
ZNF442,-0.1145065118631183
PPAP2C,-0.11455935251925067
SAMD15,-0.11470726611297893
MIR1273D,-0.1147150042585157
FLII,-0.11495855012717211
HTR7P1,-0.11501179780184037
LOC100505851,-0.11504958814622444
GTPBP10,-0.11521925147137732
SMPX,-0.11524785457724339
THUMPD2,-0.11542715931149318
CREB3L2,-0.11633958115706024
RECQL,-0.11651986641065225
KCTD9,-0.11666944933779744
F2RL1,-0.11673245721180181
PPP1R42,-0.11695254143464968
SH3RF1,-0.11707086406499025
SNAI3,-0.11710415635279106
P2RY10,-0.11750030979381644
ZNF213,-0.1179134707953099
HIST1H2BO,-0.11806075543190074
COL4A2,-0.11835597039063167
LOC155060,-0.11860044114508571
ZNF816,-0.11866969803131963
RPS6KA3,-0.11870278312972725
CYCSP52,-0.11870630717197442
ALPL,-0.11874289279109858
KCNH5,-0.11905839357995555
PKNOX2,-0.11915283795680652
TYMP,-0.11920580567353929
HMGXB3,-0.1195405193641119
RFT1,-0.11966939064404117
TAF3,-0.11976583346368631
GIGYF1,-0.11985963683716776
MRPL40,-0.12047989426495105
KANK4,-0.12068087909394037
SUV420H1,-0.12070825001657301
HTR3B,-0.1207503658593192
CTSL1P2,-0.12117066503065838
COMMD5,-0.12136949327671613
PPIL4,-0.12141935132379844
PI4KAP1,-0.12144377853821625
MPZL2,-0.12158682661642994
FBXL15,-0.1215976705924541
PARP2,-0.12166628690768888
SMC1B,-0.12169189533352567
TM2D2,-0.12266231433085002
LIMD1-AS1,-0.12279050722261807
CES4A,-0.12321673288341083
ZC2HC1C,-0.12341538564727253
DUSP18,-0.1236061885345337
SMAD5,-0.12361693550428275
PAQR5,-0.12364359237599429
LOC401074,-0.12370921586299043
BHMT,-0.12394047940185796
LOC100133308,-0.12401180041890417
RPL10,-0.12402903229036276
SRPX2,-0.12406084053928915
FLOT2,-0.12407544240746639
SPNS1,-0.12443323122412886
MGC45800,-0.12479273023679663
PARD6B,-0.12485563740257129
SLC47A1,-0.124904257417014
SPATA17,-0.12511823113344675
ZNF774,-0.12553250762672738
SCAF8,-0.12598378959795847
LDB2,-0.1261093387600395
ATG4C,-0.12618492210875287
DHRS1,-0.12635143777615837
IFT46,-0.12710399286602586
MORC2,-0.12714655544944845
TSNARE1,-0.1274160750537641
ANO10,-0.1275701685997854
CAMK2N2,-0.12765125000283453
SMURF2,-0.12807259948632718
LOC100130476,-0.1283468118989202
SLC9A5,-0.12851571749151638
LOC100652838,-0.1285792086567434
CLDND2,-0.12865523953410044
DKC1,-0.128695613071141
ZNF416,-0.12882722090237744
OBSL1,-0.12887342011369846
IFIT3,-0.12902116994107962
NUDT16L1,-0.12912775724075565
ZNF862,-0.12942766618222812
LILRB4,-0.12951409229237446
BOLA3-AS1,-0.12970303340014533
GEMIN5,-0.12975141267495072
ITPKB,-0.12989545602333502
USP47,-0.13063488555984176
DHRS11,-0.13068200339179822
CAHM,-0.1310442704670301
LOC286437,-0.13125433893987085
GRAMD4,-0.13126703676350102
DEFA1,-0.13128701767182077
DEFA1B,-0.13128701767182077
MGC11082,-0.13132605088980626
RPRML,-0.1313741899447926
STK36,-0.13139193815011374
ANKRD10-IT1,-0.13183471504880076
ASPSCR1,-0.13200450909014377
MYADM,-0.13203853291164883
CC2D2B,-0.13224198142458596
LOC100652731,-0.13240788324332822
DOK1,-0.13286543610024001
KIAA1908,-0.13294499147325414
LOC100505634,-0.13382034715003302
ZNF181,-0.13390085970694102
STARD7,-0.1339830732099318
SEZ6L,-0.13410755451964693
C20orf72,-0.1342385118854607
MKL1,-0.13454568684233587
DPF2,-0.1349595995923234
SUV39H2,-0.1349994742815117
DOCK7,-0.135055144586572
LOC100216479,-0.13519346579631383
LOC643201,-0.13528308054645724
ADM,-0.1355225682072983
DENND1B,-0.13553059755820474
RDH10,-0.1360940296963723
FBXO10,-0.13658471738531727
PDZD7,-0.13670193245886617
DNPEP,-0.13676491657013273
MTAP,-0.13679530761873426
HNRNPH1,-0.1368268297399897
LCAT,-0.1371157601031633
EGLN2,-0.1373545525829876
GGA3,-0.13738934731660069
ZNF410,-0.13756978585564542
LOC440354,-0.13777904704858068
SETDB2,-0.1383916830497794
LOC100507664,-0.13851134254450498
CTNS,-0.13879797085220905
OR14I1,-0.13890422933936186
ACY1,-0.13891728609405515
MT1G,-0.13895981711991395
LOC554206,-0.138991209220977
LOC100652854,-0.13925104825547754
RAB34,-0.13927413232968205
LOC728407,-0.13938664734309256
SALL2,-0.13953605799411561
PEX14,-0.13958120932544812
LOC100131347,-0.1396468867773057
LRRC45,-0.13965315136128142
JAK2,-0.14018450258980467
GM2A,-0.14030028414095322
BTN3A2,-0.14036114845182368
SULT1A3,-0.14050590262328502
ZNF395,-0.14070902011566785
ELOF1,-0.1409055087009107
LOC100506193,-0.1409259371436184
GNMT,-0.141072222517915
RGL2,-0.14120428528308013
FLJ39639,-0.14134164809716096
DKFZp779M0652,-0.14157392204035965
ELFN2,-0.14171766633644148
HDHD3,-0.14176978572411497
RSPO2,-0.14180403474579192
COL6A1,-0.14186686158775255
FLJ11235,-0.14192591112124336
CDK11B,-0.14193557812711174
OR2A9P,-0.1420543472702021
ZBTB20-AS1,-0.142061382628052
IKBIP,-0.14234868808588708
KIF25-AS1,-0.14261150193928523
DNAJC1,-0.14273543396614424
TBX15,-0.14287086931084997
FAM92B,-0.14302854585460742
CPN2,-0.1430875630710606
CDC42EP3,-0.14345926779264123
ITGB3BP,-0.1435391322721594
CHCHD5,-0.14400481680150495
HORMAD1,-0.14411849710062855
FAM125A,-0.14419367723095067
ST7-OT4,-0.1442097378266119
DLEU2L,-0.14493652963964931
ZFYVE16,-0.14494315949614306
AKT3,-0.14508512540312296
ARHGEF15,-0.14519955836740284
PRKCH,-0.14529608623713441
POLR3C,-0.14553661023752035
GUSB,-0.14585951890912074
LOC647107,-0.14602104286790343
SH3RF3-AS1,-0.14603375904817625
LOC399491,-0.14643734310392972
FBXO4,-0.14648128662752646
WHSC2,-0.14656617726399793
HCG18,-0.1467490058990894
ZFP90,-0.14738943345619349
GAS5-AS1,-0.1481565328837862
SND1-IT1,-0.14816547893899384
IGSF5,-0.1489133171418297
KIAA1755,-0.14898323179497822
CATSPER2P1,-0.14910730590805846
PODN,-0.14913069875388305
CXCL16,-0.1492692338111909
TFIP11,-0.14928926437699638
AP1G2,-0.14962825955581138
C3orf78,-0.14967024147476707
TBC1D10B,-0.1497067602076615
MCM3,-0.14979181644991899
SHISA9,-0.149830117978431
SEC22C,-0.14994329501727025
BTG2,-0.14995948130849898
COPE,-0.15003965964552873
RERGL,-0.15014100706708441
RHBDF1,-0.15052480292549797
TMEM115,-0.15054391928691754
ATG16L1,-0.15079424515451456
TACR1,-0.1514921206588985
AUP1,-0.15150114547054952
RAVER2,-0.15155181837266601
PPP3CC,-0.1518472401333027
LOC100506610,-0.15185751942809578
NIN,-0.15186823546548114
MZF1,-0.1519475955883911
FAM178A,-0.15212106138140088
NDST3,-0.15245906234015782
DPYSL2,-0.15272224084036376
NRP2,-0.15276686282629598
DIP2B,-0.15286545806372914
IL18BP,-0.15293034171808392
GLRX,-0.1530322874987294
FAM32A,-0.1534526617671947
RAB31,-0.1535604451196472
CLN8,-0.15394581415496658
KIAA1804,-0.15417014858857925
RPS9,-0.15440156150924045
FBXO46,-0.15443929257721578
CCDC101,-0.15445923160277322
AGER,-0.154555667280418
SFTPC,-0.15483825965680614
KNTC1,-0.15539058836674008
ATP11C,-0.15540943942669325
RPAP1,-0.15550558046835447
RAP2C,-0.15587394610258387
MLPH,-0.15607513593190342
MMP28,-0.1566889201623883
CEP85L,-0.15673345024611657
KLC2,-0.15729792236385795
FKRP,-0.15735549345205357
EXTL1,-0.1573672195859693
SPRYD4,-0.15761178505829368
SEMA3D,-0.1577338757971533
SSH2,-0.1580137747415463
HERC2,-0.15821791434181123
FAM189A1,-0.1583243085171889
TREML3P,-0.15855213537346535
RPS16,-0.15886713611791947
CUEDC1,-0.15886984086003783
DSN1,-0.1590680084463624
UNC50,-0.1590705568364143
CCDC144NL,-0.1598879244562165
ETV1,-0.15998534022173802
TCF15,-0.16002168523136157
ATP10A,-0.16047282158615062
APBB3,-0.16050389206383828
SRSF4,-0.16062800290489151
PSPC1,-0.1606586317905392
PEAR1,-0.16070899329228225
SERPINI2,-0.16079609428984543
EIF3CL,-0.16092901975938886
PATZ1,-0.16096373357239221
RANBP17,-0.16143261878152534
LOC730257,-0.16162074217953326
TXNL4B,-0.1620747178627829
ERVW-1,-0.16231102168726536
UBAC2,-0.1628621050417718
CPSF7,-0.16302100686778076
TFF3,-0.1634156049511213
BYSL,-0.16373145387414323
KCNMB1,-0.1639040591202083
RELN,-0.16410749621842222
AFTPH,-0.16435406028239424
ANKRD32,-0.16478048783372687
SYNJ2,-0.1651366733742863
PADI4,-0.1653626729622769
C22orf29,-0.16540179625703466
EDN2,-0.16554396608734204
KLHL14,-0.16577266887134434
PXMP2,-0.1662102287935434
PEBP4,-0.16624541304432766
EPB41L1,-0.1663560457748829
C5orf28,-0.16637835159500045
SGTA,-0.16652049817094938
TMEM43,-0.166525968982099
PCBP3,-0.16672594271521685
WDR60,-0.16677800931641829
SLC25A48,-0.16709907786138553
POLL,-0.16738338687573617
SPECC1,-0.16768598233342247
LIMK2,-0.1678282418625883
RALGAPA2,-0.16785720264638745
ANXA1,-0.16840502782428313
APP,-0.1684487505501623
SNORA59B,-0.16846163525190153
SNORA59A,-0.16846163525190153
NUP62CL,-0.16848185873769606
VMAC,-0.16876009980404708
GALNT10,-0.1689355270927565
COL22A1,-0.16913067132587187
LOC90784,-0.16918727531441166
UROD,-0.16923154534497473
CRB2,-0.16930773632048232
POLR2M,-0.16933270661755304
KRT80,-0.16966815578340652
BNIP2,-0.16970190669066199
TMTC1,-0.16979007758999165
EGR1,-0.16981701956628148
HRH3,-0.17008051349110165
USP28,-0.17011521330054258
DGCR14,-0.17066335058708462
LOC728888,-0.17113687869212507
OXA1L,-0.17117736824181373
SPAG1,-0.17119012281491303
AKR1C2,-0.17154012423925602
GINS1,-0.17173802753247389
UQCRBP1,-0.1718131033828261
ZNF462,-0.1722045201682751
SCRN1,-0.1724869188652378
CECR2,-0.17266458816164623
KLC1,-0.17269600359183426
FAM195A,-0.17274125207173072
LOC400084,-0.17354349081686887
ZNF551,-0.17407238727014382
HEXDC,-0.1741746594853768
SOS1,-0.17430321520183736
ADRA2C,-0.1744273850014795
GPR88,-0.1745007692963841
MIR4680,-0.17452115183379507
PCDHA11,-0.17457621337495766
TFB1M,-0.17458949177228003
PPDPF,-0.17506306450670928
FAM105B,-0.17514097096169956
SIN3A,-0.17547599165390856
STAT1,-0.1756906894036172
GUCY1A2,-0.17603250071625726
OSTN,-0.1760662650445857
PET112,-0.17610419316973192
C11orf2,-0.1762637401582642
ZNF83,-0.1764106912511779
ZMYM5,-0.17643856506359173
TMEM18,-0.17707266981831182
LOC644656,-0.17707273233190957
THBD,-0.17725881097255985
B4GALT1,-0.17741252079488917
SHISA5,-0.17767325429085007
MPO,-0.1778881836782321
MIS12,-0.17807849965195138
SEMA3G,-0.178391397377026
TMUB2,-0.1785746391027589
GALNTL6,-0.17876457708697852
UBE2Q2P3,-0.17879551860482093
COX8A,-0.17881820636352636
LOC100652989,-0.178940979333087
FZD3,-0.1791594626394868
KCTD5,-0.17945025985431468
IFFO2,-0.1795233645773814
NSUN7,-0.17967079050062906
C14orf1,-0.17968369614898658
ANKRD23,-0.18000639377931785
COA5,-0.1801701161617219
NIPA1,-0.1802810854955893
DKFZp566F0947,-0.18038070906475706
RGS7,-0.1805749059508013
ABHD4,-0.1806763157645572
MAP4,-0.1809942797327073
LGALS12,-0.18134458448863292
SLC9A1,-0.18162156435360746
SIK1,-0.18167676346298114
NDRG3,-0.18185563615309377
MYEF2,-0.18195856443809608
WNT7B,-0.18229332769241882
FBLIM1,-0.18260690991240552
ZNF835,-0.18261422596488053
FOXL2,-0.1826246057732733
SRCAP,-0.18291818736661547
RUNDC1,-0.1830242594547372
C4orf21,-0.18307782735018058
LOC100506776,-0.18310532249743647
ATAD3A,-0.18330574290447899
ST6GALNAC1,-0.18347155075310165
CBR3-AS1,-0.18388985838241492
LOC284889,-0.18433300106066977
SLC39A6,-0.1843751917690556
MRPL9,-0.1844363632667457
DNASE2B,-0.18448027535841124
CA2,-0.18461383840798493
LOC100506939,-0.18461932361143285
UTP20,-0.1846244459573883
ULK4,-0.1847291657601844
ARHGEF11,-0.1851441859108444
EFHD2,-0.18521482730911867
RN5S5,-0.18521543152574424
RN5S1,-0.18521543152574424
RN5S8,-0.18521543152574424
RN5S11,-0.18521543152574424
RN5S3,-0.18521543152574424
RN5S2,-0.18521543152574424
RN5S17,-0.18521543152574424
RN5S10,-0.18521543152574424
RN5S7,-0.18521543152574424
RN5S4,-0.18521543152574424
RN5S15,-0.18521543152574424
RN5S13,-0.18521543152574424
RN5S14,-0.18521543152574424
RN5S12,-0.18521543152574424
RN5S6,-0.18521543152574424
RN5S16,-0.18521543152574424
PRKDC,-0.18602072790340884
ZNF451,-0.1862040476592933
C1RL-AS1,-0.18623803096704658
B3GNT8,-0.18644983008040394
MAP4K1,-0.18651851261810704
RTF1,-0.18686528368838196
TTLL3,-0.1873165320231171
LOC255167,-0.18732485567308263
AKR1A1,-0.18741421072007725
MAFK,-0.18759118385421442
RPS27A,-0.18779336796016535
MEG8,-0.18814121058935612
GREM1,-0.18818334101807677
MIR3648,-0.18841779148773874
EEF1B2,-0.18854091883953272
LOC100506662,-0.18882807755971842
LOC100093631,-0.18908092243709473
LOC100505950,-0.18911244128644553
BCL3,-0.18927468920011126
NME4,-0.18930004959678312
JMJD4,-0.18934245408673597
DGCR10,-0.18939945775719003
LRRC3B,-0.18947912430402988
VPS54,-0.18990511799241025
LOC729950,-0.19000705470936957
MSH4,-0.19015173959231943
PLAC9,-0.19022668139086796
HOOK3,-0.19040588997794572
C1QL2,-0.1905837138398651
NLE1,-0.19068771024068884
BEND4,-0.19069000975115127
PPP1R9B,-0.19106573879569655
CHMP4A,-0.19124773260444602
RPS6KB2,-0.19138608650363334
METTL21B,-0.19164282059504287
LOC100506848,-0.19175481593969443
LOC100133091,-0.1918838017909352
MGC39545,-0.191976231483963
CNTNAP1,-0.1922795983340993
CYBA,-0.19247355783889153
BGN,-0.19250621203941456
PDZK1IP1,-0.19265001182068112
CDK12,-0.19286388096793042
DPY30,-0.19313436842814738
KIAA0195,-0.19358187598277737
RIF1,-0.19361588331875998
LOC100129961,-0.1937838535207029
SENP6,-0.19380471777112754
C16orf73,-0.19386892470955805
LINC00313,-0.1938958878218546
ZNF704,-0.19404730250402957
IMPG2,-0.19409357034372024
RPL18,-0.1942548004840346
LOC100507642,-0.1945166618690327
IQCE,-0.1946733693520192
RBM33,-0.19477792289125107
ELF1,-0.1948471962220596
NOL6,-0.19484903988962274
RFNG,-0.1949257514401634
MOV10L1,-0.19532480480252346
PPP1R1B,-0.19542631867795413
PI4KB,-0.19555501695908614
GNL3L,-0.19556073612875188
CPEB4,-0.19560145339146862
LOC100506294,-0.1956392181428855
UNG,-0.19583329550915085
ZNFX1-AS1,-0.19610489269335082
CYP19A1,-0.1961337420993953
CTF1,-0.19633070375890904
ARHGAP39,-0.19692987798633454
CPS1,-0.19709948775229952
DNAJA3,-0.19716092008350047
LRRFIP2,-0.19718695187271276
BCL9,-0.19760529864084306
SOGA3,-0.19767605953401335
GAB2,-0.19773136045505466
THOP1,-0.1977404750929216
ZBTB24,-0.19815326503032982
HEXA,-0.19816662233064422
MMP10,-0.19836874079596298
PGA4,-0.1984799177872
PCDHB5,-0.1990645299491246
DHODH,-0.19943584873864023
CTU1,-0.19944088751977262
CYP4F12,-0.2005018830622589
SSSCA1,-0.20066360867254857
LOC100506057,-0.20082620674880186
C21orf2,-0.20152657352053685
EVI2A,-0.20156539114599387
SLK,-0.20165422029998845
KCTD18,-0.20183046795265183
ADCK3,-0.20194125092240534
ARHGAP29,-0.20225187172686002
TLL1,-0.2025404712299388
SURF1,-0.20254822816406934
COBLL1,-0.202695173931685
ACYP1,-0.20287350203781873
OSTM1-AS1,-0.2029329521469706
SHPRH,-0.20294790639081514
RNF43,-0.2029522951034485
KIAA1199,-0.20311049049296462
LOC100506594,-0.2031944108521591
C4orf6,-0.203216296863512
ANAPC4,-0.20327054126461885
DDX55,-0.20344711750166042
CLCF1,-0.20370087396570227
MSL3,-0.20422012667381334
ABAT,-0.20425154444279778
LOC100506957,-0.20430567791541612
LOC100507127,-0.20440322477505488
TEX35,-0.2045846191831558
TMEM182,-0.2046711959900251
SLC26A4,-0.20471502239779185
C10orf116,-0.20484064305652253
TSPAN17,-0.20490251217980732
WNT3,-0.2050829335847636
RHOC,-0.20509762908356657
LYSMD2,-0.20516579901716578
PPFIA3,-0.20524852998229434
BOLA3,-0.2052577528843563
RAB8B,-0.20543517052809426
IRAK1BP1,-0.20565386223585708
LINC00152,-0.20581885825274668
ASMTL-AS1,-0.20586255307647613
SNORD20,-0.2059336677379587
CCDC80,-0.2063341906204878
CSNK2A1P,-0.20641899556215015
ZNF45,-0.2065850739187445
LRRC4B,-0.20687187466411447
RHOT2,-0.20712613682836067
MIR4426,-0.20725223976772364
GPC3,-0.20749144614905068
AKAP8,-0.2076182695372629
C11orf24,-0.20799518008608942
RINT1,-0.20803478434749226
FOSL2,-0.20836521891853382
LOC283403,-0.20855444522370273
BOLA2B,-0.20869055463521652
BOLA2,-0.20869055463521652
NIPAL1,-0.20890161149282382
RASGRP2,-0.20896263360362766
MIR4647,-0.20902271220199736
PLA2G2A,-0.20909423116900044
EDEM3,-0.20962433282604603
OPTC,-0.20982912976031137
LOC100652941,-0.20998881054672358
HSFX1,-0.21014954898905094
GABRA2,-0.2104822523672108
MYO19,-0.2107966349499134
SERTAD3,-0.21082951042671286
ZCCHC11,-0.21092450672703678
FAM86A,-0.21104971898076588
FKBP11,-0.2111369901818218
LOC440993,-0.2112617570999927
CD58,-0.21144740642281934
SNORD116-24,-0.2116087325697027
CEND1,-0.21172690094371344
ZNF556,-0.21182354592412114
ZDHHC3,-0.2118428110876194
ZNF510,-0.21190849104719708
LOC100130275,-0.21233589603719347
ZBTB46,-0.21250787414072897
LOC100506924,-0.2126600751026148
CREB3L4,-0.2128716112467923
FBN1,-0.21320176522373097
TNFRSF12A,-0.2132384555931512
NRCAM,-0.21354053015863936
LRRD1,-0.21365360152949017
LOC100130111,-0.21369752362952907
KIAA0226L,-0.2138041150788122
LOC100130876,-0.2139032500766611
FAM138C,-0.21398721542699495
JMJD1C,-0.21405740784418897
ATPBD4-AS1,-0.21448118555144946
FGD2,-0.21486002554266298
WDR88,-0.21489296774034727
WDR46,-0.21507918306472595
FASTKD1,-0.21509409806803567
COMMD4,-0.21527590877188846
TMEM165,-0.21533674069793599
RBM17,-0.21536987878843467
RAP1A,-0.21547198613961832
FRMPD1,-0.21552435270997758
TNFRSF6B,-0.21555798682854038
STXBP4,-0.21558153228672058
SYAP1,-0.21560623222476108
APOBEC3G,-0.21571481335062107
CCNE1,-0.21595074943180534
FAM18A,-0.215959336883921
FAM40A,-0.21623010264481293
UCP2,-0.21641013684728008
EBI3,-0.21656663470152676
NUP188,-0.2166986474813131
PURG,-0.21676329670936562
RALGAPB,-0.2174597905803656
MRS2P2,-0.21754727697736406
BPIFB2,-0.217711293896214
GPER,-0.2177615449660636
CHIC2,-0.2179860799803109
SDF2L1,-0.21809369351047875
HIPK3,-0.2184253973180458
MAST3,-0.21842644582345952
PTPN7,-0.2185251713891839
LOC100132247,-0.2188756773798975
NDUFA3,-0.2189687503381928
WDR96,-0.21911163371296016
GPHN,-0.2199898459473484
ATP2B1,-0.2200380214092851
MRPL55,-0.22006553850641397
RSBN1L,-0.22030469076185108
BACE1-AS,-0.2205868747172612
DAP,-0.22070415597050475
STX10,-0.22083127066949715
THAP8,-0.2209630334141398
CDIPT,-0.2209758454180327
SIGLEC5,-0.2211401805979544
ZNF548,-0.22166963564280048
KANSL1,-0.22174929046459582
ISCA2,-0.2219271727700207
RPL30,-0.22211001208988168
SMC1A,-0.22217894437757826
HSD17B11,-0.22231078869116333
TIAM1,-0.22259367589210613
EXOC5,-0.2226519902833898
TMEM204,-0.2227457504667697
PLXDC1,-0.22276995570949815
CNR1,-0.22316287095937942
LOC100506553,-0.22324928239009842
LOC100507325,-0.22346240363681688
GLIS3-AS1,-0.2235938027453079
UBLCP1,-0.2239801044276804
CYB5R2,-0.22401859511249653
SLIT1,-0.22403744307568296
GJA9,-0.22425306279881443
SLX1B-SULT1A4,-0.2243335404678548
PITPNA-AS1,-0.22433439200343142
FAM190A,-0.22462479894978474
GPR87,-0.22466080850263717
C21orf59,-0.22506520683525316
RARG,-0.22506833053153327
ASL,-0.22518600628484098
POLE,-0.22551661471373738
TMPO-AS1,-0.22551697467875068
PRKRIP1,-0.22574946532146173
MCM4,-0.22581977664548786
SLCO1A2,-0.22588437777421375
SLC4A7,-0.22618062522758026
UBR3,-0.22634390015178096
KCNMB4,-0.22676050572223252
ZCCHC6,-0.22690512069542776
SP4,-0.22706781473711346
TMEM79,-0.22712447601497968
LOC100505822,-0.22714221472284668
IL32,-0.22722198134045457
LURAP1,-0.2274552680776407
BCL2,-0.2276701720024551
EIF5A,-0.22773111510644933
SYTL2,-0.22784400255371146
ZFP64,-0.22796082048484514
DENR,-0.228003572228945
SNORA14B,-0.2280248185566484
TNFRSF8,-0.2280812187853376
NCOR1P1,-0.22808929904162803
APPL1,-0.22852921156630995
KHSRP,-0.2285580770504668
TOR1B,-0.22859713731010411
ANKS6,-0.2287090962875282
FMO1,-0.22894448370754164
MIF,-0.22964397920260832
MACROD1,-0.23049429409718142
UBE2H,-0.23064205123232862
ABCA3,-0.231049773018624
PTPRE,-0.2311861288263923
WFDC3,-0.23137706293197308
TACC1,-0.2314124671658492
PDXK,-0.23172854658354142
ZSCAN2,-0.2317975139448299
HGD,-0.23237985956775017
ZNF367,-0.2324761292887201
C17orf103,-0.2329806388312018
CLTB,-0.2334459256485104
POU6F2,-0.23359068091254814
EEF1D,-0.2336336426207983
LZIC,-0.23366664121171565
WEE1,-0.233788465025035
SBF2-AS1,-0.23380000724147942
FADS2,-0.23388897657228677
CNTNAP3,-0.23399034010875797
BBS4,-0.23411129003109804
WBP2NL,-0.2345685636330365
LOC440040,-0.2345826875531781
FXYD6-FXYD2,-0.2347055674449269
PRINS,-0.23511016694113976
SNORA4,-0.23540086742463878
SIRT1,-0.23541241488304113
CRTAM,-0.2355229305106294
PLIN1,-0.2356446731457249
NEDD4,-0.2356457014329713
AGPAT3,-0.23579202388409387
CCR2,-0.23613012586403256
PCDHA7,-0.2363568897474195
MTHFSD,-0.23656094303172107
ZNF782,-0.23702234358549967
BOK,-0.23753890932024155
MOGS,-0.237899485748765
LOC100270804,-0.23803450354029337
LOC338758,-0.23807873806466873
ATP1B2,-0.23816470060153563
ARHGAP10,-0.2383779547412027
LOC100505769,-0.23861446608126188
KCNK15,-0.2387074747949813
LOC100129138,-0.23874448257816114
FAM87A,-0.23885804688972126
CAPRIN1,-0.23892106535683613
KDELC2,-0.2389968115982972
MLLT4,-0.23924894019362591
LOC100652886,-0.23945031327186067
ZNF837,-0.23964247682825884
BCR,-0.2397016540523271
SENP7,-0.23974678317545778
BID,-0.23986271436119755
ZNF543,-0.23989300284065565
TXNRD2,-0.24008448706496896
TBCEL,-0.24040370257615545
RPS10P7,-0.24081371286366648
FPR2,-0.24096806646379204
SLCO2A1,-0.2412637592478133
PYGO1,-0.24160693538875574
C2orf81,-0.24165536895323758
C5orf42,-0.2417213601940247
LOC100506379,-0.24173710527013756
PVRL2,-0.24181195185141144
LOC100505688,-0.24194866329320458
TH1L,-0.24210133712183002
LRRC10B,-0.2423051326231399
ZC2HC1A,-0.24250153656012657
SOAT1,-0.24287984162161042
KIAA1841,-0.24299584845325556
ELK4,-0.2430470244525786
NRM,-0.2430488338775505
PRNP,-0.24356302633106694
SNORD6,-0.24360583520866744
MIR302C,-0.2436058352086675
RXRA,-0.2437875904782577
LSP1,-0.24420044329719942
ANKRD27,-0.24436109258500874
ZNF425,-0.2445062102042122
PA2G4P4,-0.24463019617985748
MCTP2,-0.24491034304785617
LY6G5B,-0.24524215292521215
GFAP,-0.2452970602841698
FAM175A,-0.24545223018978948
C17orf48,-0.24553152228509506
ITPR3,-0.24558641001019496
CSRNP3,-0.24575775096186903
C17orf53,-0.2461128194422161
EIF2AK4,-0.2461251933258914
KLHDC3,-0.2461270269437433
LSAMP-AS1,-0.24644749361174015
TNPO1,-0.24681809165826388
SMO,-0.2468320103825588
ZNF638-IT1,-0.24705376371524596
LOC100507581,-0.2476932646702769
FAM149B1,-0.2477615263461659
FUS,-0.2480259303782529
LOC729609,-0.2481046341919615
LINC00158,-0.24814470556827894
ITGAL,-0.2481720097656442
MYBPHL,-0.24904475441228596
KHK,-0.249433372097824
PILRA,-0.24949139773497633
SMG1P1,-0.24999264257809475
FAM70A,-0.2503084692413461
C3orf27,-0.2503450175962615
SNORD114-13,-0.2504567581348945
LOC158572,-0.25083004574069595
TSPY26P,-0.2509561734628804
NEK4,-0.251115594796153
C2orf40,-0.25132033856770375
PLEK2,-0.2517707721723829
CCDC125,-0.25194100371667655
TNRC6C,-0.2524568516573312
SSBP3,-0.2525187036054424
CBX5,-0.25281891439410065
SGCB,-0.25309711983101446
DUT,-0.25316508517136166
LOC729570,-0.253329742582997
VPS13A,-0.25336533654515436
CCDC84,-0.25346579293651483
CYP24A1,-0.25368761275498186
SNORA13,-0.2539771220431652
FIP1L1,-0.2541137889657058
GBP5,-0.2545852895302526
CASP9,-0.25469499415970154
C19orf47,-0.255238593207698
PRKAA1,-0.25531435863540336
ST8SIA5,-0.25543803582540975
LINC00327,-0.25571522975606525
GTF2IRD2B,-0.2562102514942368
IKBKAP,-0.25633021605870004
MAPK14,-0.2564396980967809
EIF3A,-0.2564405397860985
LDLRAD3,-0.25674059439365987
C12orf63,-0.25682061082554436
FASN,-0.256828717841897
SAFB2,-0.25706116648413596
MIR100HG,-0.25737946271287715
ADAMTS15,-0.25771220176461224
POFUT2,-0.25787674528530785
SNRNP35,-0.2579256043491913
MBNL1,-0.25829618401186916
TRHDE-AS1,-0.25833820342378117
BTAF1,-0.25898750837360074
CPVL,-0.2589977034408401
IGSF3,-0.2592155788230405
SHROOM2,-0.25922909454742643
NSUN5,-0.2597469408114943
LOC100652878,-0.2603022741805193
TMEM128,-0.26079727343686565
MIR3064,-0.26086783715676526
BPHL,-0.2610867585846274
MYLK2,-0.26113093651062397
HIST1H2BE,-0.2613120149264909
MIR564,-0.2616858369445681
GMCL1,-0.26175586263984096
FAT1,-0.261953537393123
FAM223A,-0.26226957515312715
ALKBH8,-0.2624725481172508
DOCK9,-0.2625598272227224
AP1S2,-0.26262379909556305
ARFIP1,-0.262772334949276
PRDM6,-0.26299229060903717
LOC148824,-0.26302031992350516
ATRIP,-0.2633142524353516
COBRA1,-0.2634142789946896
LOC158376,-0.26343166168996374
LOC341056,-0.263521118325388
EZR,-0.2635616778087882
FBXO6,-0.26375766795128636
PRDM7,-0.2638982370330858
C1orf226,-0.2641622638616758
GOLGA5,-0.2642588078423669
PON2,-0.2656844569454229
CYTH3,-0.2657526412428843
NISCH,-0.265941221376343
LOC100506387,-0.26623792721686285
LYVE1,-0.26698885236082887
NT5C3L,-0.26731909280132865
PINK1,-0.26744615921989134
LCTL,-0.26758892248641036
GRIK5,-0.26790582628383136
CAMK1,-0.26809683499473563
MRPL38,-0.2684006792384217
C22orf25,-0.2687088460378314
APBA1,-0.26875440636368436
FAM108A1,-0.2688039740795817
CXCR3,-0.26881093682681795
PDLIM5,-0.2688912688470112
LOC100506267,-0.2691466971658068
MACC1,-0.2693324643357177
UBXN1,-0.2694356394233179
STH,-0.2698147214388891
LOC100132832,-0.2698481729659308
GATS,-0.26993994400739574
MARC2,-0.27009173687348187
GK,-0.2703022899633182
LOC154872,-0.2704169085110363
TACSTD2,-0.27045521353518187
GPC6,-0.27048580957577
SLC35D1,-0.2710505102711294
FAM21C,-0.27110857824021783
SLC1A3,-0.2711781956430192
EPB49,-0.27139473785241314
FANCE,-0.2714599477685908
PKD2L1,-0.2714844207647184
CRYZ,-0.27153762157554895
ERH,-0.27179878778268046
INTS7,-0.2718567919731289
PSIMCT-1,-0.2718948360525707
FLJ26245,-0.2719238473687783
FCHSD2,-0.2720766924045375
PTMA,-0.2722125082996074
CDKL5,-0.2723506341371142
LOC729732,-0.2732844321724982
RNASEH2A,-0.273324853884399
ELF4,-0.273360947769474
LOC100132999,-0.2735596453848093
CNPY4,-0.273855098692901
RHOU,-0.2739821391677879
CLIC4,-0.2740986095788242
ZNF132,-0.2742585616947475
ALPK3,-0.2743802361475797
COL27A1,-0.27469739534279597
NFATC1,-0.27484759288391813
ZNF814,-0.27490985714352995
LDHAL6A,-0.27493878781315895
HNRNPU,-0.2749483413843264
CARTPT,-0.27541102499395353
LILRA5,-0.2754541515307457
PPP6R2,-0.2754958712601317
MRPS15,-0.2760943438747672
HNRNPCL1,-0.27616252758851034
FLVCR1,-0.2763104781533576
NUP85,-0.2763266954841879
C10orf11,-0.27640388512507047
CLIP2,-0.2765680020955926
YLPM1,-0.27683456480166585
ZNF682,-0.27708169064971827
STAM2,-0.277292567554963
DDIT4L,-0.2774460074001706
PIEZO1,-0.2780330372194377
TEC,-0.2782849647760617
TP73,-0.27856299354162856
PPP1R3G,-0.2787472829470296
TMEM229B,-0.2788188874811716
BHMT2,-0.2791347677073177
POT1,-0.2795953280146693
FUT10,-0.2796699527432585
SIGIRR,-0.2796769266643906
THUMPD3,-0.2797823391321335
MIR1244-3,-0.27986591634596614
POLN,-0.2799783897702422
TRAPPC11,-0.28057506071176774
N4BP3,-0.280720288429264
CSAG3,-0.2807468930805561
CAPN11,-0.2808054418443396
SNAPC1,-0.2808504531737794
CD40,-0.28153705809152163
TRIM48,-0.2815602616693346
SERPINB6,-0.28194567476393717
USP37,-0.2821240115700265
MPDU1,-0.28246957173947673
TCEAL3,-0.2826365791866218
C1orf50,-0.2826593863659976
LOC100132707,-0.2830762909136437
NR2C2,-0.2834479398669154
C10orf136,-0.28413692907076515
CYSLTR2,-0.28419400606917666
RASGEF1A,-0.28431988673231345
CCT6P1,-0.2850768155365691
TTLL11-IT1,-0.28555471790787057
RABIF,-0.2858982615889463
CORO2A,-0.28598040279968273
LOC100507360,-0.28622535736529575
GPX4,-0.28666454026219085
MAP2K3,-0.2868918292021157
RBM5,-0.28727816810853507
LOC100507071,-0.28735332816056663
SNORA51,-0.287361892821996
CTSA,-0.2873749143698359
TACR2,-0.28741920691991946
MARK3,-0.2874982049179129
TIGD5,-0.2876356291975821
FAM173B,-0.28794458252230415
PGAM5,-0.28856802984163726
PTDSS2,-0.2885930993677106
IL1B,-0.2889787692596497
LCK,-0.2889972570641748
MRPS10,-0.2890097512689617
SFRP2,-0.289089776406355
EMILIN3,-0.28910523491848883
HIP1R,-0.28950504495146184
DISC1,-0.2897925997673818
MKLN1,-0.2897988786323167
ERCC4,-0.2900875615593769
REG1A,-0.2902525478585405
RP2,-0.29030386605215425
ZDHHC2,-0.29069459039485757
SERGEF,-0.290786765642389
TRAPPC2L,-0.2913853314149507
DTX2,-0.29156877872695325
TRNAS6,-0.2919214118903603
LOC100129484,-0.2928282790750333
LOC100132815,-0.292904775890519
NBAS,-0.29291075734660277
TPCN2,-0.29292774544248473
YTHDC1,-0.2931578779932471
PIGH,-0.2931683133221151
C2CD4B,-0.293210222514282
KRT8,-0.2933939291201351
ARMC12,-0.29365156491026834
TTF1,-0.2940418200746787
ZNF720,-0.29414277542845957
NACAP1,-0.2944383850271265
PRSS12,-0.2944470555867735
TDRD6,-0.29468624509041325
LOC100505835,-0.2951403731026785
MB21D1,-0.2952821482197021
KCNIP4,-0.2954048374185773
SPC24,-0.29545017911617416
CCNJ,-0.29570538361583687
ATP2A3,-0.29574212985311915
MTA1,-0.2962140096256625
SNX12,-0.2962153761081059
SEPT1,-0.29643355092186585
PROSC,-0.29653446023431823
DCTN2,-0.29669865171836857
LOC728741,-0.2971248661573922
COPZ2,-0.297202838748618
FAM82A1,-0.2972821116439125
NDST1,-0.29786521503730384
S100A3,-0.2979868999474864
GSTA1,-0.29824746276990355
NCCRP1,-0.2984221254351118
KCNC1,-0.2984293765654995
PCDH9,-0.29876177511025553
ERCC6L2,-0.29879541590430636
AKAP9,-0.2990638859539237
UBOX5,-0.2991435277782998
ADD1,-0.2993663759786682
LOC100506200,-0.29939962200430087
CD8B,-0.2994120778413595
SNORA24,-0.2995206376286158
GJA9-MYCBP,-0.30035342845827384
DYNLRB1,-0.3005651185179062
LUZP1,-0.3006117153914406
ENTPD3-AS1,-0.30086525416469184
NARFL,-0.3009193165781649
FASTK,-0.30102654700683323
LOC100288142,-0.30112882963900117
SDCBP2,-0.3011367432432699
SLC24A2,-0.3011921516704692
TMEM135,-0.3013636326771297
TXLNB,-0.3014797160202712
ARID1A,-0.30177189266594306
LOC100505532,-0.3018962615045222
LOC100505623,-0.3019288114171845
COL16A1,-0.3023090345451516
CYP46A1,-0.30241238846838414
CCNYL2,-0.30260991288729744
RNU1-9,-0.3027558491394704
RNU1-6,-0.3027558491394704
FAHD2CP,-0.3029523266042252
TNFSF12-TNFSF13,-0.3029689943934545
FES,-0.303062253945298
MT1F,-0.303108244477832
MON2,-0.3032268973133128
ZNF473,-0.30362573773044266
LOC100507351,-0.3037376380669506
ZBTB9,-0.3039600634884196
SYNGR2,-0.3042667382364935
LOC100505471,-0.3045546738449877
FSTL5,-0.3047372626296259
WDR35,-0.30489266507569723
REREP3,-0.30502840636823875
SOX12,-0.3054504320243745
ZBTB7B,-0.3055071442311915
ZC3H3,-0.3056019331565432
NHSL1,-0.3056295361094361
METTL3,-0.30578783806877474
CCL16,-0.3059001860698368
PPY,-0.30598986982608173
RASAL2,-0.306089244907588
LOC100652965,-0.30612473727020584
KRCC1,-0.30617053768444286
NIPAL2,-0.30617115792625604
CTSL1,-0.30621279959004305
DFNB59,-0.307339654171811
GCM1,-0.30774361215809126
GDF5,-0.30842942814708524
DCAF6,-0.30856348449123133
LOC115110,-0.308618076441041
CLLU1OS,-0.30869405865690713
ACTR5,-0.30870697063385
FOXS1,-0.3088427060423982
HIST1H1D,-0.30888890950492515
TMEM244,-0.30890719067989675
FGGY,-0.30936622926377605
PFN1P2,-0.3094715226138123
LOC150776,-0.30956821758537084
ERAS,-0.3095963403044874
MYD88,-0.30973937832686205
CERS2,-0.30997722730892685
PLGLB1,-0.31011797754230064
NDUFS8,-0.31019939440221855
C14orf23,-0.31028423196756244
CPM,-0.31034380912632253
UNC5A,-0.31036271240706026
VPS13B,-0.31062584250022796
KCNE3,-0.31090014301457286
ZMAT2,-0.31093228034868947
PAFAH1B3,-0.31104292482673573
FAM193B,-0.3110528087469435
FTLP10,-0.3112309977470851
LOC100506262,-0.31129500979443053
C1QTNF7,-0.311626205305166
VWA1,-0.31193389508524305
FOLR3,-0.31201117380721827
MESTIT1,-0.3120775116601994
CEP85,-0.312143941050883
EAF2,-0.3121975845759136
C6orf47,-0.31244347443852627
CNOT4,-0.3125080454829492
LOC401127,-0.31265270988632904
BAAT,-0.3128134027224562
THG1L,-0.31288017569437665
PPP1R3E,-0.31311174063735014
SNORA80,-0.31335737245525924
LOC100506367,-0.31420895476467836
C14orf184,-0.31441325682260796
FLJ10661,-0.3144207008757708
PRPF40B,-0.3145496552514399
CSK,-0.3145879731208202
SEC14L2,-0.31463411824165943
CCDC115,-0.3148540786861001
SPG21,-0.31494563459354247
CCDC54,-0.31495290564226375
TTC25,-0.315449367121282
CPE,-0.31553418014219087
SYNE1,-0.3156171793554977
LOC100652758,-0.31567096918010806
MIR4485,-0.315782400492353
TOLLIP,-0.3160143524449661
RBM46,-0.31603937474883176
MX1,-0.3174585270924392
SLC25A32,-0.317563868690897
LOC100507634,-0.3176281656194048
C2orf73,-0.31763279291643903
C14orf132,-0.3177532521336347
SNORD116-7,-0.3178703490696068
SNORD116-5,-0.3178703490696068
SNORA16A,-0.3179558998119736
ALOX5AP,-0.31798632731018556
MIR663A,-0.3179977658206171
TPCN1,-0.31833329947902866
PHRF1,-0.31840063030596527
TAF9B,-0.31844639470690356
PRSS48,-0.31853207546860773
KISS1R,-0.31872716137671014
CRLS1,-0.3190071667862165
VSIG10,-0.31930836662704803
SCN2B,-0.3198776016953315
PDE6G,-0.31994983183774006
GPR126,-0.3200165791796584
PPP1R11,-0.32024750893409865
MRPS14,-0.32057057187358473
PCDHGA9,-0.32106176380146584
OTX2,-0.3212306928656136
WDR20,-0.32154023404836507
IGFLR1,-0.3216226956626779
ANKRA2,-0.3218413843458378
NBPF11,-0.3222198048050738
ABCF1,-0.3224010245133994
THBS1,-0.322410424376408
DHTKD1,-0.32257966590958226
TMCO6,-0.32321128343586847
C20orf202,-0.3233188185004749
C1orf151-NBL1,-0.32345937539213604
PTGFRN,-0.3235119969408254
COL21A1,-0.32360891361204114
ZNF702P,-0.32361492894646315
FLNB-AS1,-0.32378809615663606
LOC100507012,-0.3238552157238688
C10orf67,-0.32403640160146097
STX2,-0.3241640359453385
RNASEK-C17ORF49,-0.324198694832339
HMBS,-0.32427511424550537
C11orf49,-0.3244322277586602
BLCAP,-0.3246807712976951
DOM3Z,-0.3247071865793602
ITGA6,-0.32498915473925705
PHF7,-0.32511083982412925
TMEM237,-0.32528960650670874
PCDH8,-0.32537815821541755
LINC00545,-0.3256621814538764
METAP2,-0.3256783112847154
TSPAN4,-0.3256815117576081
P2RY12,-0.325757023640592
ADARB1,-0.32610958051663724
TDRD9,-0.3268971849355916
HBG2,-0.32728847345104856
PDE8B,-0.3273503857274345
CCDC121,-0.32773323118866865
COL4A5,-0.32774475519142143
TMEM163,-0.32783696725129896
OTUB2,-0.32784841720304553
LOC100507673,-0.327937378458936
PPM1K,-0.3282534165517247
CLOCK,-0.32842743508275374
RPS21,-0.32890407407388195
LGI4,-0.3289167191707251
GEMIN6,-0.3292626966676965
PCNXL2,-0.32983743209051836
LOC100652992,-0.3300053526979884
TMA7,-0.33019010071694715
CHAC1,-0.33053827924420565
HDX,-0.3305586488089787
ZNF157,-0.33058453251121445
COX15,-0.33092793199117554
FBXO25,-0.3312775567514633
CATSPER2,-0.3318082847118118
TAX1BP3,-0.33226515926202344
ZNF689,-0.33302613083437455
HERC2P10,-0.3340665401802239
PART1,-0.33408514363899927
PPP1R26,-0.3341614633083328
LOC647979,-0.33429900223681447
PPP2R5C,-0.33431867520017144
ODF2L,-0.3343304916059405
C6orf147,-0.3347048619773563
PTPN20A,-0.33485596398376505
TPTE2P1,-0.33491320065121977
MED13L,-0.3349695542232393
KIT,-0.33509131580161716
LDLRAP1,-0.33516991586207956
LOC100507554,-0.3353236554708103
ZNF883,-0.3357361738047631
MOCS1,-0.3364410290284235
SNORD114-1,-0.336442381009413
LHX6,-0.3365247858765473
LETM2,-0.3366664708361074
LOC728637,-0.3367107555634652
CLPB,-0.33690005967823405
TSR1,-0.33713300942471713
SLC19A3,-0.33721266772762254
IL11RA,-0.3373128882720447
ATP8B5P,-0.3373337252982636
POU2F1,-0.3376422689969414
EIF4G3,-0.33855869947984724
IL11,-0.3385750465319197
TNKS1BP1,-0.3385800233565058
SLC39A4,-0.33870806314687585
LOC728755,-0.3388040297536492
RPL36AL,-0.33920915327529355
KLC4,-0.33935472713071424
NODAL,-0.33944175415565137
PPL,-0.3395027431227641
THOC2,-0.33967189475318077
TAF4B,-0.3397362323195923
LOC146880,-0.3397576762717286
CYP3A43,-0.3399974517205794
RAB40AL,-0.34003187579464184
DOK4,-0.34027380998420076
MESDC1,-0.340750781890334
SCARNA20,-0.34098113284591414
LOC100292409,-0.34109950871933936
ABCC8,-0.3418096836376782
FHL3,-0.34197419902383747
RUNX3,-0.34201485874791926
HCFC1R1,-0.34219775490229265
ABCA12,-0.3422114231297524
RAB40A,-0.3429970089476842
TMX1,-0.3434033332367158
SENP3,-0.3434946448415492
ZNF214,-0.34369365944180047
NDNL2,-0.3441407893057621
NUDT16,-0.3443113980433627
NRN1L,-0.3444051489707448
PPP2R5B,-0.34441428808264274
CCDC92,-0.3447316477718968
MIRLET7F1,-0.34526331916584263
EMR1,-0.3453616619573808
SAAL1,-0.34545603742120856
SLC39A13,-0.3456699331363595
KLF3,-0.3457190186960925
RHOBTB2,-0.3459148066642289
MFSD9,-0.34601272860902205
OR2A1,-0.3460452948637059
AASDH,-0.3461293709654688
ALOX12P2,-0.3462869444209697
ZNF878,-0.34632360217223646
ZNF771,-0.34639154368805514
DHCR7,-0.34673615616398606
CLDN12,-0.34689919770833266
MLLT4-AS1,-0.3469917318109836
PCGF6,-0.3473888247648554
RABL2A,-0.34740280931428735
MS4A8B,-0.34741694243705074
PPM1G,-0.3474221259565406
EPHB3,-0.34770270443265305
CHST6,-0.3477206101144711
GORASP1,-0.34783865179648343
STK17A,-0.3482462562473485
MOCS3,-0.34842637329878945
PAN2,-0.34900125874031546
PHF14,-0.34953010827025616
CABP7,-0.34980945122271395
LOC100506469,-0.34999199268704156
DNAAF3,-0.35021239509482766
NAT1,-0.35040035807749415
GNAS-AS1,-0.3506997013126249
TRIM78P,-0.35075287970620644
LRRC3DN,-0.3507736586090621
C4orf48,-0.35095613522327396
NKAIN3,-0.3509762030534199
COL19A1,-0.3511264255875508
TMEM191B,-0.3513336290075542
KIAA0391,-0.3513966566631929
FOXF2,-0.3514516853539401
PEX2,-0.3514903215151574
CHP1,-0.351705750070972
TPK1,-0.3517349667604127
TBRG4,-0.35179594813371456
CXorf58,-0.35184393543109893
CD93,-0.35208610156007825
RUNX2,-0.3521038428232636
LOC100128176,-0.3521225673344163
FAM178B,-0.35232726508214396
NIPA2,-0.35281926308966016
NDUFB10,-0.3528299539734312
RNF19B,-0.35294693743470357
TUBA3D,-0.35295526157190166
SCML2,-0.3532280236422825
LOC100652958,-0.353433359833235
ZNF133,-0.35347172190310894
TOB2,-0.3535778621033447
SNORA23,-0.35404753909632136
H1FX-AS1,-0.3542627055554618
PDPK1,-0.3544099825833734
TNFAIP8L3,-0.35445256097236455
SCFD1,-0.3548669126283951
LOC100293962,-0.3549898952319404
IPO5,-0.35503030534674807
SLC26A1,-0.35537357757750687
C15orf42,-0.3556707332598752
HSPA2,-0.3557495862087111
SNX20,-0.3557796291297327
TMEM229A,-0.3557863702743336
USP30-AS1,-0.35593906765418476
RNU7-1,-0.35599154267432853
LOC100652895,-0.3560632643382402
H19,-0.35611941987644485
PRKD1,-0.3562393289528533
LOC100507145,-0.3564226183492761
IL13RA1,-0.3568484762394365
TMEM2,-0.3571825145996355
USP49,-0.3573746749272114
AQP3,-0.35737928773169936
HSPB8,-0.35766218471567934
RAB11B,-0.3576732955504548
TBC1D2B,-0.3576890690007269
FAM72B,-0.357941208404348
CMAHP,-0.35807537307617726
ERVK13-1,-0.3581003206452592
FLCN,-0.35817841073639173
MOV10,-0.358260963386294
LOC100506548,-0.3585851623220005
NAALADL1,-0.35863090114184615
RPLP0,-0.3587958603343497
HCG4B,-0.3588086803878663
SNORD45A,-0.3589643162091051
LOC100505485,-0.3590415880902442
CYB5B,-0.35936649886867644
SGCG,-0.359433418529541
SLC25A29,-0.3596504537553235
SYT14,-0.35966998524925103
PAPOLA,-0.35974766228297583
RGPD8,-0.35978680939982727
CXorf36,-0.3601041667425381
ZNF592,-0.3601871540542871
GPATCH4,-0.3603755000377262
SRD5A3,-0.36111781823110073
TTPA,-0.36148742153891866
HYMAI,-0.3617530448856983
FAM193A,-0.36182106268700515
EEF1A1,-0.3618435750542205
ZNF821,-0.3619246178738911
LOC100131564,-0.36219326398886464
VIPR2,-0.362236284363351
SRCRB4D,-0.3623395595834084
LOC100132273,-0.3626721064104371
EHMT1,-0.3629298709783327
ALDH6A1,-0.363221444506639
PTPMT1,-0.363547139322932
PAR5,-0.36372384467029106
LOC100653002,-0.3640876076399685
NFKBIL1,-0.3641583324162461
RAC1,-0.3642933778024888
LOC100506994,-0.36435272272825614
GNA11,-0.3643796202593342
RNMTL1,-0.36481169631997984
NRSN2,-0.3648159969420772
NAALAD2,-0.36482064769594097
RNF144B,-0.3648313758738359
LOC100506532,-0.3653589986990496
PNPLA1,-0.36551499862984027
DBP,-0.36559609164303364
TRIM21,-0.36564020040240314
APOL2,-0.366162277405209
LOC375190,-0.3668440569014726
IKZF3,-0.3668541608383692
PUSL1,-0.36693905908769237
PSMD13,-0.36750096073816196
GZF1,-0.36758813635201015
VNN1,-0.3676019235184894
LOC100499405,-0.367805612221685
GAS7,-0.36792949034851513
ZNF268,-0.36813647050463383
GBP2,-0.36827038647008303
WDR33,-0.368376520790031
SCP2,-0.36842620942301435
RGNEF,-0.3685109412638411
RBM44,-0.36854162947698005
C17orf104,-0.3687119746719636
NKAP,-0.36883456988783053
TNFRSF11A,-0.36892569052851376
RHOBTB1,-0.3689453574429986
CDK6,-0.36899573230955346
DTHD1,-0.3690411722132236
LOC100505951,-0.36909105122211655
HELZ,-0.36913398154921745
AHSA1,-0.3696942946149036
NOTCH3,-0.3699929234624157
RHOXF1,-0.3700044423667193
DPRXP4,-0.37031256932867185
C2orf77,-0.3704231996119064
GSTK1,-0.3705709100272827
LOC729506,-0.3708374699056861
MOB2,-0.3709492645920806
CDK5RAP3,-0.37120239777981145
COL18A1,-0.37147111412286116
CT45A2,-0.37163733449409125
WDR17,-0.37170904792297166
LOC100652787,-0.3719057163824625
UHMK1,-0.37202638445155073
PEX7,-0.37202670323788406
EED,-0.37203532221920455
NHEG1,-0.37206567866595097
GGT5,-0.372316515682207
GIMAP6,-0.3723165459396084
UBXN11,-0.3725112919491376
PNLDC1,-0.37274010130869406
FNBP4,-0.37282697633251444
NR2F1,-0.37302085299157545
XRCC3,-0.3736227528922859
PREB,-0.3736234463245413
CECR5-AS1,-0.373641544854564
SNX11,-0.37376638488453023
NLRX1,-0.37420525021564516
CEP78,-0.3742158541043253
GPR63,-0.3743887609717677
LOC100131257,-0.37442031384654184
NANP,-0.37449573848360523
CCDC124,-0.37450356956887515
OLFML2A,-0.37459154418570506
FTSJ3,-0.3745983861446982
ENPP1,-0.3746763365532952
MSTO1,-0.3747153086075203
SPDYE7P,-0.3748466601987473
HIST1H4K,-0.37502323418038946
GIMAP8,-0.3750891515300439
KCNA6,-0.37509937950340577
GSTM1,-0.37514218973585334
DCTN6,-0.37533738038686615
LOC100506304,-0.3754876108480175
FAM181A,-0.3756089937288649
POLR1C,-0.37563323238111684
MAP3K9,-0.37576570383227625
CAPN9,-0.37579961173079585
GOLGA7B,-0.3758299130679957
MAPK8IP1,-0.37596433463820966
FCGRT,-0.37604190755782707
C10orf105,-0.3761461951811512
FAM5B,-0.37615607959814257
VWF,-0.37654276126502584
PPP1CA,-0.3766689688167145
ZCCHC4,-0.37687676896260636
ACAD10,-0.37718223621066116
FAM225B,-0.37772221387420424
PCDHGA10,-0.3778415963178116
SCML4,-0.37793177818232404
TERF1,-0.3780713227016026
FBXL6,-0.37807421554500864
CNN1,-0.378105282887469
PLA2G7,-0.3782644214205331
DCLRE1C,-0.37856198312126027
MT3,-0.37894904442477717
WDR27,-0.3789507907044174
LOC100507492,-0.3797497541893934
GRAMD1A,-0.3798063258222805
TRIM5,-0.37983353855875157
C10orf128,-0.3798479819899027
SLC25A16,-0.37992675045246627
TMEM161B,-0.38010730597553516
C21orf91,-0.38026948919390025
HPD,-0.3803370249862689
FMNL2,-0.3803636718603176
EID2B,-0.3805089407744486
ATP5L,-0.38092579571665686
AKAP10,-0.3811075141128675
LEPRE1,-0.38129980610618885
POLE2,-0.3814538624826553
FBXO34,-0.38171235338712256
OSM,-0.3818037895616798
MTERFD3,-0.3819637537789835
RBX1,-0.38206544174648055
UTP23,-0.38220658815034825
KIAA1033,-0.3823975339359386
NR1H2,-0.38240848900978996
LOC100506419,-0.3827556900925974
C9orf84,-0.3829001805460593
PRPS1,-0.38293674554005874
ACBD7,-0.3831954566951238
SEC31B,-0.3833158921591656
SMG6,-0.38414100905519954
IDH1-AS1,-0.38417305685940123
ANKRD12,-0.3841838867481463
SNAR-B1,-0.38429520668882183
SNAR-B2,-0.38429520668882183
EBF2,-0.3845314147387476
ENDOU,-0.38461474654748395
PLEKHA8P1,-0.38491451402774407
RRS1,-0.3851322266216408
PNPLA2,-0.38513968232765566
CPSF4,-0.3852224635112976
TMEM250,-0.38544065678891115
PBX1,-0.38563547056393466
FLVCR1-AS1,-0.3857720163418744
ABHD12B,-0.3858223020813357
CRTAP,-0.3858995414728971
MGAT2,-0.3863340090006112
MVD,-0.3869388549909614
CD200R1,-0.3871309818832688
HLA-DQB1,-0.3872236765172498
CDK13,-0.38726125502046965
ZNF627,-0.38728420233121014
TECR,-0.38729108303354853
PRR5L,-0.38744087157599816
RPS2,-0.3874502753211045
HOXC8,-0.3874735116401072
SCRN3,-0.38832565751333026
LOC100506451,-0.3889930739350539
C14orf135,-0.3890310988012677
DCAF15,-0.3890360223573232
ZNF587,-0.3892324655062931
PTPLA,-0.38938953226536377
LOC100130855,-0.38944334832008887
ZNF670,-0.38946692387777887
PRKAR1B,-0.3896431294662871
RAET1E,-0.3899707349096324
TK2,-0.39024968761864093
VPS28,-0.39027370316591925
KIAA0100,-0.39048412642007224
SPINK2,-0.39085918096250066
NSA2,-0.3908916014206798
ASCC3,-0.3909280474951171
TPR,-0.3909885247227329
OTUD6B,-0.39112087045332
FAM207A,-0.39120131952901815
C5orf54,-0.39128777811680815
TENC1,-0.3913461519499671
USP18,-0.3914052518299298
KLF4,-0.3914721602547321
C1orf233,-0.39179048033670455
EHD2,-0.39183240407147346
LXN,-0.3922322424349606
STARD6,-0.39230927408578153
FAR1,-0.39235477428573284
CHD1,-0.39253714474115053
CXorf38,-0.3925618797551726
HIST1H4L,-0.39268070602672916
LRRC6,-0.39277317263149586
ZNF876P,-0.3928116843500564
C7orf59,-0.39287176786071343
GABPB1,-0.393262471814235
RUFY1,-0.3934501293183551
BRAT1,-0.39346519380001727
ENG,-0.3935151086814376
KIAA1407,-0.3937685080120624
CARKD,-0.39393773688094325
OLFML3,-0.3940632405960174
CHST12,-0.3941735282353189
PHKA2,-0.39447880888764647
ABI3BP,-0.3945423577555005
MYLPF,-0.3945562864655428
GRAMD2,-0.3945905835247941
INO80C,-0.39488674659189543
C9orf9,-0.39494081752997084
LOC100652849,-0.3950206268328305
RASGEF1B,-0.3951612996620885
LOC100505971,-0.3952791606843913
GSS,-0.39571285377469007
ZNF354A,-0.39577693138252834
SV2B,-0.3965436070516247
SLC7A10,-0.3965806171917484
IRX5,-0.39747343426302123
POP5,-0.3974819842329182
IRGM,-0.39752747916328773
LOC100507195,-0.39755096753331903
FAM213B,-0.39781151521943675
FNDC7,-0.398070871430584
DNAJC2,-0.39835195064792217
ASS1,-0.39835692789218363
SPRY4,-0.39880826773807415
FAAH2,-0.3991014519387681
TADA2A,-0.3991311545681402
SAMD4B,-0.3992139930288683
SGTB,-0.3993029517681302
FAM133CP,-0.3996357575288158
SHISA2,-0.39980470398536877
CHRNA7,-0.3998187376898325
SLC24A4,-0.3998433455362119
FGD6,-0.3998557971549383
ATG4D,-0.39987078180614666
TDO2,-0.4003550455123466
CEP350,-0.40052819881479906
SETD9,-0.4008014073390239
SCAPER,-0.40086816188914814
NAA25,-0.4009131112375637
SOLH,-0.400963121966609
SNORA47,-0.402052792734595
MINA,-0.4022232910963189
PRPF4B,-0.40242299195188896
C22orf39,-0.4025216044663495
S100A11,-0.40272782101243376
PSG10P,-0.4029787745672681
ANAPC15,-0.4032001943380701
ZNF646,-0.4034319471897596
NEURL3,-0.40361892336822874
ANKRD36,-0.4036750621020679
TBX2,-0.4038369914621323
TMEM248,-0.4039628200830843
ARID3A,-0.4039666656228334
TP73-AS1,-0.4039700245665496
ARL6IP4,-0.40397159891295703
LOC728190,-0.4039825959501684
LOC100507418,-0.4047330373345324
DSERG1,-0.40476665331819883
C6orf15,-0.40506548970517064
PHF17,-0.4051483899010555
FAM133B,-0.4052058707594552
OPHN1,-0.4052712778313162
ASPA,-0.4053771780777801
CDT1,-0.4053790975276624
TARBP2,-0.40546185416442765
C21orf67,-0.40553646713309804
TSPAN8,-0.40562995505804883
PRPH2,-0.4056511323458369
LOC100287497,-0.40575477127268433
MED20,-0.4058587579347454
PPARGC1B,-0.40594839931408466
LOC728752,-0.40625383417888017
NFYA,-0.40636885603051953
GTF2IRD2P1,-0.40640768746012335
DYNC1LI2,-0.4064303555758936
CPT1B,-0.4066967249226155
ABI2,-0.40672074334754804
ZMYM1,-0.4067779422783387
STK19,-0.4072262099548058
WBSCR16,-0.4073594035401521
CCDC140,-0.40761728766216115
CCDC74B,-0.4076330406576193
INTS3,-0.40788840681390853
ZNF177,-0.40804696355074954
C9orf153,-0.40815841032937217
IGHMBP2,-0.408478929333422
TPT1-AS1,-0.40866437912400316
ADAMTSL4,-0.40873379675261184
LPHN1,-0.4088282955850253
CD81,-0.40895040745611977
URB2,-0.40947822691478997
HSPA12B,-0.4096016807705942
SPTSSB,-0.40969424206813004
TAS2R19,-0.40985450628559794
LOC100652910,-0.4098659452744525
C1orf110,-0.40992210073553015
SNHG9,-0.4099703425521084
LUC7L,-0.4100340530656112
CCDC48,-0.4101739151881808
TIA1,-0.4103209039566428
LOC650293,-0.41040769708606495
FUT8,-0.41065847269129224
GLT25D1,-0.41120747266346935
GATSL3,-0.4113613785134472
NR3C1,-0.4113997179794938
SNORD3C,-0.4120668556927311
AFAP1,-0.4120971194238263
MX2,-0.41227371563651916
LOC643623,-0.4124340294341944
BRAF,-0.41255196307582875
HSPA1A,-0.41261527610845367
BCRP2,-0.4126675007361288
KRT18,-0.41335640581983313
ORC4,-0.41360862200720333
S100A16,-0.4137454584925957
LINC00094,-0.41428707819229577
TGIF2,-0.4148554912375227
LOC100505659,-0.4150076883810798
CREBL2,-0.41523701012691433
NCOR1,-0.4154162801196405
GDPD1,-0.4155474739052335
C10orf25,-0.4155500384256541
PCDH11Y,-0.4165875931113031
MCM5,-0.4166458400383385
GMEB1,-0.4172874815565999
ITPRIP,-0.41736736872648905
C2orf56,-0.41756925793836813
ERVMER34-1,-0.4180828773569382
RASIP1,-0.418291718631628
C1orf204,-0.4186584545459057
AKAP7,-0.41939215582966954
SNTB1,-0.4196742591764701
LOC124685,-0.4197689242286301
C14orf126,-0.41986770589901096
LOC100507032,-0.4199472556491046
PGM2L1,-0.41997545418216004
TRIM74,-0.42010889586814537
LGI2,-0.42035720384467845
DFNB31,-0.4205284247901832
RNF139,-0.42069835899401087
VPS33A,-0.4209515700177009
RNF157,-0.4214315076866189
HLA-F-AS1,-0.42175471679487014
HMBOX1,-0.42189779131886856
TSPAN14,-0.42206866067687304
LOC729970,-0.42233830043095627
ADORA2A,-0.4229285244814606
ZGPAT,-0.42299373773669224
CCL8,-0.4237445205085419
FAM107A,-0.4238344655793845
FAM182A,-0.4238828325807785
MASP2,-0.4240178072145584
ACAA1,-0.42404799041125596
LOC339874,-0.4240785282956392
ICAM3,-0.4241790101008916
ASMTL,-0.4243103284617882
RINL,-0.42432320060133194
NDP,-0.4245124621877228
FAM73A,-0.42459526857850327
ZNF143,-0.4246250170613401
LRRC39,-0.4248813488050782
SCIMP,-0.42499457360004245
FONG,-0.42500437884279724
NAAA,-0.4251069591533951
XRCC2,-0.4253963763328674
CCND2,-0.4254358314488126
MTSS1,-0.42545721833112293
LOC100127910,-0.42557353471832376
NMUR2,-0.42564888910865095
RNF5P1,-0.42641231872493535
ZNF200,-0.42648775400739825
TMEM114,-0.42658548287746545
GLIS3,-0.42668558572338694
CCDC158,-0.4269844793485422
RAPGEF4,-0.4273349212639781
KLHDC8A,-0.4273882471094741
WDR85,-0.4275622368157119
SNORD49A,-0.4284382674002155
PDCD2,-0.4286259670020575
MAP6,-0.4286996694796352
FLJ90757,-0.4288503253968735
HERPUD1,-0.42898892929658716
HDDC3,-0.42906627452280355
NDUFS5,-0.4295144016799833
TSSC4,-0.42954535716853937
CAMLG,-0.4296239139733279
HIVEP3,-0.4296505917994963
ENOPH1,-0.4296619676468975
SUN1,-0.4298835892577033
HSPA6,-0.430057525402466
ASTN2,-0.4303923729175788
LOH12CR2,-0.43041926275899767
PATE4,-0.4308277992583554
MED12L,-0.4308603756448953
TASP1,-0.4311839084892704
GPR37L1,-0.431603038850909
ZBTB48,-0.4316220952403414
JMJD8,-0.43213410481107795
RRP8,-0.4322688729805104
ZNF432,-0.43232019282881123
DOPEY1,-0.4325783059817039
LOC100652736,-0.4326686291986587
TCFL5,-0.43349477265555636
GALNTL2,-0.4336272334113341
SNORD116-29,-0.43369836055660477
MFSD10,-0.4337046822590297
PIK3CG,-0.4346815474889671
ARMCX4,-0.43470258515813415
MARK2,-0.4348501616242491
SLC24A3,-0.4349685454046875
CYP4A11,-0.43508603504546967
LOC100507002,-0.4351083236231713
LOC100505902,-0.4351608536174502
AP5Z1,-0.4351659869384225
GTSF1,-0.4354128161175007
ZNF705A,-0.4355089684136397
RPS5,-0.4356248699534442
PSMB8,-0.43569983404010304
GPR83,-0.435803380104344
CELF6,-0.4358790479390825
TUBA3FP,-0.43608579360117494
SRF,-0.4363090314030089
SYT17,-0.436349569349967
EPS8,-0.4365694470068824
XRN2,-0.43673895240955685
LOC100190986,-0.43699589781384235
H1F0,-0.437109912402157
CHMP3,-0.43760134800272604
TEX15,-0.43785968087591104
IL2RA,-0.43821759575462615
LOC645212,-0.43907923049675496
TTC30B,-0.43918056041176057
ECHDC2,-0.43951299221887474
CEP89,-0.4397162562732199
EMC10,-0.4397854087443124
PCM1,-0.439974429776112
KLK10,-0.4400605155744936
ZNF583,-0.44009424574976835
PKD1,-0.44025440080744366
SVOPL,-0.4402685273931604
MGST1,-0.44033037092954647
HAS2-AS1,-0.4406449508291293
INPP5J,-0.4408919034487795
ZNF786,-0.4409242132554535
A2M-AS1,-0.44104887352560296
MFGE8,-0.44112344249393093
ADCY1,-0.44119083943488857
C7orf55,-0.44121987166555093
FMO5,-0.44138428523113166
CHD2,-0.4415071592038651
ZNF208,-0.4416768223007899
UBE2Q2P2,-0.4418006276519726
SLC25A40,-0.4418370295288862
NXPE2,-0.4420078827026172
TOMM7,-0.44239046422037415
ZNF530,-0.442470379698174
ZNF444,-0.44261637718062113
FAM86B1,-0.44273527153568987
CD302,-0.443000950151312
KCNK6,-0.44352930240689165
LENG1,-0.4435317807241201
SRBD1,-0.44394539473625516
CACNB2,-0.4439662230002496
SH3GLB1,-0.44399165659209244
KIN,-0.4443988643517634
LOC100507239,-0.4444802229251254
CD226,-0.4447055138742355
NLGN1,-0.444728673582386
LOC100653003,-0.4448952899200637
TESC,-0.4450354835494205
IQCJ-SCHIP1,-0.44507104237405753
EIF2C3,-0.44520357079817896
HCG11,-0.4452503180139237
INSM2,-0.44664556456333493
ETV5,-0.4468158256435005
GAP43,-0.4469420267134188
POLR2L,-0.44699887791834025
LOC285419,-0.4470507054055708
STK32A,-0.44729878488562475
SCAF11,-0.4474369148146661
THNSL1,-0.44776309972766887
LARS,-0.4478001456650411
MMRN1,-0.447997554786965
ESYT1,-0.4480437483489885
FSIP2,-0.44864661580652293
CYP39A1,-0.44879355075183097
PIDD,-0.44901677211081265
HIRIP3,-0.44914814610852233
NPSR1,-0.4491904049960517
FAM196B,-0.44925747509742364
SYCP2,-0.4493358598790279
OSTalpha,-0.4494358099182761
CNGB1,-0.4495393154774104
CRK,-0.45002538284186855
EPN2,-0.45008354308786724
TNFRSF10C,-0.4503642295815765
DPYSL5,-0.4508346125030719
PFKFB3,-0.4514143159478447
RHOD,-0.4518391295513267
NTNG2,-0.45211956414166415
SERPINA5,-0.45292995697133637
KCNMB3,-0.45327760830950614
FAM118B,-0.4533272669622003
PLXDC2,-0.4533694106066332
PPP1R3B,-0.45376546343696317
TMEM59L,-0.45388708919488613
GLT8D2,-0.4540771915888171
ZNF483,-0.4541814115886092
LOC100505715,-0.45420634907427787
PITPNC1,-0.45439988574301937
CUBN,-0.4544651118397799
LOC400604,-0.4546730915548594
EGF,-0.455395937026748
C1S,-0.455864967194843
DDX51,-0.4559301002242688
ZNF692,-0.45605633241098287
NUP210,-0.45612283252616487
ZDHHC19,-0.4564622996042346
LOC145216,-0.4568306183809912
HYI,-0.4569216679036909
FLJ42627,-0.4569692566090701
LOC100130100,-0.4569769650078985
LOC100507330,-0.457290541972053
PCDHA6,-0.4573947042311311
EXOSC6,-0.4575636589406762
DNAH5,-0.4580838199720608
PGP,-0.4589007134088335
NEK11,-0.4589600210680355
DFFA,-0.45906092415828276
HSP90AB4P,-0.4594913123173875
DGCR9,-0.4596077298279259
DISC2,-0.45999727391287676
ATP5L2,-0.46005806962960605
ANXA2P3,-0.460338627893914
ZNF776,-0.46043652586451983
UACA,-0.4604935973781856
SLC7A11,-0.4609838334609207
MARK1,-0.4613835081554416
GOLGA6L10,-0.46168114916576714
NKTR,-0.46168797092906455
PSIP1,-0.46182004011630823
LOC285095,-0.4619883339527861
RNF214,-0.4620669509505466
CLDN10,-0.4627226911779648
CIRBP-AS1,-0.4628563347925461
CPSF3L,-0.4632207162731283
PCMTD2,-0.4633071807755139
FAM135B,-0.4633307452568106
TNFAIP3,-0.4642931717008203
GPR21,-0.4645877063679322
PTOV1-AS1,-0.4646391231984921
VAC14,-0.4646434095489424
OCLN,-0.46465646371042396
LOC100652961,-0.4649050477004497
C10orf47,-0.4655131143389578
C10orf131,-0.46554889919918113
LOC100131434,-0.4655825378822069
GNB2,-0.4659407160425437
AGA,-0.4662106229124488
LOC390940,-0.4663397724457705
VTRNA1-2,-0.46669542451336377
FAM103A1,-0.46704987473099147
TEAD2,-0.4670809167562589
IMP4,-0.46735266786509944
DOCK1,-0.4677550354409395
TESK1,-0.4681524907469407
CLIP1,-0.46820321964647704
BAZ2B,-0.46875026582472723
RIMKLA,-0.46889827915533894
USP17L2,-0.4689263603578339
FMNL1,-0.4692286442359298
PLIN5,-0.46985243730722637
DDT,-0.46987285050976607
PAPD5,-0.4701123796695858
ZC3H18,-0.470204295771813
BICD1,-0.4703336408667735
GGPS1,-0.47050625053844103
TSC22D2,-0.470537813880798
ABCB10,-0.4709322254969183
RPTOR,-0.4709903022409046
RFX2,-0.4710373591464535
FLJ41200,-0.471421343597101
CHRD,-0.47162464246031016
ACSM5,-0.47195285238999696
MYOF,-0.47243946410496296
LAMA2,-0.472448148316215
GGA2,-0.4724527027266625
GAGE12I,-0.47245990711397723
MRPS12,-0.47270840125418845
ISYNA1,-0.47278675890797434
DENND2D,-0.4728906484603645
FAM120B,-0.47322487120779505
NFAT5,-0.47333067815627927
HSD3BP4,-0.4734313053291022
CRIP1,-0.47362470416659425
C4orf19,-0.47371300325963545
VPS52,-0.47372116342708837
PSG11,-0.4742389705867582
NDUFB1,-0.47480809507995575
NTAN1,-0.4752175429301051
ZBED1,-0.4753229745054174
PWP2,-0.4754626437581505
LINC00551,-0.47549438437539376
ZYX,-0.47556941013253934
TTC30A,-0.4756654432178085
MAPK8IP2,-0.4759180580994488
CCNE2,-0.4761518541938736
LRRC37A6P,-0.47617460166444464
TOMM20L,-0.4762901093359155
LOC100509205,-0.47719918122691607
MNT,-0.47728467542686615
TAB2,-0.47731443873701157
WDR91,-0.47751738726545595
CCRL2,-0.47773071191121586
SIRT5,-0.47813336526705874
RRAS,-0.4781549860802042
CBL,-0.4782516768910168
SMARCC2,-0.47833338589341967
PDK4,-0.478365098770263
DHRS4L1,-0.47846076707594476
USH1C,-0.4787139983937285
DLEU7,-0.478811019416884
FAM27E3,-0.47887430436871314
DAK,-0.47894435655755857
TRIM44,-0.47895819327842365
NOP9,-0.47906710561522475
KLRF1,-0.4791748152690643
SESN1,-0.4793470275689665
MB,-0.4793872950514607
MIR1273A,-0.4794997592285054
ACTR3B,-0.4795161477621166
HERC5,-0.4798943345220079
SAMD13,-0.4803815649816841
POLR3GL,-0.4806656461078409
LRRC37A,-0.48116360207509373
DNAJB12,-0.48126898803964263
FXYD6,-0.48134834355662776
CALML4,-0.4815317646247206
ACSL5,-0.48160918967939187
RHBDD1,-0.4819577936122151
SERPINH1,-0.48208310495074413
SCLT1,-0.48235550798752697
DHRS7C,-0.4825439678864103
PHPT1,-0.48288132600634326
SLC27A4,-0.48313550560409907
LMOD1,-0.4834530467781009
STIM1,-0.48375492350902166
SNAR-A8,-0.48388829297169905
SNAR-A6,-0.48388829297169905
SNAR-A9,-0.48388829297169905
SNAR-A5,-0.48388829297169905
SNAR-A14,-0.48388829297169905
SNAR-A10,-0.48388829297169905
SNAR-A7,-0.48388829297169905
SNAR-A3,-0.48388829297169905
SNAR-A4,-0.48388829297169905
SNAR-A11,-0.48388829297169905
LOC100506544,-0.4841277919214937
LOC100652901,-0.484268518120298
LGALS14,-0.48434008959875086
NPL,-0.4844922763438939
S100A6,-0.48452343746280624
ZNF549,-0.484743045404698
ZNF259,-0.48475900658931903
DGCR5,-0.4847853432173352
LOC100652914,-0.48489602370735974
CPZ,-0.48499080356794416
ANGEL2,-0.48506379210881595
ZNF791,-0.48506440507750925
PARP4,-0.4854299384542711
TAS2R46,-0.48567302653356115
UGP2,-0.48588900758274295
MEF2A,-0.4869118406685203
SIX5,-0.48698433278142095
HDAC11,-0.48703570556459774
C11orf31,-0.48735051723805883
CXCL10,-0.48738758109136576
HERC2P3,-0.4873973473509854
H3F3AP5,-0.48745054843763996
RBMS1,-0.4877456750725981
HRH4,-0.4879966260748385
TMEM194B,-0.4881700744890574
SNHG1,-0.48838872970169234
KIAA1609,-0.4885078280470448
CCDC85A,-0.48875345623555644
GFOD1,-0.4892249268695003
USP24,-0.48950890046099477
TRAF3IP3,-0.4897795531747148
NOL7,-0.4898235196603645
PNPLA3,-0.4902435080480984
LOC100128979,-0.49026910464130397
DSEL,-0.49035564542729854
LSM11,-0.49039425689950467
NUP54,-0.4905330709909953
SLC41A3,-0.4906512547101341
MTRNR2L2,-0.49065232927302194
TBC1D2,-0.4907491445105156
MUTED-TXNDC5,-0.49092110970458325
NYAP2,-0.49094733406053304
MCU,-0.49123114410601226
FAHD2B,-0.4913058158026835
MDN1,-0.4916384324141026
CA3,-0.4924454494010959
LOC100288911,-0.4925924916696145
CD14,-0.4927204795931201
LOC100506425,-0.49284009349695984
DSCAM-AS1,-0.4929936116669952
CD72,-0.4930568877591365
LOC100507503,-0.49324025894770973
C7orf10,-0.49368224080437817
ADAM23,-0.49369325499900246
KIAA0664,-0.4937373463911119
FLJ41423,-0.4937722704092014
MLC1,-0.49408679488943713
HLA-C,-0.4941311858478885
SEPP1,-0.4943793723227753
TBC1D16,-0.4945768511296733
MAPKAP1,-0.4950645441864341
PER1,-0.49540342055739084
CR1,-0.49569166551831884
PHF1,-0.49571135394943944
TRNR,-0.49571534649946525
SYNPO,-0.4957634280431319
PGBD1,-0.49587508885267617
LOC100133286,-0.4958889692307794
SNORD47,-0.4959596547647116
ABCB4,-0.4964384218837338
RAB30,-0.49649198055818416
FRMD4B,-0.4968631574368073
WDHD1,-0.4972321437766453
ZNF780B,-0.49751372637310337
ZNF580,-0.4977046881933805
KIF1C,-0.4977327654449698
MVP,-0.4977360196705554
LOC100289196,-0.4977924133552424
NCKAP5L,-0.49825550210586395
NAA16,-0.49904933598833545
USP19,-0.4993204232627352
ZNF833P,-0.49942914672783734
SFPQ,-0.4995931893873096
PNMA1,-0.5000747036342769
ADK,-0.5000925130909905
C19orf52,-0.5001292916221505
TEX101,-0.5005509771065831
PIK3C3,-0.5006704047305456
LARS2,-0.5008868123834075
WDR75,-0.5008892739598356
PHF2,-0.5008926437921115
OLFM1,-0.5010690887324124
CLDN15,-0.501137239559207
IL3RA,-0.5013246231972109
LOC100506551,-0.501740814937399
FAM134B,-0.5018579028945803
TGIF2-C20ORF24,-0.5019135797441975
GALNT1,-0.5020843414087782
GPR3,-0.502150183199281
LOC100506030,-0.5024337359661932
HIST2H2AC,-0.5024719645849183
TIFA,-0.5025926159372044
KIAA1456,-0.502620241107777
ZMYND10,-0.5029634613018258
LINC00470,-0.503145180433373
TMSB10,-0.503161122602988
CEACAM8,-0.5033067135370706
FUBP3,-0.5036397557874723
ELL2,-0.5041161540677979
PALMD,-0.5042412669448019
MCM6,-0.50464469046101
FCHSD1,-0.5046524674566951
BCL6,-0.5055055089751017
AHCTF1,-0.5056224306141913
ZBP1,-0.5058007083705478
KCNH3,-0.5061316132526748
INVS,-0.5061820239679375
GDPD3,-0.5062677704505388
LOC100506036,-0.5062721267610693
TNFRSF10A,-0.5065907246662508
PRMT5,-0.5066722838034663
RNU105A,-0.5066991355340448
C15orf52,-0.5071211848320976
STAU1,-0.5072693634085346
MYOZ3,-0.5074445360825951
RTP4,-0.5075456783619618
TMEM41A,-0.5077886394317154
EBAG9,-0.5078343085896923
MAP7D3,-0.5085884153702912
ZIC1,-0.5091847027631466
HIST4H4,-0.5092378224388755
CTNND2,-0.509406180220637
TMEM129,-0.5094074277961402
ZNF544,-0.5099010792169923
LOC91948,-0.5102395089772307
PPM1A,-0.5105499304865484
DRD5,-0.5106549849242619
MED19,-0.5106808916261101
UPK3B,-0.5107338648704407
ARF6,-0.5107472951289307
TXLNA,-0.5109245910596986
SNRPB2,-0.5111552091678946
TMEM198,-0.5114400073703843
FANCA,-0.5117008467651764
DNA2,-0.5118304139311088
ICAM1,-0.5122331430908642
BRP44,-0.5123261389555183
CSGALNACT1,-0.5123500290337614
RPRD1B,-0.5124888908503659
PARP14,-0.5130421657281957
CCDC149,-0.513263215480547
SLC39A1,-0.5133109167738545
FAS,-0.513378872297222
NFIC,-0.5136139891674423
NBPF10,-0.5136372071061229
SFTPD,-0.5137171129601021
COX5B,-0.5141441462118563
SETD1B,-0.514477842477184
SLC23A2,-0.5145107551760731
SPEN,-0.5145827063063739
RYK,-0.5145966992051912
POLR3G,-0.5147484913419716
RNF32,-0.5148871197403311
EFTUD1,-0.5151029696548762
RNASE6,-0.5152139353410398
ITGAX,-0.5152175209197923
UGCG,-0.5152856717091813
HLA-DQA2,-0.5152931418570694
CHRAC1,-0.5156099799883783
GLTPD1,-0.5159969851591237
APBB1,-0.516332067904125
LOC100506912,-0.5167151159554567
ZNF385B,-0.516788116433218
CH25H,-0.5173952237058499
TRNAQ24,-0.5175602309768776
TRNAQ22,-0.5175602309768776
TRNAQ16,-0.5175602309768776
TRNAQ11,-0.5175602309768776
TRNAQ1,-0.5175602309768776
PRX,-0.5176162930057894
LOC100652998,-0.5177679060649855
TMEM150A,-0.5185087829723667
ROCK1,-0.5186368423094803
HERC4,-0.518740970824863
DCAF12,-0.5187905291242828
EN2,-0.5188163963561727
DENND2A,-0.5190551227330388
C2orf55,-0.5194961261698167
C10orf85,-0.519504785194502
SURF2,-0.5198460763674531
SEMA3B,-0.520167405600904
SAPCD1,-0.5201746255757016
B3GALNT2,-0.5201912176652576
FAM111B,-0.5202035131455772
MIR22HG,-0.5203325062992348
PTENP1,-0.5204409095435066
MSTN,-0.5204432433730434
URGCP-MRPS24,-0.5206757198879485
CBX8,-0.5213118718969023
YPEL3,-0.5213381823137558
CLK1,-0.5213818255742374
UBTD1,-0.5217288850527143
PPP1R12C,-0.5217538119329554
LOC150568,-0.5218017840582075
HSD17B1,-0.5219782641821319
MATN1-AS1,-0.5222539198342375
TNFAIP8,-0.5223371844347771
SMN2,-0.5226657275396329
MIEN1,-0.5226712072562082
LOC100507284,-0.5229857956914737
SIX3-AS1,-0.5235466633192466
INE2,-0.5238295547526995
GDAP1,-0.5238365203636375
SEMA4F,-0.5240591724807154
COL6A4P2,-0.5245483456277813
LOC100134368,-0.5247162733565193
PTN,-0.5248265758934452
MTCH1,-0.5253918830057642
RHOG,-0.525579681369566
RPSA,-0.5261830211864752
HEATR2,-0.5262155780540844
C15orf38-AP3S2,-0.527115461142776
C3orf52,-0.5273158723143482
POLR2A,-0.5275615337301736
TMEM55A,-0.5277116723978762
PHLDB3,-0.5278150191980618
TOP3A,-0.5279141664319424
POMC,-0.5279577561383795
LOC100289098,-0.5281708737499782
HIST1H2AG,-0.5284707048615027
WDR89,-0.528871771773136
MIIP,-0.5289874767567566
LOC283731,-0.5292675909007937
TCF12,-0.5294590276911189
KIAA2013,-0.5295577590442658
STAT4,-0.529692176797739
LOC439994,-0.5298636269452028
CHM,-0.5298653575768605
HPGD,-0.5299122529538958
PNKP,-0.5299177364315469
TMEM230,-0.5302441186201995
FOXC1,-0.5302654247272213
USP8,-0.5304618590684413
SLC9A4,-0.530486009512461
GFI1,-0.5305202440774682
ZNF180,-0.5306001607552332
LAMTOR1,-0.5307335959914063
BIK,-0.5307520979414646
TTC5,-0.5308087215243578
POC1B,-0.5309895603197292
ATRN,-0.5311103378941385
TRMT10A,-0.5314939280863268
PRDX5,-0.5323650932955991
ZNF436,-0.5325602558945548
C15orf39,-0.5326097321587642
MAP3K1,-0.5335791747761359
OLFML1,-0.5339530398533485
TCEAL2,-0.5340433373780286
AMICA1,-0.5342347294625254
FAM188B,-0.5343240038320266
KLK1,-0.5345456143180095
JDP2,-0.5345759947311595
GPR158-AS1,-0.5346190355004176
HAVCR1P1,-0.5353941830749097
VPS37B,-0.5355320596395895
DHFR,-0.5356048478714222
FBXW4,-0.5356453922094474
LOC100287015,-0.5359788670924162
LOC100506687,-0.5359935600702853
PBXIP1,-0.5360558373195088
LOC283335,-0.5360957801379209
NDRG2,-0.5361381744974419
PNRC1,-0.5362211340065128
DMAP1,-0.5364485239961532
MEF2B,-0.5366072651899161
AP4B1,-0.5367810164441562
LOC100131541,-0.5368397323962704
NUP107,-0.5370074123853283
LINC00515,-0.5372114205081958
SAP30,-0.5376193705808556
UFD1L,-0.5387751368768852
LOC100652896,-0.5389394277417863
COX10,-0.5395393538957431
SDK1,-0.5395840971312457
GAS6,-0.5397311664705606
LOC100506191,-0.540126172301924
TMEM205,-0.5401292656744023
UVRAG,-0.5401346103093295
ZNF703,-0.5403945728366011
TMEM104,-0.5408865813544655
C1orf38,-0.5409217370276613
RAD50,-0.5409272254943034
LOC100131395,-0.5409384938051885
TCHP,-0.5409685121517668
TTBK1,-0.5409905306874585
SQRDL,-0.5410263150907971
NRXN2,-0.5410615807452575
TJP2,-0.5411228970552047
HSP90AB2P,-0.541152492430408
AXIN1,-0.5414107040746045
HNRNPUL1,-0.5414112237500518
KCMF1,-0.5416463739046369
SLC35D2,-0.5418372901183571
LOC100507054,-0.5432341994774327
STAC3,-0.5435058002337729
PDE11A,-0.5435686694808719
RPL4,-0.5437110714585882
PIGQ,-0.5437112244388297
SOX2,-0.5437624530502544
SH2D4A,-0.5443171689801275
UBE3B,-0.5448112399101865
ASH1L,-0.545221517335279
FLJ31485,-0.5453097657308502
CUL7,-0.5453307009487455
NUMA1,-0.5453685674128302
TRNF,-0.5453805524557096
SIVA1,-0.5454249679857205
NDNF,-0.5456827679357198
C9orf47,-0.5459363162189936
CHURC1,-0.5459397002782496
APOOL,-0.5460428898182734
LOC654433,-0.546101972989585
KIAA1614,-0.5461738057225146
RPL29P2,-0.5463983758491454
LINC00410,-0.5465602688131002
DHX30,-0.5466939660833824
SIGLEC1,-0.5472807549791405
RAD23A,-0.5478295546674715
TMEM136,-0.5478960502250826
LOC100506342,-0.5479162254044043
CDKN1A,-0.5483433433963381
LOC401093,-0.548795569253485
BMPR2,-0.548826894116774
POF1B,-0.5489099587506877
HTR2A,-0.5491714240934408
ARFGAP1,-0.5492480822528956
MDFI,-0.5492802802882916
MITF,-0.5494243533389821
LOC283914,-0.549694412995963
C6orf106,-0.5497079429559628
METRNL,-0.5500490080346632
LOC100507445,-0.5503330425831825
OMD,-0.550364949972641
IFI16,-0.5510533631311394
ATG2A,-0.5511717013498862
TRIM35,-0.5512905013456069
EXOSC4,-0.5520390803848505
ENTPD6,-0.5523103968505592
GALNT8,-0.552463498354135
CASP8,-0.5528136763935426
LOC440900,-0.5529929174883811
ZSWIM4,-0.5531978457857056
MTL5,-0.5535007276385152
MYBPH,-0.5535369433545275
TMEM63A,-0.5536065855752706
FAM53B,-0.5536448239958519
LY9,-0.5541601464129615
PON1,-0.5542167056543847
LOC100506497,-0.5542412602699753
TGFB3,-0.5544097464163955
NEK5,-0.5544821397717902
RHOBTB3,-0.5545904085800294
ITSN1,-0.5547247456168413
TXNDC16,-0.5547731108625351
CC2D2A,-0.5549294988217593
PTPN20B,-0.5553165781756486
CHST8,-0.5555712078475716
NRIP1,-0.5558831302790661
SDC2,-0.5559550750114665
TMEM191C,-0.5560032362910305
PRLR,-0.5560135187158384
FAM199X,-0.5560967004339287
WWTR1-AS1,-0.5562716338183984
ANAPC7,-0.5566042573568353
CDCA5,-0.5567015306870198
SLC22A3,-0.5568994760176259
ZNF575,-0.5570095678513776
TRIM65,-0.5571139490778987
SNAR-C4,-0.5573051048184108
PTGFR,-0.557429776201804
PCDH10,-0.5574651507994367
LOC100129060,-0.5575401693895452
MIR1244-2,-0.5582372467025102
MIR1244-1,-0.5582372794845107
CCDC111,-0.5582586805495687
AP4E1,-0.558335803881596
PDE1B,-0.5585505068530556
NUDT14,-0.5585726405037613
PTK7,-0.5587242408715937
CDC42BPB,-0.558754865094387
MAD1L1,-0.5588910354877793
CCL28,-0.5593234183457556
PGBD3,-0.5593941648021874
PHF20,-0.5600833996961083
BRIP1,-0.5602708717806327
LOC386758,-0.5603314135393358
ATP8B2,-0.5604697487761868
OTUD3,-0.5606474619310515
MYO16,-0.5608375955330809
IZUMO4,-0.5609553610599645
SIRT7,-0.5611858503684585
PTTG2,-0.5612866781949309
GCAT,-0.5614114148625534
CREB3,-0.5614975768340735
FAN1,-0.5616088699762231
GANC,-0.5616964124541537
SLC25A39,-0.5617944080861893
FXN,-0.5621339905447146
LOC283588,-0.5622783896553295
GMFG,-0.5625334504555655
CIC,-0.5625955108625124
UBQLN4,-0.5627377021041243
SIRPG,-0.5629157500446796
DDX59,-0.5629211422809746
CRY2,-0.5630824240319445
LETM1,-0.5631828241249318
NDUFA11,-0.5635179144687675
NBPF14,-0.5642748993264061
LOC145663,-0.5648526563767058
RNF220,-0.564896483673981
FAM19A3,-0.5649345710506715
PAF1,-0.5650098802307066
GPR1,-0.5651375547641566
SLC7A2,-0.5651568925189181
KIF3C,-0.565216473508568
LOC100506115,-0.5653850459606463
TRIM47,-0.5654894392153661
PLXNC1,-0.5655189943287058
ENOX2,-0.5656288200294881
NKX3-1,-0.5657691274341415
ATPIF1,-0.5664996572441088
LOC100506835,-0.5665021719198895
POLK,-0.5668622708917184
ORAOV1,-0.5670446830168067
IRF9,-0.5671860898613432
RANGRF,-0.5671915576933979
SLC35F4,-0.5673738212895286
SFR1,-0.5676046505753178
RPL22L1,-0.567627658019822
ATP5E,-0.5681811044382183
CDH5,-0.5684498442514951
EDA,-0.5688314094687369
PSMF1,-0.569385804258562
RPP21,-0.5694188394637809
SLC43A2,-0.5694721966888672
SOCS2-AS1,-0.5695225651642911
DHX33,-0.5697227616931498
CA13,-0.5698111576696456
RPL23AP32,-0.5700633326111679
LOC100505716,-0.570221879511799
C1orf140,-0.5702515775198509
EXOC6B,-0.5703254913412484
SKAP2,-0.5703385597850593
CCDC137,-0.570405331171815
FAM138A,-0.5706786881737401
FAM138F,-0.5706786881737401
SCAMP4,-0.5711093225692891
LOC100652843,-0.5711436232880105
LOC100652734,-0.5712823474293937
TAF5L,-0.571416384033348
PLA2G2D,-0.5719990932659818
HLA-L,-0.5720082004539381
FOXD4,-0.5721842475976544
NUDT9P1,-0.5722525697217649
SERPINA3,-0.5724161595063322
SNCAIP,-0.5727003798270891
RASSF9,-0.5739175568048591
PCDHA12,-0.5739710545195377
INSR,-0.5739966028188727
PIGU,-0.5744409318156023
DEPDC5,-0.5745037506322326
MYLK4,-0.574907171883444
YDJC,-0.5750336388150274
LOC493754,-0.5750691328815818
LOC254100,-0.5750851257707879
PPP1R8,-0.5751346090260501
LOC148413,-0.5753178638936092
ANO1,-0.5754898606475695
PCA3,-0.575524315676746
KCTD8,-0.5758069712477797
NIP7,-0.5758202792979756
NDE1,-0.5759203745031239
CYP8B1,-0.5761745147963862
DEFB4B,-0.576313857509815
INO80E,-0.5764826128840913
LOC100131510,-0.5768674920080085
VPS45,-0.5771362286958369
DAZAP1,-0.5773495573520356
SP140,-0.5773972315595496
UQCRHL,-0.5775212458162565
NAGLU,-0.5778940923163173
LINC00299,-0.5780095325983218
FAM115C,-0.5780373834435704
RPL21P44,-0.5783331464796685
PMS1,-0.5786983800269634
C1QTNF3-AMACR,-0.5796711944714569
CLEC18B,-0.5800806541162523
CD80,-0.5800876172285394
SLC43A1,-0.5801909913203327
APOC4-APOC2,-0.5803696838565159
CLEC4C,-0.5805306681811817
ATF2,-0.580769247359251
FAM196A,-0.5808202321763869
ZNF37BP,-0.5808358358147756
LOC100507161,-0.581472197844942
LIPT1,-0.5815164903747068
SMARCD3,-0.5816142412501552
CHP2,-0.5817910248248988
TAF6L,-0.5818377855123917
UST,-0.5818993242756907
MRPS9,-0.5820690376719931
ST3GAL3,-0.5821411782278049
RDH12,-0.5823112667463827
NHLRC1,-0.5825571345406318
MAP9,-0.5828171936258386
CSMD2,-0.5828409548748624
ZRANB2,-0.5831838158480883
LRRC32,-0.5832123823520636
AZGP1,-0.5832870615595432
NAGK,-0.5833529386867846
SIGMAR1,-0.5834467520895197
SLC38A9,-0.5836312410485093
MEF2D,-0.5838699054400383
GGT7,-0.5838843605473261
TMEM121,-0.5839374911862837
PCF11,-0.5841519880435627
CNEP1R1,-0.5843332660543226
MCM9,-0.5843609959945494
ENTPD7,-0.5845772203918557
FBXO40,-0.5846915419027386
CYB5R4,-0.584696506054196
GDPD5,-0.5849069119047198
PPARGC1A,-0.5850148735167512
PIN1,-0.5851199178495541
ACSM3,-0.5851871178561272
VCAM1,-0.5853179627514308
WTIP,-0.5858324556479663
PSENEN,-0.5864089111627514
GCDH,-0.5865312135391486
RSPH10B,-0.5868008575289806
LEPREL1,-0.5871638564322352
HABP4,-0.5872811741895118
DISP2,-0.5873681828318612
PAPD4,-0.5876164370360137
PREX2,-0.5879526255667982
CTBS,-0.5880695828544794
NOVA1,-0.5880736354130576
POTEM,-0.5887241535511092
YIPF2,-0.5894221143491754
C14orf169,-0.5899505283409799
TPTE2,-0.590381406375969
LGALS17A,-0.5905897885245526
FBXW8,-0.5906798936015609
GPRIN3,-0.5909552694773066
ZNF573,-0.5910560381977027
EPHA5,-0.5911040363216321
ADD3,-0.5911740130113333
VPS36,-0.5913159619800827
RCSD1,-0.5914698729354478
GNN,-0.591666805876095
SFSWAP,-0.5921513212294606
EMP1,-0.5921719899423488
SNORA21,-0.5922725238170466
CEP57L1,-0.592410712290566
LAP3,-0.5925493324898611
BAIAP3,-0.593206646981409
LOC100505531,-0.5934583369605975
KIF17,-0.5934586138795115
UBAP1,-0.5935029127810079
SERPINA1,-0.5936391775200154
DUSP13,-0.5941713173985727
MARCH10,-0.5942090860108793
SRPX,-0.5950594775587238
EMP3,-0.5951095365732983
PEG3-AS1,-0.5952847364683341
CYP4B1,-0.5954280666196532
MS4A1,-0.595553313883678
LOC100506516,-0.5955983236176402
NRIP2,-0.5956577146924456
KDM2A,-0.5957242415339259
NCOR2,-0.595750602068383
SLC6A20,-0.5958067389181866
CCL2,-0.5958179022344181
TPT1,-0.5961441544661537
CCDC148,-0.5963588241710975
NOS1,-0.5963838266449776
LOC100507241,-0.5963866706190448
RALBP1,-0.5965991637362141
FAM19A4,-0.5968118393943257
MATK,-0.5969656088265471
ZNF253,-0.596988413876127
GPR161,-0.5970311317453041
ZNRF3,-0.5970995643366444
QSER1,-0.5971174329300133
RBM14,-0.59732862107737
CCDC62,-0.5974632840515308
GLYATL1,-0.5978764684909887
LOC283663,-0.5978892758553651
BORA,-0.5980410580602901
INO80B,-0.598081538819042
GUSBP3,-0.598501149818727
VPS18,-0.5989350271109816
PLEKHH3,-0.599099771683724
GLI1,-0.5993256883260719
PRSS21,-0.5993639269880863
DLGAP2,-0.5994090003129915
LOC100505949,-0.5996016596205548
KIDINS220,-0.5996434955489323
PIGV,-0.5997745763690443
NARG2,-0.5997800157230749
LOC100506606,-0.6003721970677486
GPATCH8,-0.6005432693750302
IFT172,-0.6007712620628253
ZNF358,-0.6008713368827632
C6orf226,-0.6012871501623418
MSRB2,-0.6015386050378653
SIN3B,-0.6015563826554174
FICD,-0.6015594355466486
RAB11FIP5,-0.6016251597041077
SHOX2,-0.6018619399256334
RBM14-RBM4,-0.6020958047343704
EIF3J,-0.6022159023766939
GLE1,-0.6026126589968511
TAP1,-0.603088510200566
IL17RD,-0.6034533013049893
ODZ1,-0.6036524502911785
HCG9,-0.6037225408267101
EXD2,-0.6037331808444083
MIR421,-0.6037510715937197
HM13,-0.6041385815645816
NINJ1,-0.6042449736015305
SFMBT1,-0.604337818551727
WDR76,-0.6044094834066228
SNX6,-0.6046039311851563
TAOK2,-0.6047297246716581
ANXA11,-0.6047971317018105
KCNJ9,-0.6048261330161973
FAM58A,-0.6055051111622831
ATP6V1G2-DDX39B,-0.6056231920560424
LOC100506228,-0.6062261487916163
TRMT13,-0.6063495982324671
CASQ1,-0.606408958115474
LOC100616530,-0.606599080499464
AREGB,-0.6067000858297416
CSF1R,-0.6072127269300982
DDX31,-0.6072950116740568
FAM98C,-0.6074577438246913
EIF4E1B,-0.6075282971776839
BBS9,-0.6076633623146556
GCFC1,-0.6077865553370053
KRIT1,-0.607980909926003
MRPL17,-0.6082377684359367
FAM185A,-0.6084793610267715
TMEM131,-0.6085011106161052
LOC100507564,-0.608720637806848
LHX1,-0.6087302159846235
RBM34,-0.6087519706641359
SHC4,-0.6089196179756138
C12orf61,-0.6094423740712586
EPB41,-0.609568768667843
FLJ21408,-0.6095941162665129
LOC256880,-0.6096507609179929
C9orf133,-0.6098956328997547
NCLN,-0.6103595509722459
CSTF3,-0.610645297351858
STK33,-0.6107085567180026
CALHM2,-0.6107538325308746
LOC100507092,-0.6107927230859778
FGF14-IT1,-0.6112233961851345
AKAP2,-0.6112725339003265
ATP1A2,-0.6114329327105003
TRMT112,-0.6114427334553822
LOC100652840,-0.6116101494375705
PGM5-AS1,-0.6116240930484448
LOC348761,-0.6117163775026311
GOLGA2,-0.6118840761234633
CD160,-0.6119606645799468
ZNF785,-0.6121754895551538
SPATA13,-0.6124633970113131
RABL6,-0.6126730771085974
LOC100506388,-0.6133412740906808
TNIP3,-0.6141221551565861
ERO1LB,-0.6142285888967934
LOC100506927,-0.6143648411672752
CINP,-0.6144103963029278
TMEM161A,-0.6146036118595491
NPAS4,-0.614632574037593
BTBD2,-0.6148415297872559
EPYC,-0.6151612170279912
HS3ST1,-0.6155082734969438
CCDC170,-0.6159785638106551
UBASH3B,-0.616149623164616
ROBO3,-0.616471029917929
ADM2,-0.6168395365778135
LOC100505633,-0.6170758936500453
ANKRD36B,-0.6172868019428601
LOC100129434,-0.6174239098547388
PLEKHG6,-0.6179702097473901
PKN2,-0.6181151227721152
ALDH4A1,-0.618180165157235
ZNF784,-0.6183512283279186
CDKN2B,-0.6187040289175176
ZMIZ1,-0.6187743953819229
CAPNS1,-0.6194500757297111
LOC100506338,-0.6195660686320952
STAT3,-0.619589972919552
TBC1D9B,-0.6198822488707977
LINC00598,-0.620132534331521
PITPNM2,-0.6206369098926717
B3GNT9,-0.6207577151621295
LOC100652949,-0.6207824874474234
IFFO1,-0.6209281465901285
RTN4,-0.6209790203383003
SFXN2,-0.6212580971758337
PPAPDC1B,-0.6214883265095343
LOC100507265,-0.6215085162109142
WDR90,-0.6215922382253126
AANAT,-0.6217674545624884
MT1DP,-0.622221078362043
RUSC1,-0.6225369897873295
LOC100506834,-0.6230020677097704
HIVEP2,-0.6230021209854928
C20orf26,-0.623408759850929
ASCL1,-0.6235057485345424
MGST2,-0.623604836453097
LOC148709,-0.6236347387907628
RHBG,-0.6237485561109638
PPARG,-0.6237664271041466
GALNT3,-0.6239314098461084
INHBE,-0.6241262290171773
LAT,-0.6251167179648932
ALDH3A2,-0.6251729095376107
POMZP3,-0.6252814400936292
TRAM2,-0.62537689320156
WHSC1L1,-0.625696358522493
MICALL2,-0.6257308857201197
SGK494,-0.6260563861312203
LOC100127885,-0.626252488387947
GGTLC2,-0.6265201973249233
BTN2A1,-0.6268378703664728
PNPO,-0.6269054290704597
INPP5E,-0.6269686316637466
LOC100506965,-0.6270286701924047
PI4KAP2,-0.6270491153172949
GPLD1,-0.6271522446277534
REEP6,-0.6272969267382978
HIST2H3A,-0.6276624627930624
HIST2H3C,-0.6276624627930624
TDRD12,-0.6277815277669572
FKBP8,-0.6278865485500451
IFITM3,-0.6279015611901767
FLJ45256,-0.6280669886566634
SLC1A5,-0.6280951216981794
LOC100507525,-0.6281465316828956
EML1,-0.6284059692947439
HLA-DRB1,-0.6284109074702295
NAB2,-0.6286227533298109
NSMCE2,-0.6286504947614351
CD4,-0.6289253327644901
PDAP1,-0.6289390858779191
AIRE,-0.6289600715390912
GTF2F1,-0.6289884383745522
MBD4,-0.6292735309272314
CDC42EP1,-0.6293672095331505
GRAMD3,-0.6293728890253197
FLJ39632,-0.6294433723466698
METTL7B,-0.6295313920857759
DGCR6,-0.6297038369941984
SRGAP2B,-0.6308007855331047
PCDHGA5,-0.6308840400417884
GPR75,-0.6311824423873106
OIP5-AS1,-0.6312072914993698
GPR128,-0.6312359803269328
CASP12,-0.6314706497504395
NHLRC2,-0.6314752612594724
KRT8P41,-0.6315954923077408
LAMC2,-0.6317451485681197
DPP8,-0.6318863202070092
LOC100507144,-0.6320258285794145
FLJ23867,-0.6321349596212942
PPP1R35,-0.6321920739003761
SAA1,-0.6323680927718782
WDR81,-0.632408980531588
HEPN1,-0.6324505121248857
DNAJC13,-0.6327779983808978
LOC100506457,-0.6328508261042041
REM1,-0.6335246727483073
TMUB1,-0.6335863762089294
CCDC164,-0.6339371559185629
DPY19L3,-0.6340420480243022
NLRP11,-0.6344230389672473
HSD11B1L,-0.6346033233534516
PLEKHA5,-0.634767197104881
MKS1,-0.6350270703362458
LILRA2,-0.6352093656278581
LOC100506075,-0.6352132812928017
ZFAND4,-0.6352655694457742
DNAJC24,-0.6353398591725113
MRPL1,-0.635744649511076
LOC151174,-0.6358046279069914
MST4,-0.6361727650501138
HES4,-0.6361784735481004
DST,-0.6363417795275094
PROSAPIP1,-0.6365045509921536
TNF,-0.6366157396077117
B3GNT2,-0.6366458066174651
CREBZF,-0.6367057692424335
COMT,-0.6370133750606566
SBSPON,-0.6370175140366064
ARHGAP26,-0.6370356141829778
SLC20A1,-0.637736758942786
PTGER4P2,-0.6377371174412778
PDLIM3,-0.6379118923098679
MPLKIP,-0.6379737324110045
BATF,-0.6380033729829827
RPL17,-0.6381190216762862
PDIA3P,-0.6385161075109365
LOC100652951,-0.6385334257527397
KIF1B,-0.6386773649287675
PLA2G16,-0.6388567417699729
DKFZP586I1420,-0.6390890996122487
ZNF695,-0.6392506463133241
RNFT1,-0.6394890735859506
H6PD,-0.6395681204526965
TMEM120A,-0.6401576204840171
PDK2,-0.640286152951872
RNY1,-0.6404346260049901
CPNE3,-0.640477315573019
RFPL1-AS1,-0.6407553654380916
OSCAR,-0.6408551912971926
KCTD1,-0.6414386388458874
FOXG1,-0.6414921592339207
PPP4R1L,-0.6415262484805837
GPR64,-0.6417017199637204
BAI3,-0.6417231914479651
HMGN5,-0.6417740083863676
LOC255130,-0.6420473762573765
ZNF204P,-0.6423039276355595
MAP3K2,-0.6423585342092457
CD1D,-0.6423720675091897
ZNF121,-0.6424330472888999
L3MBTL1,-0.6425272973737541
LOC100505516,-0.6425892642410655
CPNE1,-0.6426424968020018
CST1,-0.6426786158738106
SLC16A3,-0.6427255014153185
FSIP1,-0.6430303044914439
MMP2,-0.6430725552892971
JAM2,-0.6438214156704924
SCAND2,-0.6439886927641681
TMED6,-0.6440673266615815
ADCK4,-0.6440854196655275
LOC728975,-0.6441856092599147
EGFL8,-0.6442522368313773
ATL1,-0.6445822418591708
MFSD2A,-0.6446095777474452
SHKBP1,-0.6449989497529885
NUDCD3,-0.6450852548605326
HIC2,-0.645087910036539
CCL23,-0.6451779732829775
EIF2D,-0.6453031266716266
EFR3A,-0.6461799946545446
IKZF4,-0.6462734736750311
IL10RB,-0.6466879374137215
CBS,-0.6467961701342896
WNK1,-0.6469143510604222
EN1,-0.6470257315046013
KLRAP1,-0.64712546348298
FANCM,-0.6471418592073535
SNORA9,-0.647396346719005
PHKA2-AS1,-0.6477584786915567
CTR9,-0.6477591681379194
GJB6,-0.6481010975471568
C12orf68,-0.6481450107649029
NPM3,-0.6484639171703186
NUDT18,-0.648974283446049
MLH3,-0.6491669795039302
TRADD,-0.6495098602899667
SCARNA9,-0.6500530214365895
ARHGDIB,-0.6500579931717055
MPL,-0.6507194155989255
MIR5047,-0.6511310026217931
LHFPL5,-0.6519388503863779
EPDR1,-0.6522040698785185
MFAP3L,-0.6526836901832539
SNX16,-0.6534567814920745
SND1,-0.6539268157393959
FBP1,-0.6543455669480899
ADAMTS9,-0.6544153265249326
RARA,-0.6546265019049977
ALS2CR11,-0.654631480656748
ZFP91,-0.6547366862542648
SIDT1,-0.6548181928395603
LOC653720,-0.6556050690529865
LOC100505876,-0.655622177001163
LINC00472,-0.6556906980191274
DEFB109P1,-0.6557551696114201
SNORD50A,-0.6557847485988053
WDR43,-0.6562965090417345
PAMR1,-0.6563089261226788
LOC401320,-0.6567560013034187
S100A9,-0.6569368368388685
SPATA2,-0.657030926783834
TCOF1,-0.6574121138536544
CRLF3,-0.6574415153110263
PKN1,-0.6576780538405673
PPP2R1B,-0.6580001831258182
LOC100506542,-0.6582097288718838
LOC100507103,-0.6585803666169335
MTHFD1,-0.6591323575968678
SLC30A4,-0.6592689403764513
JAG1,-0.6596158222078533
PDLIM2,-0.6597329155306474
ATXN1L,-0.6599051684541387
FLJ44881,-0.6609338697818694
MS4A2,-0.661052084700099
SLAMF8,-0.6613360416160895
LINC00102,-0.6615725050086003
IPCEF1,-0.6618689182895768
LINGO2,-0.6619887815700234
NEK1,-0.6620390182868532
B3GALT1,-0.6620693435416638
CTCF,-0.6621087559603529
LINC00476,-0.6621190744597305
LOC100506021,-0.6622440122410861
PRKAA2,-0.6625595166402726
USP40,-0.6628429538173448
BCL2A1,-0.6629740565240202
ABCC4,-0.6630827437476902
C2orf88,-0.6633068494819546
NCOA5,-0.6634616756607548
LOC100652764,-0.6634884795784777
SNORD4A,-0.6635319412529855
TPD52L2,-0.6636779622258578
PNPLA6,-0.6640763638233517
CCDC89,-0.6641503979180381
SORL1,-0.6644043078924415
SLC39A12,-0.6644255154399785
CXorf21,-0.6648502516537412
LCORL,-0.6649218350010734
CACNA1D,-0.6650740455331842
DISP1,-0.6652667303304042
FMO3,-0.6654326628361357
SLC28A1,-0.6656871896887769
LIME1,-0.6657659714901981
SNAPC4,-0.6657975291451133
WARS,-0.6658970007915664
ABHD11-AS1,-0.6661257337634778
DCUN1D2,-0.6661538695159942
RASL11A,-0.6662961210396958
MGC12916,-0.666631088668633
LOC100506276,-0.6668531143306223
NBPF3,-0.6668824654635241
ZNF148,-0.6669024424718448
SNORA5A,-0.6669538313143861
MASP1,-0.6676541137205807
WEE2,-0.6677628498374059
DCAKD,-0.6677704179183478
TCTA,-0.668374971075991
CBX6,-0.6685720128803253
C14orf118,-0.668576186201324
GIMAP7,-0.6687832732867415
LRRN1,-0.6690432720503766
ZNF251,-0.6693242003541168
DDX24,-0.6695493718970591
IER2,-0.6696580656959865
LOC644634,-0.6698310379612684
SLC2A11,-0.6698384001530371
MTHFS,-0.670030009122307
LOC646808,-0.6702118208028817
CCIN,-0.670256632521865
LOC100507516,-0.6703794593995528
LOC729770,-0.670639314480548
LOC649395,-0.6707091736177265
EVC2,-0.6709128763518541
ARMCX6,-0.6709485548804682
TRIM24,-0.6711766653220828
GPC4,-0.6711816917118606
PADI2,-0.6713593228213866
ZFP57,-0.6718139046030105
ZRANB2-AS1,-0.6722960647768627
ERCC2,-0.6723350116373564
PXN,-0.672400180404419
CD300LG,-0.6724305717328128
MDM1,-0.672457367811117
FBXL17,-0.6725666791663193
C15orf29,-0.672625627868809
TSEN54,-0.6727753937342824
OSBPL6,-0.672874375403867
MCM3AP,-0.6729817753491899
C9orf40,-0.6734932038283049
ST13P4,-0.6736220323729998
PDGFB,-0.6736470661475551
IFNG,-0.6741514118426294
MFSD4,-0.6742440922389003
TNNI3,-0.6742943250836125
TSNAX-DISC1,-0.6744224939505872
LOC100506659,-0.6746755153529825
LOC100506291,-0.6746937272478665
KCNQ3,-0.6747887070164662
LOC100288420,-0.674861896171301
MARS,-0.6749854205311361
NPR2,-0.6755046906627634
TUBGCP4,-0.6758905789863118
BTC,-0.6759635828061727
UBR5,-0.6759826027015231
NPFF,-0.6763023743996948
UHRF1,-0.6763608385653538
RALGAPA1,-0.6763787259999436
LRFN1,-0.6765732251374106
F11R,-0.6766023117256297
R3HDM4,-0.6766029211707166
C2orf63,-0.6766608217162924
AR,-0.6774030863697552
REEP3,-0.6776642906116164
SMPDL3A,-0.6778791793037009
THOC6,-0.678044503491606
LOC644192,-0.6781429104643582
HYAL4,-0.6782559360595012
SSH1,-0.678446294057231
PSME1,-0.678691308839098
RAB22A,-0.6789024617607212
LOC100506290,-0.6789406463880395
GRK6,-0.6789566791523348
FOXJ3,-0.6791731880880226
NS3BP,-0.6798442020400032
CEP290,-0.679883132288878
LOC100507462,-0.6800120580207912
RNF216P1,-0.6801051381519391
ZNF280D,-0.6801333914136029
ELOVL7,-0.6802857139633283
LOC100506678,-0.6805047709073418
SIK2,-0.680748857373561
MGMT,-0.6813332198033052
GSG1,-0.6817282727132211
H2AFX,-0.682138695924284
ITIH2,-0.6822053272315975
LOC100652959,-0.682739385559652
PPP6R3,-0.6828776595130325
LRRC34,-0.6830093425519478
SLC12A6,-0.6830878818202242
FAM225A,-0.6832682772506876
LIPG,-0.6834698569717009
SLC35A1,-0.6836373182668724
GAS8,-0.6837834258150419
MLN,-0.6841699080765343
NABP1,-0.6845090029403994
IRAK2,-0.684590571723765
ZNF823,-0.6845987543152834
ABTB2,-0.684664638565243
ZSWIM6,-0.6850708480093202
C9orf50,-0.6854603575238971
MTND2P28,-0.6855172224122799
TMEM192,-0.6855641041677101
LOC100505761,-0.685697214736659
SPTAN1,-0.686178205263476
FOXRED2,-0.6864841572103462
SEC14L1,-0.6865203224652779
SOGA1,-0.6866714424848521
DUSP6,-0.6870067396333904
LOC642424,-0.6871833721937926
CLEC11A,-0.6872688101439318
NPHP1,-0.6878115308174789
OTUD1,-0.6880940357057358
LOC100506498,-0.6884267070747359
ZNF829,-0.6886531582244494
TRAPPC8,-0.6886881657833
FBXO17,-0.6887467910346631
STAG3L3,-0.6888633200876286
IL12A,-0.6890521176479009
NIPSNAP3A,-0.6892958242142018
DPEP1,-0.6893677523875622
RNF166,-0.6895682537067235
WDR11-AS1,-0.6901244135455049
MFNG,-0.6904347118291045
LOC100506472,-0.6908209630583029
BANF1,-0.6910510206132693
CD52,-0.6912160448231823
LONRF2,-0.6913450225801967
FAM98B,-0.6921722345931532
EFCAB2,-0.6929622963896962
GRB2,-0.6931027001411969
LOC100652906,-0.6931274871786784
MRPL4,-0.6937080324198324
MESP2,-0.6945296752679845
PTK2B,-0.6948477739804099
LOC100130027,-0.6948756034153413
ANKRD13D,-0.6950820355738451
OSBPL10,-0.6951063110544671
OSTCP1,-0.6956984034965685
PRDM10,-0.6957609080044751
UNC80,-0.6962825300358618
SSTR5-AS1,-0.6965127191067874
LOC100271722,-0.6965319508523783
DGKH,-0.6967012603879225
TRNH,-0.6970187496853898
CCL3L3,-0.697274930480349
SDAD1,-0.6976636555416312
DENND2C,-0.6982541416768089
DLST,-0.6983313395176788
CDKN2B-AS1,-0.6987115323775717
ZNF492,-0.6988904484923666
ARL8A,-0.6991531160973419
ARID1B,-0.6994311258346695
CERCAM,-0.7002617473546401
TAT,-0.7004134418054507
MIR671,-0.7005048265298952
DIDO1,-0.700538082050288
LOC100505554,-0.7007536238028516
ACOT13,-0.7008780286221377
CBLN4,-0.7016978833079156
LSM2,-0.7021036748948487
LOC389634,-0.7021934372409798
METTL2B,-0.7022366518384243
LOC100507101,-0.7024231536470532
OSBP,-0.7025478472142818
MACF1,-0.7026119459257122
SP5,-0.7027375677093058
FAM91A1,-0.7027499877985676
RHAG,-0.7028345950616823
LOC100505776,-0.7028633838859822
LOC100652743,-0.703247654616319
ZNF554,-0.7038999150864851
PRR18,-0.7039974435411835
ZNF16,-0.7041894928334362
GNAL,-0.7042192073905333
CIDEB,-0.704295823030607
ACVR2B-AS1,-0.704330692601867
RECQL4,-0.7045267487100775
GP1BB,-0.7046573978717865
FAM118A,-0.7048578693024776
SCO2,-0.7052650872761757
MLLT3,-0.7054042548934836
IGF2BP2,-0.7054649169755316
SMYD5,-0.705523821080234
LOC100506408,-0.7060632224772101
IPO4,-0.7060668721170953
GSDMC,-0.7061650702714287
AKR7A3,-0.7063233570653202
LRP3,-0.7068108288539743
C3orf15,-0.7068718548288409
ALG1L,-0.7069973588036215
CD300A,-0.7075369011602516
LOC728392,-0.7078039044752581
LOC100505519,-0.7078396926147498
CHMP4C,-0.7081886766809045
TAS2R43,-0.7084340898840192
POLE3,-0.7085409817341445
CFLAR,-0.7086639260041354
LOC100507088,-0.708670024045889
MTERFD1,-0.708810490698925
EEA1,-0.7089297186251409
XIRP2,-0.7093196305066478
TRIM8,-0.7097492256018794
OSBPL2,-0.7100300564203584
BAG2,-0.710635219176416
LSM4,-0.710783832096106
AP1M1,-0.7109550508691044
ZNF738,-0.7109642953461134
CUL4A,-0.7113222368916892
JAKMIP2-AS1,-0.7113524955688478
IL2RG,-0.7114797319856738
CCDC59,-0.7116645302329648
LOC283143,-0.7117330451165025
LOC100289375,-0.7119719186272127
C2orf15,-0.7119827256543008
PTGER4,-0.7121399950787922
PELI2,-0.7127789553193994
GRM1,-0.7127829855361704
FAM160B2,-0.7133855837095036
NFKB1,-0.7135471810113133
AGTRAP,-0.7139431678061191
TRDMT1,-0.7140055124512602
F2R,-0.7146720582145211
APOE,-0.7149999055122856
ALDH16A1,-0.7150387146912379
PPAP2A,-0.7151386186030718
PIM1,-0.7152116159913795
FRG2C,-0.7152434763999941
LOC100507247,-0.7154200156466822
SPTLC3,-0.715858083387636
LOC100133299,-0.7160049853693944
NXNL2,-0.7160526108141593
VASH1,-0.7161003924543283
LOC100507094,-0.7161196533499821
CDC42EP5,-0.716202713058156
ASPHD1,-0.7164962650793777
GAA,-0.7165103399672067
RGS18,-0.7171073725195046
IGDCC3,-0.717617216116192
XBP1,-0.717640872380239
THAP6,-0.7176501765928348
MAP3K7,-0.7180496383519234
PRPF3,-0.7184989127573783
TCF7L2,-0.7186481415423394
RPGRIP1,-0.7188245705141271
C12orf39,-0.7190817202587175
APOM,-0.7190844530112674
DHX38,-0.7193065504040654
EHD1,-0.7194663698502058
RPL7A,-0.7195104599468786
ZMYM6,-0.7198559112367727
POPDC2,-0.7201773629802327
LSM14A,-0.7210621270585397
HSPA1B,-0.7217027716948525
WDR5B,-0.7219316015798348
LOC100506990,-0.722199870703877
ROM1,-0.7223780202263438
PCDH18,-0.7224793367742145
TREX1,-0.722521900348518
LOC644135,-0.7233254979408845
ZNF726,-0.7233717530725213
ADAL,-0.7234997152188655
LOC100506240,-0.7235541955703415
GCH1,-0.7237946419626177
CDC14C,-0.7240957262624281
USP45,-0.724164538768792
LYG1,-0.7241864825612464
ZNF169,-0.7242861119461548
CSAD,-0.7247439743479587
FST,-0.7248556010015537
ZNF777,-0.724877730621159
FBXL4,-0.7250914657072591
FLJ25363,-0.7251127835810766
LINC00242,-0.7251383811313654
BIN1,-0.7254134728659676
LOC100506862,-0.7255431453670537
OLR1,-0.7256701975789125
FAM35A,-0.7258381891657966
ANKRD20A11P,-0.7258507066443417
SMG1,-0.7258670441982003
RMND5B,-0.7259472797591444
MAX,-0.7259776599005071
ZNF414,-0.7260149655804693
CPEB3,-0.7260797670976036
LOC285441,-0.7260945898114861
MYO3A,-0.726098715252057
AKR1B10,-0.7262443659920201
CLDN18,-0.7265121283936135
FANCL,-0.7267844112064771
RHOF,-0.7270540686738832
APOLD1,-0.727057590805568
C1QTNF2,-0.7273472419369442
JAG2,-0.7274904557655959
PANK4,-0.7275431944128018
LOC100652963,-0.7279058753166866
CLDN5,-0.7279427762371808
NEGR1,-0.7279661356598649
GPR137B,-0.7279879264515159
SPDYA,-0.7280005795840403
PHF13,-0.7281063989649416
BTF3P11,-0.7287269705578756
ZNF193,-0.7287644350299162
GPR108,-0.728938192182972
MAGEE2,-0.7289551202498079
SYNRG,-0.7291685121226472
C18orf34,-0.7292138586919696
CSDA,-0.7292262003488058
DOCK6,-0.7294334281854208
SRSF8,-0.7295245050047675
LARP7,-0.7297148201826674
LOC100506123,-0.7297824612155294
RAB20,-0.7298671708819299
TNFSF12,-0.7300066324983102
CTSS,-0.7301308688688336
LAG3,-0.7302252145711472
ANKAR,-0.7304977413832309
WDR25,-0.7307599114888278
LOC100507000,-0.7309750074033541
LOC100507417,-0.7310019750351369
SNX9,-0.7311966996828835
LOC442075,-0.7314271116307476
SPRED3,-0.7315856584861201
LOC100507557,-0.7315901391294583
CLMN,-0.7327296816215034
TANC2,-0.7330874831022673
CYTL1,-0.7334979742360809
PHF3,-0.7336313698979817
SNORA31,-0.7336797974865679
MED29,-0.7337853458763391
ID4,-0.7341838017215333
VAPB,-0.7346141353487282
LOC100506795,-0.7347126611286713
WNT16,-0.7347617532636939
LIN37,-0.7348547910383261
PPIL6,-0.735030365970573
STXBP3,-0.7350332405503266
CCDC22,-0.7351355221696564
RN7SL2,-0.7355044435509124
IPO13,-0.7357400628910037
TRNK,-0.736453935474135
COPG2,-0.7367996517548719
KAL1,-0.7369577065624742
TCF24,-0.737099634810435
AIP,-0.7373668581080599
AKIP1,-0.737773060487959
LOC100507100,-0.7377776841955522
ZNF429,-0.737802893408238
TAOK3,-0.7379655865340773
RHCG,-0.7379777759061323
CBFA2T2,-0.7380522012555422
TPRN,-0.7380835221622823
TMEM171,-0.7383055834398197
RET,-0.7383259855234307
SMAD2,-0.7383778182952292
FLJ12825,-0.7387897446433487
KCNN4,-0.7392510238182647
RAB8A,-0.7393474393699856
MMRN2,-0.7394036754634534
THYN1,-0.7394556319110357
GLIPR1,-0.7394735277183829
ACPP,-0.7398414113442056
RABGGTA,-0.7402122649974529
PLA1A,-0.7404206756609847
CLYBL,-0.7404734527344334
FLJ45340,-0.7407102491886092
C17orf109,-0.7409616916174288
LOC339529,-0.7409855526437537
ZNF581,-0.7410223684274946
NUPR1L,-0.741472779595846
ZNF44,-0.7414875380703699
CHCHD10,-0.7416187968496136
MORC4,-0.7417796824319174
LRRC4C,-0.7419796017403247
MED18,-0.7419899664602483
SETD6,-0.7420563110865002
CHPT1,-0.7422909033600369
LOC100506334,-0.7422915819350495
LOC728052,-0.7426878093392862
SNX31,-0.7431431158063965
PAR1,-0.7431696614740875
COL7A1,-0.7435173924033401
MIR17HG,-0.743565064232772
TAS2R20,-0.7439419018710833
TICAM2,-0.7439742617418509
MEGF9,-0.7440764771005559
CCHCR1,-0.7441147445037808
HAR1A,-0.7443190810931233
MIR181A2HG,-0.7444186837152396
XPA,-0.7444392953740236
ADH4,-0.7445640151716476
SDC3,-0.7446063681066463
LOC284023,-0.7446149857404772
PSD2,-0.7451987650647852
OGFR,-0.7452235458353387
MIR155HG,-0.7460159699979347
DDX18,-0.7460685430312789
PRKACA,-0.7465800118213821
PCDHGA8,-0.746869299982656
MKL2,-0.7479544489953592
ELAVL3,-0.7481801856344312
HBZ,-0.7485239007217533
PDZK1P1,-0.7487682348229163
CAMKMT,-0.7492054339129492
ZNHIT2,-0.7496627255658462
ATP5A1,-0.749680692895668
MMS22L,-0.7499370859092747
AQP11,-0.7500185204416279
TLN1,-0.7502524353694084
LOC388882,-0.7509475618370652
BMP2K,-0.7509978247837946
QRFPR,-0.7513140522839831
LY96,-0.7513918614462797
SMPDL3B,-0.7515210225514283
THADA,-0.7519517221418296
MYO10,-0.7520220039444605
HOGA1,-0.7521119314118031
C3orf45,-0.7521380718545876
SDF4,-0.752357914497807
PKD2,-0.7525593915661061
LINC00466,-0.7537795826418232
RIC3,-0.7537862087662568
LRRC57,-0.7538984583671619
TPST1,-0.7545945061668763
VAV1,-0.7547311742566927
RBM38,-0.7547756775306824
TMEM67,-0.7548955969902853
RIC8B,-0.7550454581079847
LOC648570,-0.7552059277447075
GPAM,-0.7553188160825419
TGFB1I1,-0.7559427240640688
HYAL2,-0.7563693063374074
LHFP,-0.7569629767452678
SSB,-0.7573363589514235
KIAA1210,-0.7575867971444558
ALS2CL,-0.7581244332228182
VSTM4,-0.7587478875260417
LMO2,-0.7589604344709188
LOC100506023,-0.7589669915325193
LOC100652913,-0.7590489009526433
SPIRE2,-0.7591481619303181
NADSYN1,-0.7591522756149651
RUSC1-AS1,-0.7592875329651856
ZNF280C,-0.7594365691830262
CEP104,-0.7596419893364038
TUBA1C,-0.7596771834569601
EIF1AD,-0.7597581837943065
SALL1,-0.7602621041199528
PNKD,-0.7603264636181263
GEN1,-0.7603587433942741
NFIX,-0.7605515198328683
C7orf63,-0.760672258699371
IDNK,-0.7606744953949498
ZNF773,-0.7609153855901211
ADAMTS16,-0.7609331612032302
HIP1,-0.7611286179285651
FAM159B,-0.7611595119743422
NFE4,-0.7612096033149505
KIAA0087,-0.7612895296028616
HOPX,-0.7618258565659082
HERC2P9,-0.761951551599026
SFTPB,-0.7619693373891964
STK4,-0.7621001162571945
RYR1,-0.7621970862523121
ASB6,-0.7622972702634968
HOXB9,-0.7623540383897592
NUCKS1,-0.7626276269341862
IKBKE,-0.7626315046065804
ZNF70,-0.7628319578562806
P2RY14,-0.7630198570391282
RPL28,-0.7632914328836082
MAN2C1,-0.76340173254823
C7orf23,-0.7637083738664892
ZNF701,-0.7638885810901496
EBF1,-0.7642989591345464
SHBG,-0.76488436503567
GHDC,-0.7649719258550853
RNF31,-0.76498940931287
NR4A2,-0.7654635192777378
SLC38A10,-0.7656256534707291
SIGLEC16,-0.7658032663301239
LPXN,-0.7658638391274033
LOC646268,-0.7659614991656958
APRT,-0.766141780256742
LOC100507217,-0.7661985562017328
PRRG1,-0.7662019834949257
RNU5E-1,-0.7664332394288121
NFAM1,-0.7664515232233206
C11orf44,-0.766682751414356
RPL23P8,-0.7667034121489057
RPS11,-0.7667717408813368
GLRX5,-0.7669102429745323
TFAP2B,-0.7669102460769862
LOC100286914,-0.7672119968630664
LOC100287654,-0.7672119968630664
LOC100288646,-0.7672119968630664
LOC100506930,-0.7673890806759204
ZNF675,-0.7675599633820324
PCYT2,-0.7677832774678318
LOC729739,-0.7677965320901279
HSD17B4,-0.767937503010434
ZSCAN29,-0.7682273831425166
EP300,-0.7682371212096223
ZDHHC5,-0.7683621727191648
LY75,-0.7685666670551198
HNRNPKP3,-0.768613614322861
LOC100505734,-0.7687247682310496
LYNX1,-0.7689287402269267
TPRA1,-0.7690020142211232
ATP5EP2,-0.7690184610565489
ANKRD54,-0.7696699302378984
LOC100130849,-0.7697243119381734
LOC144486,-0.770872875209807
COG1,-0.770962621592091
CERS4,-0.7710828000767084
METTL15,-0.7711669395560377
ERCC6,-0.7712077767684477
GRIK1-AS1,-0.7719598819230554
C11orf83,-0.7721138805851484
MPZL3,-0.7725481767821605
RIMBP3B,-0.7725548382426302
LRRC37A3,-0.7726322490650029
AGXT2L2,-0.7734322637539588
PIWIL4,-0.7737786933193226
GRAP,-0.7738421217244841
PCDHGB4,-0.7741649322651677
DNASE2,-0.7742131513646799
ATPBD4,-0.7748391829537566
STARD5,-0.7750126731866365
PQLC3,-0.7751860636426872
ZC3H4,-0.7768673712370896
DZIP1,-0.7774056363591066
CAPN2,-0.7777452816898109
GNE,-0.7779328027454444
DGKQ,-0.7780974403994081
MTRNR2L10,-0.7783483734018987
FAM153C,-0.7783667405976171
AKAP13,-0.778803815929121
ADORA3,-0.7788489725380232
INHBA-AS1,-0.7790501519361319
LOC100506634,-0.7790561083320784
WDR37,-0.7791585303389844
NFX1,-0.7792342629559206
PDCD5,-0.7798139324084994
FGB,-0.7805075185770098
NCBP1,-0.7805401649397113
PP2672,-0.780564059058523
EP400NL,-0.7811474729236145
SLC29A3,-0.7816253634408241
SP6,-0.7817935758392326
LOC100507173,-0.7819959348495943
SSC5D,-0.7822862300425685
ACTL10,-0.7826701832036477
ZNF860,-0.7829078939403539
LOC284440,-0.7835062065574792
MAB21L1,-0.7836467180418711
MLL4,-0.7836762378654558
GKAP1,-0.7838073420298252
MRPL27,-0.7839137544999683
FAM78B,-0.7839403204773672
NBPF1,-0.7839871997385642
TMA16,-0.7841095730869624
BTBD11,-0.7841553159129524
RASAL2-AS1,-0.7844377711188281
COMMD7,-0.7844496718426556
IDH1,-0.7845075049625055
CP,-0.7847527894996815
GNA12,-0.7850549610864571
SREK1,-0.7855870576623897
CHMP7,-0.7857856605277963
FUNDC2P2,-0.7858817479282831
RRP1,-0.7861876526267021
FOXA1,-0.786196647873679
PHOSPHO2-KLHL23,-0.7864125655922828
LOC441124,-0.7875210854163536
THNSL2,-0.7876718284150275
KCNN1,-0.7877423683697823
LOC100129550,-0.788025520205886
METTL7A,-0.7881111679912723
GAL3ST3,-0.7881130152688091
RRBP1,-0.7881666253385049
SAP25,-0.7884697073984005
OSTF1,-0.7886654253218404
ACTN4,-0.7888144612567775
C19orf77,-0.789018810601445
SOD3,-0.7895590176853812
ANXA9,-0.7896680916920912
SYNJ2BP-COX16,-0.7901747829620206
PPP2R4,-0.7904361129179006
CRIP3,-0.7905524975289074
ZMAT5,-0.7906551761977952
AJAP1,-0.7910562463803125
D2HGDH,-0.791307568813726
CRKL,-0.7918229992264174
VAMP5,-0.7923282693613083
CADM1,-0.7924618553767233
CD151,-0.7926903485554049
ZNF770,-0.7926983630310097
LOC100506684,-0.7927308581960881
TMBIM1,-0.7927382600615231
IGFBP7,-0.7927674991566385
KIAA0947,-0.7931156588889272
SLC25A45,-0.7931226679408951
PACS2,-0.7933287451373208
KIFC2,-0.7935461872167715
PRR19,-0.7937873317145132
DEGS2,-0.794090420526551
NOC3L,-0.7941172119751772
TNFSF10,-0.7941715524613725
SMPD4,-0.7941998487247859
RPS18,-0.7944742080923103
AMY2B,-0.7950903617049895
GZMA,-0.7951928758502772
C1orf54,-0.7952010694108869
MARS2,-0.7953063194028045
FAM73B,-0.795681232048367
LOC100505820,-0.7961611039525589
GUSBP11,-0.7962467943303528
ALX4,-0.7962783492897891
CELF1,-0.7964284564858863
LOC399715,-0.7970357100220827
MEPCE,-0.797223434740408
SPCS2,-0.7972547619833995
MTHFD1L,-0.7983310812979851
FGD4,-0.7984976749679061
SLC16A13,-0.79860183950111
ATM,-0.7986854545846453
DCTD,-0.7988137673029334
CDK5RAP2,-0.7989718977052663
LOC541471,-0.7989752371192708
TMEM147,-0.799045760780811
IL1R1,-0.7990616348655433
CLUL1,-0.7990754307483366
ASH2L,-0.7990863823304404
LOC644083,-0.7991774750581018
SUMO1P3,-0.7993962106413106
MYH14,-0.7995632146436622
ZDHHC11,-0.7995992213065604
TAS1R1,-0.7996145927579781
FAM120AOS,-0.799741398417804
NEIL1,-0.7997916963488259
BHLHE41,-0.8000675030813238
PTCHD4,-0.800093362857176
LRSAM1,-0.8011011585190875
FLI1-AS1,-0.8011142080347895
GPR155,-0.8013246022293377
LBX2-AS1,-0.801536952037935
RUFY2,-0.8015685021165818
ARFGAP2,-0.801711424334963
C8orf82,-0.8018534330623356
LINC00346,-0.8028417710149344
LOC100129268,-0.8028972068407908
FAM46A,-0.8030970248604689
SLC12A7,-0.8032735336028017
PLEKHH1,-0.8032739873400602
RGS21,-0.8038559555930217
HLA-DRA,-0.8039492108303294
RN7SK,-0.803992708850516
CITED1,-0.8042992690098496
CIDEC,-0.8058250457222934
LOC100506071,-0.8059137992736011
PPM1F,-0.8059324925871272
LOC285878,-0.8060827685339275
LOC730376,-0.8062196184489476
EIF2S2,-0.8065974482484458
CDKL1,-0.8066414797755244
TRNM,-0.8066926467501676
MUC20,-0.8072407451170546
LOC100507632,-0.8072825279790802
CRIM1,-0.807478426028905
SYNPO2L,-0.8078833712511247
C14orf45,-0.807956810455019
LOC100289230,-0.8084658674709426
BEND7,-0.8090006869951357
FLJ37505,-0.809041844567009
DPP6,-0.8093244233397826
UG0898H09,-0.8095623890663395
GYG2P1,-0.8097358585289093
CD300LF,-0.8097646966435115
RPL8,-0.8100015359842648
RNU6-2,-0.8101613818018218
LOC286189,-0.8101817916532847
RPS19,-0.8106294403415254
ZG16,-0.8108434575767363
CDC42BPA,-0.8110274015014843
GOLIM4,-0.8114074229026117
FLJ21369,-0.8116036182318087
FERMT3,-0.8118288130036049
CD79B,-0.8120206181794525
JUND,-0.8120456767103877
LOC100507263,-0.8122498715471553
LOC441461,-0.8126233208719447
RPS6KA2,-0.8132622894406345
SIRPA,-0.8134861346855872
LOC339788,-0.8136160544047657
ELP2,-0.8145025254132494
ABLIM1,-0.8145138358310277
PAOX,-0.8146000943926326
NLRP1,-0.8160785051470852
API5,-0.8161119259232689
NTSR2,-0.8161153712174244
FAM69C,-0.8161232656367347
MPEG1,-0.8161246451418237
LOC729313,-0.8163626855889127
LOC100288748,-0.8166423501173298
ARHGAP20,-0.8167060681795446
TCF20,-0.81677682366342
SFI1,-0.817125430416012
C5orf64,-0.8173117202369741
CMTM7,-0.8173672991511257
LOC100506642,-0.8174164647916194
MRM1,-0.8175029106991252
BCL2L11,-0.8175054427402243
CDC23,-0.8175860294301606
C18orf1,-0.8176186693084886
SLC2A9,-0.8178443342708424
RAB37,-0.8184254442865033
MFSD5,-0.8184980500518271
LOC100653011,-0.8188798541032164
GNPNAT1,-0.8189535991496495
CD300C,-0.8189646682364332
SLC2A6,-0.8191125240342911
NPDC1,-0.8192043280510414
GATA2,-0.8195241465122535
LOC442028,-0.8199553558305401
IL23R,-0.8201439972346241
FLJ34690,-0.8201695370110916
PELP1,-0.8202167503020186
OXER1,-0.8203307512516473
PARD6G,-0.8207504627237904
AKNA,-0.8209649876370181
PI16,-0.8210794136082366
INO80,-0.8212263842028777
C4BPA,-0.821342399863707
TMEM154,-0.8216578873991299
ACSS2,-0.8216921281639953
LOC100507259,-0.8221147115524701
TRIM56,-0.8221197580536539
MPP7,-0.8225085973355507
LOC100506458,-0.8227872211730658
CNIH3,-0.8228734830559695
C11orf92,-0.8229070256364475
MOB1A,-0.8237658719451473
LOC283050,-0.8238006724262481
NLRP2,-0.8242147856078621
LSS,-0.8242734208035682
PLK1S1,-0.8245715793389983
LOC100499466,-0.8245966734447556
LOC100507018,-0.8250859044492688
GJD4,-0.8252631333264238
LOC100131551,-0.8252867545637333
ABHD3,-0.8255480113522353
LPPR2,-0.8255584934115054
MGC4294,-0.8259777995787511
DAG1,-0.8265386728565866
MKX,-0.826780827866406
THEM6,-0.8268638219840793
LOC100653017,-0.8273647130939684
RFC1,-0.8275675485385753
TMEM212,-0.8279766527107746
ADCK2,-0.828060819790405
MAGEB10,-0.8281078331080395
RGS13,-0.8281459249333937
PIP5K1C,-0.828262442252488
CPNE4,-0.8284261869607519
HDGFRP2,-0.8284963422374635
CD83,-0.8287530609992125
CC2D1B,-0.8288604646917809
GPBP1L1,-0.828976988215906
CXCL9,-0.8290412078921299
LOC646999,-0.8290839048790708
PPP2R5E,-0.8294413495261408
JPH2,-0.8298106572865861
KLF9,-0.8298198730409324
CHRNA5,-0.829919632653701
TRMT2B,-0.8305448157247306
FIZ1,-0.8308308905179951
KCNJ14,-0.8308932444444298
PLCG1,-0.8309174587095043
DOHH,-0.8318560371976954
ZBTB22,-0.8319044749107022
CAPN5,-0.8320937311602647
C7orf65,-0.8323033545188551
RIPK1,-0.8323146084971527
FCER1G,-0.8326321502203845
NOP56,-0.8327511715268423
LOC100289187,-0.8328878339043669
NBEAL1,-0.8329373303334895
CORO1A,-0.8330641395930201
GRPR,-0.8339012607612817
LOC100507156,-0.8340418358212961
DCAF11,-0.8341162606306981
CXorf26,-0.8342418545231751
CREBBP,-0.834337041875356
LENG9,-0.8344883137419757
LOC400099,-0.8345813457643427
LOC100507540,-0.8348164323751647
MIR1254-1,-0.835327872968854
PNISR,-0.8357001601405646
ZNF579,-0.8357562077926975
LOC100652772,-0.8361086010308986
KLHL25,-0.8361737729677607
AP3S2,-0.8364023673669061
LOC100271832,-0.8364040197909232
FAM214B,-0.8367666563896021
LINC00547,-0.837236880978562
LOC646626,-0.8372395686915299
MT1JP,-0.8373752816919536
ZNF625-ZNF20,-0.837472900484781
L2HGDH,-0.8377243702413345
TOB2P1,-0.8377429429410201
LOC100294362,-0.8378442670955227
SLFN12,-0.8378806354074344
CHST14,-0.8379343505481041
TMEM87A,-0.8380485222950673
DEGS1,-0.8389840799314026
C22orf26,-0.8394043829896904
BBS1,-0.8396778996261025
INTU,-0.840832680518183
GP6,-0.8410281107783373
LOC100507193,-0.8412303368642482
MFHAS1,-0.8413763903096578
AGAP6,-0.8414259661930306
LOC643696,-0.8417295231932392
C1orf220,-0.8419207024838098
EMX1,-0.8422041594148003
LOC100506827,-0.8423764028670568
C19orf60,-0.8430482813563521
LOC728093,-0.8436845208286298
NBPF24,-0.8437857040527289
FILIP1,-0.8437924174184501
HNRNPU-AS1,-0.8439049505269705
PABPC4L,-0.8442869050091857
XPC,-0.8446319839581533
KLHL4,-0.8447380704369744
KAT6B,-0.844742439410915
PRPF6,-0.8448393645828102
FNDC8,-0.844977791640647
C14orf28,-0.8450530113496422
LOC729173,-0.8451114425327834
BOLL,-0.845367178016783
MLK7-AS1,-0.8453986452128289
MIR566,-0.8456495475777236
HSF1,-0.8457101612078688
RABEPK,-0.8459830323644498
SLC3A2,-0.846039381409686
NETO2,-0.8461080162520845
TRIM36,-0.8461555607712072
ZNF470,-0.8462763427371632
C20orf197,-0.8465082650290525
FLJ10038,-0.8469381834718035
NMI,-0.8471335580356465
TRAT1,-0.8473294929849727
PBOV1,-0.8475507332436386
HPR,-0.8476731243911326
NPFFR2,-0.8477357443461921
SCGB1B2P,-0.847877235160984
MFAP1,-0.8481030555660328
NOP14-AS1,-0.8482235634468929
ABHD15,-0.8482460699510082
LOC644704,-0.8487564708291478
ZNF260,-0.8489263592390656
U2AF2,-0.8489365187988269
LOC100653021,-0.8489832050584973
LOC400682,-0.8491963048084691
LRRC73,-0.8492244090353894
STXBP5-AS1,-0.8492397573677766
ARPC1B,-0.8498772058033683
ACMSD,-0.8499736525384508
MLLT10,-0.8507518365842769
FAM110D,-0.8508714879998011
MAP7,-0.8508847605726307
C6orf163,-0.8509458993775542
PEAK1,-0.8509599126566004
APOBEC3C,-0.8509685121014019
TRPC5OS,-0.8514272167281492
CYLC1,-0.8517964206265618
POTEF,-0.8521348008291733
SLC25A42,-0.8523253628163376
UBE2F-SCLY,-0.8526465216353394
P2RY6,-0.8526693869629123
EYA3,-0.8532301968352652
MYL5,-0.8533650983031714
RGS11,-0.853409003058993
SNHG4,-0.853634251585532
SNAPC5,-0.8539146297728464
EGFEM1P,-0.8539834297193389
PPARD,-0.854190372576361
XRCC6BP1,-0.8544466924742198
LOC100505746,-0.854973163471866
ETV2,-0.8550800998027873
EIF3G,-0.855223691939178
RORB,-0.8553462521688247
XKR5,-0.855647057088434
S100A14,-0.8556740975322281
IPO9,-0.8558033434946929
SPDYE5,-0.8558159137141079
USP1,-0.8559183446112465
LOC646214,-0.8559704119941869
ASCC2,-0.8560304023735671
SNORA57,-0.8560906292025936
FBXL3,-0.85611597740009
NCL,-0.8562177788257515
SMARCA4,-0.8564388929288804
LOC730227,-0.85668962716396
LOC100131655,-0.856989945299087
NAMPT,-0.8575459229012785
RDBP,-0.8576733660753252
MXD4,-0.8577510828952338
POP4,-0.8579157745192357
LOC643395,-0.8581006889587229
GGN,-0.8581474167414544
HNRNPA3P1,-0.8585013936349433
LOC641746,-0.8585015205143494
LRRN3,-0.8586540893254717
UCKL1,-0.858742301396575
KLLN,-0.8589362730424607
SLC2A5,-0.8589391277955487
PIN4P1,-0.8590536069785777
FGFR1,-0.8595314765793675
METTL20,-0.8600882595174524
CNPY1,-0.8602003118396034
RAB3D,-0.8604565944592352
EXTL3,-0.8605006588335546
KCNK2,-0.8605646872553029
LOC100652845,-0.8607555503939954
ANXA4,-0.8608412542287125
LOC100506936,-0.8609520915077866
HARBI1,-0.8610242675612652
PPP1R12A,-0.8610881543570733
PAQR6,-0.861229907992375
RELL1,-0.8613070145656418
NAALADL2,-0.8615410231200592
SH3TC1,-0.8617403114014832
ZNF441,-0.8617422615275956
LOC731424,-0.8619502632066445
TRIL,-0.8620773329745332
PI4K2B,-0.8626245928693539
CCDC39,-0.8626355983297455
C17orf64,-0.8626978116529906
MTG1,-0.8629922565785176
CABP4,-0.8631418029250485
DDX46,-0.8633251527946565
MARVELD2,-0.8633408197872386
TRPM3,-0.8635672004662799
TNFSF13,-0.8636554263495042
CASP10,-0.8642120163812577
SYTL3,-0.8642763088566182
LOC100506792,-0.8643151934805955
MIR143HG,-0.8644624487103744
RGMA,-0.8646012419265713
MLL2,-0.8647519969947163
HSPE1,-0.8648762889710124
FKBP14,-0.8650319038761733
CEACAM21,-0.8655088231654436
LRRC25,-0.8658142033813482
METTL12,-0.8658651823763995
NCR3,-0.8659011388084576
DAGLA,-0.8659844622517857
GPR135,-0.8661826730776795
TPM2,-0.8662001199434555
SCG3,-0.8663224786869937
ANGPTL3,-0.8663669807301646
RCCD1,-0.8668197022770727
FMN1,-0.8668350087639035
HIF1A,-0.8668429390845621
SRL,-0.8668803352342447
LSM6,-0.8669131379834287
FBRSL1,-0.8669150448739255
TAZ,-0.8669674368225785
MMP25,-0.8674378282458459
LOC100216545,-0.8675074348802729
LOC286186,-0.8676514318927411
KIAA0040,-0.8679136601682835
PANX2,-0.8679484075832037
GPR133,-0.8681046664402086
AZI1,-0.8687267206436539
FNBP1,-0.869727925450902
LINC00311,-0.8701665117905006
PDE1C,-0.8704754951633328
FPR3,-0.8707508336854952
COQ4,-0.8709108740940406
MAVS,-0.8712970173925729
SYT7,-0.8716190843836299
TSG1,-0.8716392762771934
SERTAD1,-0.8719041697385146
TRAF2,-0.8721089797785808
ANP32B,-0.8722573383652947
PYGL,-0.8722807283516286
LOC100506566,-0.8722919481272601
VN1R2,-0.8725537277109527
CCDC34,-0.8727405774788957
AGAP9,-0.8729048126569386
C18orf25,-0.8734117775068083
DECR2,-0.8735829502543585
LIMS1,-0.8736216248155623
CCNK,-0.8738399306813299
NPC2,-0.8739809120057928
LOC158435,-0.874289271692848
SLC25A51,-0.874542528070149
ZNF142,-0.8745983412858145
LGALS9,-0.8747023285403582
AMT,-0.8748464004043593
RBM41,-0.8750688420657945
GAK,-0.8752014186494551
TOX4,-0.8752579104519125
LOC150577,-0.8757630182500631
PRH2,-0.8761079079712063
LOC100505711,-0.87614343618297
CCDC85B,-0.8761884840224773
BCL2L2,-0.8762312827615765
TMPPE,-0.8765122827633893
FAM138D,-0.8765820766484875
SNORD1A,-0.8768717289295399
SNORD93,-0.87687172892954
MIR3662,-0.8768717289295401
ATF6B,-0.877159073288742
ADAMTS17,-0.8771711005266264
ACSL6,-0.8771789189835786
GDF11,-0.8773034086922209
C14orf43,-0.8774975169360306
PDCD6IP,-0.8778890745154677
TRAF5,-0.8779567496805918
GPR137,-0.8782224215611357
GXYLT1,-0.8783748152949733
RHBDL2,-0.8785768339890259
SNRNP27,-0.8793806129125425
ST6GAL1,-0.8796479861638544
ZNF433,-0.8803398253587628
LOC100506762,-0.8804529850780697
ANKMY1,-0.8806022977387034
HINT3,-0.8807592738409926
TMEM74,-0.8813567436584714
TES,-0.8816119126175905
LMAN2L,-0.8817181703630141
CPSF1,-0.8819634622717438
SNORD116-20,-0.88247401692506
KLB,-0.8825246532203618
IL15RA,-0.8825332922258854
ZNF471,-0.8825572907909419
LOC100652950,-0.8827318745210789
UGGT2,-0.8827605681697175
EPC1,-0.8828481312289531
PICALM,-0.8829939245958334
CEPT1,-0.8832454756504938
LOC100506582,-0.8835508724133386
ZNF562,-0.883616857439117
OTUD4,-0.8836467541451046
ADPGK,-0.8836671315338052
TAS2R50,-0.8836698125400585
ANKRD62P1-PARP4P3,-0.883717932520577
FKBPL,-0.8837370564569258
LOC100652980,-0.883877069875963
LOC100507440,-0.8842030877763419
RPL13P5,-0.884266796372418
ARL5A,-0.8843544576176361
TBC1D19,-0.8849955809736098
TP53I3,-0.8851019874416494
ADRB2,-0.8852497530779024
ZBTB20-AS2,-0.8852567191947581
LAMC3,-0.8860796959612133
DPY19L2P3,-0.8862823349342385
SULT1A4,-0.8869875869893462
ZNF567,-0.8871951220670418
FLJ39061,-0.8872798916594554
KIAA1919,-0.8873251195963399
KTN1,-0.8874587050055345
SOWAHD,-0.8875727163420559
GMEB2,-0.8876270882269699
MIS18BP1,-0.8878329857668912
CD69,-0.8880188430616348
DDX58,-0.8881058729292709
OGFRL1,-0.8884432438764499
KCTD21,-0.888580597405747
ARID3B,-0.8886598944725741
STK3,-0.8888307172153566
CYP2B6,-0.8891010140596058
SLC25A15,-0.8892026619749098
FAM66E,-0.8892799952197507
SPINLW1,-0.8895572805336258
CXCL2,-0.8898719862390346
CARD11,-0.8903114266823922
SORBS3,-0.8903353392973148
LOC100506599,-0.8907111240572634
RUVBL2,-0.8908039051063089
MCM8,-0.890941569962793
UPK3A,-0.8910492375516161
OR51E2,-0.8911127508833615
SCRN2,-0.8911512470442902
SRI,-0.8916277922789717
KCNAB1,-0.8916399323883573
ZMYND8,-0.8917988490331092
TBRG1,-0.8921832963018409
MIRLET7BHG,-0.8924366915512647
KCNG1,-0.8924612460924286
ITGB5,-0.8927862357719759
DNHD1,-0.89322488773899
ARHGAP4,-0.8934509762444455
ZNF593,-0.8935417833434601
GSTM5,-0.8937841374442673
CATSPER3,-0.8939551398777702
ROBO4,-0.8943024755239872
RRP15,-0.8943233635859246
METTL21D,-0.8946421999081531
ZNF594,-0.8950140117908387
LOC100507332,-0.8952467992185944
CCDC12,-0.8953907175760476
LOC286184,-0.8954418938392376
BIN3,-0.8957050326957754
LOC100505668,-0.8958149760800415
BRP44L,-0.8959006329244815
FABP7,-0.8962845074598873
SPTBN4,-0.8963805675806296
RPP25,-0.8966679228453173
IBA57,-0.8970560237670049
LOC401324,-0.8972849771001129
C6orf70,-0.8977695459868441
NNMT,-0.8978973602308076
LOC643406,-0.8979631311418356
KCP,-0.8982763187558948
LOC400548,-0.898300832658226
PQLC2,-0.8984078348073465
LMF2,-0.898449617456067
LOC100286925,-0.8985778845556209
SIK3,-0.8986745575378369
ODZ3,-0.8987559115447092
LOC100506154,-0.8987612969196302
CRNDE,-0.8988136532148527
MMP14,-0.8988296510053961
LINC00114,-0.898881696459474
MRPS18B,-0.8989335414346381
ALMS1,-0.8992383308872077
CKLF-CMTM1,-0.8994641130681237
TMEM200B,-0.8995089474426516
PRR9,-0.8996859886477734
TRAM1,-0.9001940257018372
ACOX1,-0.9004831721482367
GIGYF2,-0.900942631283866
LOC100506207,-0.9011716298676904
XKR8,-0.9013009927700463
MCOLN1,-0.9014416981411016
LOC100132215,-0.9016915154570493
TRIM38,-0.9017488473586981
CAGE1,-0.9024891898952444
ZNF800,-0.9028295002833503
LYPD1,-0.902984582421266
TRMT5,-0.9031891262107297
ANKRD30BP2,-0.9034918026799381
CNTRL,-0.9035739861083519
PIAS2,-0.9039967252308921
AKR1C3,-0.9042120232867955
ZNF2,-0.9047422651371579
ITPKC,-0.9047718868884824
TRIM7,-0.9048894554017055
MRPS34,-0.9053661731546099
SNORD64,-0.9054384547150613
HOOK2,-0.9062117497812368
ZNF337,-0.9064435987315114
MAPK11,-0.9064522073593974
LOC100506586,-0.9064836940094939
PPIAL4B,-0.9067150147288794
HN1L,-0.906749006361616
PGAM1P5,-0.9069861451505853
LOC284385,-0.9072077928623211
ZNF827,-0.9074024231144567
COL6A2,-0.9074416912872736
CD28,-0.9074437085837722
NPAP1,-0.9076537544275741
ABHD8,-0.9083113207822158
NR1H3,-0.9083804085123999
TRMT10B,-0.9087424077577286
F2RL3,-0.9096071506191751
NYNRIN,-0.9098019340055015
CASKIN2,-0.9099137952555431
NDFIP1,-0.9103220109582891
MAGI3,-0.9104638286476854
PGAP3,-0.910774211739199
CCDC163P,-0.9108524470887636
DSCR6,-0.9114934423758554
MAP3K14,-0.9115014206872095
LOC100507616,-0.9120443333762892
SAMD9,-0.9123022938626527
HLA-DPA1,-0.9124682104777577
CFP,-0.9125365763820708
CYP2W1,-0.9126141521549987
TGFB1,-0.9129825174890474
LINC00478,-0.913136849538251
LOC148189,-0.9134805835434727
LOC100129781,-0.91367959761699
CD209,-0.9137764827107451
NOXA1,-0.9138237639737422
NBPF12,-0.9139014513124527
MDM2,-0.9142723738109496
ANAPC1,-0.9143348020163121
FAM69B,-0.914424128151483
PCDH12,-0.9149250894222625
VSTM2A,-0.9152379983578839
PLEKHG2,-0.9153816898494656
RAMP3,-0.9154722788643732
LOC100505880,-0.9155773430690273
TMTC2,-0.915687581339728
HES2,-0.9157013360544746
HLA-DPB1,-0.9157409339779401
TFDP2,-0.9164654905233223
PPRC1,-0.9165524932693369
SPATA5,-0.9168771567008935
ASF1B,-0.9175349143172973
CCL5,-0.9175942063110165
C1RL,-0.9182046435978697
CLDN20,-0.9184111033672242
MPV17L2,-0.9185454740787982
C16orf54,-0.9187898025715396
LOC100652927,-0.9193216727172158
MTRNR2L6,-0.9195187906203806
ARMCX2,-0.9199394392102361
HAUS5,-0.9202330270017777
CLTA,-0.9202376407447561
SYNPO2,-0.9204145347397189
LOC100506858,-0.9205665398880759
C4orf22,-0.9206423400375158
LOC388588,-0.920939493990658
LOC100289488,-0.9209759001562096
TRNP,-0.9210468698896507
HCK,-0.9216095702396908
CDC16,-0.9217037910488487
RPL13,-0.9218964316972669
LOC100128675,-0.9226902605433609
AURKAPS1,-0.9227742791647281
SHB,-0.9228527881628931
PDE6B,-0.9229107274082466
SNORA76,-0.9229872807951061
RARRES3,-0.9230492777414795
AAED1,-0.9233305828100077
ASMT,-0.9233890153784893
CCM2,-0.923391488645941
LOC100129216,-0.9240930109276413
LUC7L3,-0.9241539075699298
PPFIBP2,-0.9245772824875963
INO80D,-0.9246884839666019
LOC100129413,-0.924729861898639
LOC100506201,-0.9247485301551844
DLL4,-0.9249220812060349
SYVN1,-0.9249861333145629
AGAP5,-0.9249936987119063
CG030,-0.9250076981306388
LOC100507346,-0.9250708823746604
AIPL1,-0.925333470000361
SNX24,-0.9257533436826556
LOC100506128,-0.9260767736060159
CCDC75,-0.9261691127270635
METTL21CP1,-0.926957957901405
EMP2,-0.9272007513430297
BMX,-0.9275030391897819
IRF7,-0.9276048010598762
C19orf40,-0.9277082346150983
C10orf32,-0.9277269723776717
PCGF3,-0.9277385809404046
SPECC1L,-0.9279896922361683
SKP1P2,-0.9281392970790877
WIZ,-0.9283842001735415
MMP21,-0.9283982792465775
LOC100505481,-0.9284010523443005
PTPLAD2,-0.9284658763205235
STYK1,-0.9287562756102314
CTNNA1,-0.9287886413566993
HNRNPL,-0.9287890909622868
C5,-0.9290749647161
TIMM44,-0.9296022154574262
GPCPD1,-0.9296288580371075
RNF144A-AS1,-0.9297325188857292
CTTNBP2,-0.9299058624795414
SNTG2,-0.9300995684869402
STX16-NPEPL1,-0.9301913035919979
FKBP1AP1,-0.9301982301062286
PIK3R2,-0.930422523328139
TCEAL4,-0.9305268075442742
SARS2,-0.9305315516066924
ADCY9,-0.9306111050786178
ZNF599,-0.9308508825605434
ANXA2P2,-0.9314147266620054
MAGI1,-0.9316579693436022
PRKG1,-0.9317604438971043
C12orf35,-0.9318954369660913
LOC100507250,-0.9319594074238007
PDE6A,-0.9320130857528202
MDFIC,-0.9323238811764161
CROCC,-0.9325394446060133
FCHO2,-0.9328001206487647
PTCH2,-0.9332553724920171
ARMCX3,-0.9332638106996214
C10orf10,-0.9335119629486494
LRRC14,-0.933869648150382
MYPOP,-0.9340959598169721
IER5,-0.9341952043970688
ADAT3,-0.9348367810673188
MNF1,-0.9349537905207986
RASGRP3,-0.934997644426001
TRIM25,-0.9351964352200002
C19orf33,-0.9352720731618449
LOC283693,-0.935671178964502
TMEM160,-0.9357312931624533
AP5B1,-0.9362841437979749
FLJ46446,-0.9368098363374295
LOC100132741,-0.9368098363374295
THAP7,-0.937168299325173
GPATCH2,-0.9372236539580239
CAPRIN2,-0.9377454310994571
LPP,-0.9380203887048492
CD7,-0.9382487512721105
FZD7,-0.9384087806378572
GALT,-0.9386539746222989
TANK,-0.938694266599078
KIAA1377,-0.9387741487171386
FAM18B2,-0.9390877788267417
SYNM,-0.9391519805808387
MIR3184,-0.9394515011217692
LRAT,-0.9396096215816356
MBOAT7,-0.9396805141793989
LOC100128657,-0.9396885034326053
JPH1,-0.9400316647605309
BATF3,-0.9401000741774918
PEG10,-0.9401156452757149
OSTCP2,-0.940209028526166
PTPN21,-0.9402176613887341
ST7-AS1,-0.9403569461341669
LOC100505487,-0.9405961452136716
LOC100288997,-0.9407588973322155
MIR423,-0.9408845434561144
FLJ37786,-0.9409130688078886
RPS6KA5,-0.9412924647020531
FBXO27,-0.941471268872263
STX4,-0.9417945971519373
SMAD5-AS1,-0.9421304230146972
C17orf102,-0.9422992024448515
UNKL,-0.9425338356974798
LOC113230,-0.9426802062622207
MZT2A,-0.943023189859658
A4GALT,-0.9430884200853783
BET3L,-0.9432024994293389
ZNF90,-0.9432484972654908
C11orf96,-0.9436255691954355
GHR,-0.9439801643316529
CRYBB1,-0.9439804577594114
C1R,-0.9444246679551808
FAM176B,-0.9450436799722531
TMEM139,-0.9451104383832574
GNB4,-0.9452425938525811
GPR160,-0.9456565561502371
FAM156A,-0.9456680869842898
AIG1,-0.9460090391539614
MPPE1,-0.9466196760971426
GPR35,-0.9470547459063912
SLC35B3,-0.9473950832311437
C11orf67,-0.9474180370148167
CHST5,-0.9475672289886358
HTT,-0.9475982156623155
FAM43B,-0.9478475885009134
POLR2I,-0.9483764966382796
LOC100507033,-0.948447121505243
SIX4,-0.9485860636406387
ZMYM6NB,-0.948634059356068
SCIN,-0.9489884483838646
APOC1P1,-0.9493967377591132
SELL,-0.9495343009896949
STK17B,-0.9495958513391647
GPR97,-0.9496796269220267
ICOSLG,-0.9499432678552494
LOC100130932,-0.9502310577610036
LOC100287042,-0.9503430514790022
POSTN,-0.9504690950517769
LOC100128288,-0.9505192482527662
SLMAP,-0.9506079137021728
KIF7,-0.9512463285509718
NBPF8,-0.951329986721918
HMG20B,-0.9514751415298798
ALMS1P,-0.9515958325200604
RPS7P5,-0.9518778153745919
C1orf229,-0.9528259574170542
BMS1P4,-0.952950882298806
BRF1,-0.9530511716552881
SRRM2,-0.9541029369683608
AS3MT,-0.9551615654923538
FLJ46836,-0.9551628176305871
ADAMTSL2,-0.9555706424593289
DCHS2,-0.9556788886735018
CFHR3,-0.9559206747300385
UPF1,-0.9559478162637127
PCDHA10,-0.9559692165457608
FTSJD1,-0.9566948266475183
DPP3,-0.9569311944755075
MAFF,-0.956939589059885
C4orf36,-0.9579910584088251
KLK7,-0.9585332132140149
ARRDC3-AS1,-0.9585410642297187
SLA2,-0.9586618963438343
LOC143188,-0.9588879641412813
PEX13,-0.9589271168233987
GOLGA6L5,-0.9590156193646059
COL5A1,-0.9590461390842172
FLJ46906,-0.9591456433191683
HACE1,-0.9592606292235247
LOC100506455,-0.9593632529083227
LIPH,-0.9593885715746384
RFTN2,-0.9594561056787633
PRPF39,-0.9596151649787702
GBF1,-0.9601615459604699
MTRNR2L8,-0.9601780658403014
REV1,-0.9602007521489003
ZNF43,-0.9603520120029435
ZDHHC1,-0.9605613026312316
ICAM2,-0.9606265052044392
FCGR2A,-0.9607512420903421
MRPS21,-0.96079107241445
XPR1,-0.9609495397670503
NOM1,-0.9609824066599089
TSR3,-0.9612431883467412
TRMT2A,-0.9612744551536949
RPS20,-0.9615129204772369
SMPD2,-0.9621399343248738
MAT2A,-0.9622298950824563
SCAP,-0.9629657744129739
ASB4,-0.9630424350958249
LOC100144603,-0.9633301800029233
TMEM232,-0.9633507890354234
SCN7A,-0.9633624264001047
ZMYND19,-0.9634673929434844
WDR31,-0.9635972647116785
PCK2,-0.9637390064773149
LOC100129831,-0.9639191158555129
SLC19A1,-0.9639321821814313
HLA-DOA,-0.9641638340316775
SAMD9L,-0.9643793752435579
GNA14,-0.9644155750534248
SYNDIG1,-0.9644219204638081
PACS1,-0.964494524690685
GPR171,-0.9649291452445361
SLIRP,-0.9649490528004332
GK5,-0.9650297802982962
MESP1,-0.9652910894670812
ART4,-0.9667798193273034
MTA2,-0.9670858988906375
ITGA7,-0.9678747397178914
CC2D1A,-0.9679543356383981
RBM26,-0.9682216132278257
KIAA1324,-0.9683200441192842
LOC100128563,-0.9683910962899677
PPM1M,-0.9687329224705704
LPHN2,-0.9688152573984027
SLC52A2,-0.9690908108613163
DMWD,-0.9691882992658362
KDM4B,-0.9695283133038758
EDF1,-0.9701447739773166
ACBD4,-0.9703471778046266
TBC1D22B,-0.9707028293232214
CAST,-0.9709960814180641
SNAI2,-0.9710410399160129
C2orf83,-0.9711299040413682
MGC3771,-0.9716225124794043
MIR3943,-0.9716287435989582
LOC650157,-0.971699718528411
ATF7IP2,-0.972210357321784
UBAP2,-0.9724687851443591
CD46,-0.9725369304519902
PNPLA4,-0.9726959300157597
HEG1,-0.9727038263385543
GLTSCR1,-0.9728446652970738
LOC642838,-0.9729459724417119
C17orf56,-0.9731596401172318
GOLGA6L6,-0.9740856026796088
PTPRZ1,-0.9743635750871013
SH3BP5L,-0.9744939533285318
FKBP15,-0.9745979251565672
DCDC5,-0.9746693839399312
ATAD2B,-0.9752252927551776
TATDN3,-0.9752365648348174
IFI30,-0.9755741684974305
FAM177A1,-0.9760745430452334
FBXL12,-0.9763248160473477
TPST2,-0.976833564194398
CD37,-0.977225593561157
HEXA-AS1,-0.9774923794824798
FADD,-0.9778786347490783
LOC100506922,-0.9780957126767154
KBTBD10,-0.9782937870183372
SCARNA9L,-0.9793638225480846
MEF2BNB,-0.9794007323449143
MKNK2,-0.9794930648557737
SP8,-0.9796055451760382
LOC100653004,-0.9796555976799085
LRP1,-0.9803959869546034
IL26,-0.9809647499583543
DMBX1,-0.9815034360814449
INHBB,-0.9815578804222609
MECOM,-0.9817141027399083
FBXO8,-0.9818029274171217
UQCR11,-0.9819045950284961
RAD51D,-0.9822435897649726
RPS28,-0.9824268567670834
RSF1,-0.9825572886865767
RAB11FIP1,-0.9826201253829074
RASAL3,-0.9826999483013907
CNFN,-0.9827157233275934
RGPD4,-0.982939761457706
NUP214,-0.9829429353877517
FUCA1,-0.9832670671603251
OR7E37P,-0.9835900124371025
FAM133DP,-0.9844728994794659
ATG10,-0.9844799001958219
LOC100130872,-0.984524532781471
ABHD14B,-0.9845995487781718
ZBTB7C,-0.9846098122320456
PAX3,-0.9846316455403871
C9orf142,-0.9847938912567034
PLA2G12A,-0.9853779857210375
MIR3682,-0.9855332875598865
LOC100505574,-0.986183693999439
LOC100128822,-0.9865535842674491
ATG14,-0.9867405324587099
TTC14,-0.9872000266039189
NT5C,-0.9873020623949765
LOC100128751,-0.988783646583678
EXPH5,-0.9891688883413858
MICA,-0.9892205928920083
SPATA12,-0.9892277656845788
STX17,-0.9892878384913181
FZD5,-0.9899796173408739
ANK2,-0.9903844115875808
LTB4R,-0.9904898211204458
FUK,-0.9909498580192255
NSRP1,-0.9910111424742565
ZBTB42,-0.9911006714055027
LOC100505605,-0.9912895601961949
HSH2D,-0.9915474146760566
PIK3R5,-0.9917228136757248
RAD21-AS1,-0.9925387543454391
LAMTOR2,-0.9928634230256919
LCN1,-0.9932208526647535
EEF1DP3,-0.9935467334485142
HGC6.3,-0.9937897928557292
TMEM178A,-0.9939923345502409
SH3BP1,-0.994086645914559
HCST,-0.994090474370783
LOC100505695,-0.9941631339792594
ISG15,-0.9947485989902269
RPL35,-0.9948788305340683
ZNF662,-0.9949990719805407
ZNRD1-AS1,-0.995006679012035
TMEM123,-0.9957321257278223
PHKA1-AS1,-0.9957347451012314
VSIG4,-0.995742034097714
SCN11A,-0.9961366660696337
LOC100652866,-0.9967085087431321
ICA1L,-0.9967999377972104
ECT2L,-0.9968666674738388
ZSCAN12,-0.9970079506950386
ADAMTS6,-0.9971821724525042
EHD4,-0.9972271219806134
DDA1,-0.9975265328949192
SNORA15,-0.997615339106928
LOC441239,-0.9977628682072361
FREM1,-0.9982502402517195
N4BP1,-0.9983126848211461
RADIL,-0.9983275767283487
LOC613037,-0.9983393202514544
OPA3,-0.9987662717111171
RBM12B,-0.9989475610022852
LOC441601,-0.9989590423432299
ESR2,-0.9997144694820739
SSH3,-0.9997529323437503
AIDA,-1.0001853852306153
LOC100132046,-1.0004397433661807
MXRA8,-1.0006443698486396
LRRC2,-1.00079525392481
ZSWIM1,-1.0009137471495513
C9orf41,-1.0010675290793103
C16orf59,-1.0010932673397963
GABPB1-AS1,-1.0011785617217956
CYP21A1P,-1.0012807722913817
SPRY2,-1.0012918441759773
LOC100507331,-1.0015640417365654
NPEPL1,-1.0016645220404328
IL27RA,-1.0016661987015936
KCNJ8,-1.0017017830788055
APOL6,-1.0018082401536168
TOM1L2,-1.0019063855534796
LOC100268168,-1.002515686656837
L3MBTL4,-1.002965634452969
GCFC2,-1.003177316645713
GSDMA,-1.0031988574801116
LOC100133612,-1.003407233361964
AQP4,-1.0034385329412951
LOC100128682,-1.0034983112170215
GPR114,-1.003654835953123
WLS,-1.00367723817026
PBLD,-1.0038643374250837
LOC100506143,-1.0038719668136655
FCGR1C,-1.0041266128631625
PLEKHM2,-1.0049932928804106
ADRA2A,-1.005008780860423
TLR5,-1.0050657678275714
LOC100506172,-1.0053363669067958
MAPK1,-1.0054823069767274
CCDC91,-1.0058171956676045
C9orf170,-1.0058338646300446
C3orf74,-1.0060334937116024
NEK8,-1.0064941581280884
CHST7,-1.00665150059471
TCEB2,-1.007376537900814
ASCL2,-1.007383677144922
PARK2,-1.0076644614932002
LOC643669,-1.008566440217327
GPS2,-1.0086966649097777
LOC644145,-1.0087295487919556
RBBP9,-1.0091298683463295
SPATA7,-1.0092830721872497
EFCAB6,-1.0093412029662818
TOP1,-1.0095209390742084
PON3,-1.0098029279691982
CARM1,-1.010765439188699
LOC100507380,-1.0108521748544412
RAVER1,-1.011037754244423
SKIDA1,-1.0112932294822257
ZNHIT6,-1.0114244464211628
QTRT1,-1.01168924808308
OLIG1,-1.012271229976515
LOC284454,-1.0124007733914178
FBXL18,-1.0125005208470181
PLAA,-1.0127914134898894
LOC100507053,-1.0129175527604426
DUSP15,-1.0130455287715632
TRNI,-1.0133496666642354
RD3,-1.0137344137679416
ZCCHC24,-1.01377324606812
AFMID,-1.013898688192713
PLA2G15,-1.014283408572845
ZNF302,-1.01437308485763
C5orf56,-1.0144774071204352
LOC653075,-1.0145664174209097
DSC3,-1.0146798916441975
RABL2B,-1.015522928788545
LOC100286969,-1.0165161588270808
CST7,-1.0166096362370984
SLC22A18,-1.0167677554822871
MGC23270,-1.016940484038198
LYZ,-1.0169585100251175
ZNF91,-1.0171494006247284
ARSA,-1.0172405634509647
IVD,-1.0173928261584175
GFRAL,-1.017446675679123
SNORA70C,-1.0177619777481361
ABHD11,-1.0183976651570723
STK4-AS1,-1.018464437654622
TMEM236,-1.0185297249214023
CKLF,-1.0186140763433909
ANKRD20A4,-1.0187445646851134
DGKB,-1.0188545784103675
EPB41L2,-1.0188771038122413
SLC22A17,-1.0189379317635001
LOC728769,-1.0190158022724363
POLR2J3,-1.0191751863298748
ATXN1,-1.0192173966215463
CREB3L1,-1.0192643099906535
PCDHB14,-1.0194458327186517
ZNF571,-1.0195451137657403
DCLK3,-1.019803902434025
FZD4,-1.0199152768811468
RASSF7,-1.020110594411242
PTPRF,-1.0204965864995643
CCDC69,-1.021197924107274
HORMAD2,-1.021534296950942
LOC100506245,-1.0220177354862792
PRMT3,-1.0225656388403965
RAPGEF1,-1.022816627227431
RASSF8,-1.023067290004075
FAM83E,-1.0231427127770345
LDLR,-1.023372625532524
ABHD16B,-1.0234417906377036
TELO2,-1.023786197270705
PIGW,-1.0242382808171067
PRR23C,-1.02452440415453
LOC100505676,-1.0246162940293657
HEMGN,-1.0246329151248417
CCDC88A,-1.0251332302662715
LOC100129269,-1.0254284599694863
LOC100288619,-1.0254812233675155
SNORD55,-1.0260973643999773
AMBRA1,-1.02618841080158
PPP1R37,-1.026436574658849
LOC100652804,-1.0266672931717233
TLK1,-1.0267087921272362
GAMT,-1.0268572931515936
SCAI,-1.026920908206834
RNF126,-1.026954125630883
SURF6,-1.027018849557421
C6orf228,-1.0271005890669744
ASB5,-1.0271108609604362
LOC100132526,-1.0271601531038808
LOC100652953,-1.0272282953178842
KBTBD8,-1.027440849493593
C1orf162,-1.0276481270566014
ERI1,-1.0281292262445116
OLAH,-1.0282666269902485
NEDD1,-1.0286805830728154
HIST1H1A,-1.0286919626258504
LOC100506412,-1.028729761783967
MALAT1,-1.0289217953021617
SRSF10,-1.0289868590211475
C20orf194,-1.029204757042674
ZNF621,-1.0304817655066538
RNF157-AS1,-1.0306746155304611
CCDC160,-1.0322440429924145
ARGLU1,-1.0324127924239843
GPM6B,-1.0324432522273672
RRAS2,-1.0324488151062547
GNG11,-1.032577882928113
LOC100505815,-1.0326602567332512
C1orf210,-1.0327594177997756
GRIN2D,-1.0329684959624796
COX6B1,-1.0333954221121147
ZNF513,-1.034095031696575
CERS1,-1.0343368391143566
IRF8,-1.0345627205454668
BAD,-1.0348764428865003
C20orf203,-1.0350075150532148
CD320,-1.0352073874642627
LOC100507633,-1.0353119980313192
TAF1L,-1.0353781866570386
PIWIL3,-1.0354868880617445
VGLL3,-1.0356668659133847
LOC100288676,-1.036062861748174
BAZ1A,-1.0360638273312381
GHRLOS,-1.03625811733416
PNPLA7,-1.0365010816007345
LSR,-1.0376000029241788
FOLR2,-1.037771514897107
LOC100505534,-1.0379089961577779
EFHC1,-1.0379159908926296
DTNBP1,-1.0379673308388448
LOC100128310,-1.0380957791418783
FAM154B,-1.0381091091695815
ZNF713,-1.0385081617121257
RPA2,-1.0387694695756935
REXO1L1,-1.038913967951165
LOC100294406,-1.039027005789903
NRL,-1.0398114317025364
RGPD1,-1.039954559914297
MOB3B,-1.039997605740309
SART1,-1.0401319586261444
NUPR1,-1.0402464980517692
KLRD1,-1.0403981504051831
LOC100505738,-1.0407950386580815
ACTN2,-1.0409859049256869
LOC100505960,-1.0410072611671968
PRORSD1P,-1.0410563517920826
HSPB6,-1.0411242226575292
TYSND1,-1.0412195637113733
VPS16,-1.0417391050196152
METTL1,-1.0417422465117931
CCL14,-1.041776084602316
DENND4A,-1.042186041500373
POR,-1.0421919600751195
MYADML2,-1.0426776571887528
TTLL10-AS1,-1.0426977230867942
LOC100133050,-1.0427158459259847
ZNF696,-1.0436006799737276
ZNF334,-1.0437157908084178
C8orf37,-1.0438745095067543
SNTN,-1.0445279675309038
LOC100130000,-1.0448167508803967
IRF2BP1,-1.0449048931607265
PRND,-1.0452571152650825
LOC100289255,-1.0453582690784988
ZFP14,-1.045669077930282
RPL10L,-1.0457368816360681
CORO6,-1.0457745443543844
PRIC285,-1.0470167917794264
ERBB4,-1.0470773151690387
MIR3658,-1.0476044621315292
LOC100652825,-1.048092463078334
LOC100652765,-1.0483074232782505
DNMBP,-1.0487951384447924
PARP9,-1.049023101798459
ZNF787,-1.049547477388064
LOC100132735,-1.0496995821307151
UPK1B,-1.0497229095512783
SPR,-1.0497911314054738
MGAT1,-1.0501987726715918
TTYH3,-1.0502521683628527
IGF2,-1.0503008341389863
STK31,-1.0504746874763495
PXDC1,-1.0506634421816776
PSRC1,-1.0509537998546719
CSRNP1,-1.051388744211117
NUBPL,-1.0515024898420715
LATS1,-1.0515759554816475
LOC100506983,-1.0516834595600846
FLJ37798,-1.0518854477226838
MIER2,-1.0522275471067082
ABCB9,-1.0524728403049388
DNAJC17,-1.052546026133324
HSDL2,-1.0525627885838371
C19orf70,-1.0526029212828174
MRGPRX3,-1.052760608391933
ZNF136,-1.0529515826981126
ATP10D,-1.0529718851317764
DUSP27,-1.0530649041224442
C4orf29,-1.0534603429548177
LOC100505702,-1.0539208384379084
SLC24A1,-1.0546292487618192
LAMP1,-1.0550599286523359
RPL29,-1.0551864067307566
HK3,-1.0556185769993758
LAMB2,-1.0565974771366864
ANKRD11,-1.0567507915281487
RSRC2,-1.0567810833019229
CHMP4B,-1.0573623599993518
HLA-E,-1.0574326202464421
KLHL5,-1.057631369016978
PCNXL3,-1.058061132014805
CYS1,-1.0582139525851502
TFCP2L1,-1.0584819444318023
LOC100505528,-1.0589372669556263
C20orf160,-1.0597034372322436
ZNF716,-1.0598213517690505
GABPB2,-1.059866157235376
FCAR,-1.0598934495173231
MESDC2,-1.059899299399512
TMEM158,-1.0599530346391302
C17orf65,-1.0600408684372487
NKX3-2,-1.0601102650295091
CHL1-AS2,-1.0601397661596812
CRTC1,-1.0602379123771555
ELANE,-1.0602398285069556
ARID5B,-1.0602885284333412
APOC1,-1.060303735697711
LOC100129034,-1.0608473947258394
NUDT16P1,-1.0609003093544989
RNF216,-1.0610965744837064
LTC4S,-1.0611618674486376
TMEM120B,-1.0612119072435346
MAPKAPK2,-1.0612977240304922
EVI2B,-1.0614117314390217
PPOX,-1.0616072936689007
PBX2,-1.0619422871334567
ZNF398,-1.0621739877267065
HMGB3P1,-1.0622349147707342
JAK3,-1.0622574573329875
TSNAXIP1,-1.0626081507827623
ZNF311,-1.0630882586741977
FUT1,-1.0633291269695304
DGAT1,-1.0634532543150432
SHISA3,-1.0637603788068462
SPACA5,-1.064431890654168
RBMS2,-1.064888364830426
ZHX3,-1.0649205748588828
BCAP29,-1.0650534321503327
UCKL1-AS1,-1.0651162015863311
LOC613126,-1.0664217548427857
C2orf16,-1.066823209318953
SPOCD1,-1.0670532828452786
TNNI1,-1.067157203516291
FLJ38109,-1.067408551886613
RTN4RL1,-1.067505809130878
SCD5,-1.0675809014581301
PRRT3,-1.0676013187299602
NABP2,-1.0681028191973079
APLP2,-1.0681081536412145
LINC00323,-1.0685049197572665
ITSN2,-1.0693753058147006
HEATR4,-1.0697154709789019
ACSL1,-1.0697508561250197
LAMP3,-1.0697635419646545
HELLS,-1.0699875504353287
IAPP,-1.069987693258353
KRT42P,-1.0700462377052116
DKFZp667F0711,-1.0706208188197963
HSPBP1,-1.0710042357495466
LOC100505923,-1.0712642625413848
SOD2,-1.0713499726284625
KCND3,-1.0714968775357494
C8orf31,-1.0715588837339858
PIH1D2,-1.071702803686496
LOC100287576,-1.0718536638641265
ARHGAP25,-1.072123186329218
KANK3,-1.0724468036463117
FAM122C,-1.0729431435564853
TANC1,-1.0731307174001061
DDX27,-1.073315993036092
LOC100509263,-1.0733824794440119
BAK1,-1.0734396026318176
LILRA4,-1.07355655355015
POU3F4,-1.0735901028461656
GALK1,-1.0737851079002911
EXOC4,-1.074224634836972
PPP1R1C,-1.0743112527525953
LOC440300,-1.0743260891393236
PIK3IP1,-1.0752739744213695
TTF2,-1.0755191560767057
HEXIM1,-1.0760181274737841
SPDYE8P,-1.0760637346073918
NOTCH2,-1.0761562740586295
LOC730651,-1.0762431222840223
PLB1,-1.0763482031926122
EFHA2,-1.07662851819481
VAMP8,-1.076723525144604
LOC100506774,-1.077123544623753
C1orf213,-1.077175054388886
CCDC144B,-1.0774337265269434
LOC730183,-1.0777007442768174
MTSS1L,-1.077937816930852
RPP40,-1.0779900198142587
ZNF576,-1.0780286053223969
ZNFX1,-1.0786390097462406
PRKD3,-1.0786601546662353
ABCD4,-1.0790374121579498
ESRRA,-1.0792331440419862
LOC100507245,-1.0792771311741385
ARHGAP22,-1.0797674952637655
QPRT,-1.0799939760431634
GOLGA6L9,-1.0806492229633524
AFP,-1.0811978336815329
BBOX1,-1.0812505994836885
ABHD2,-1.0816498518781568
SLC22A9,-1.08168826228867
KDM6A,-1.0820076432745358
STAT2,-1.082017771340893
LGSN,-1.0821002885142783
PRR24,-1.0821502771253124
SLC4A1,-1.0823107981766562
ALDH1A2,-1.0825468415681356
ABCA9,-1.0828319432676285
GSC,-1.08296969406021
SLC52A3,-1.083027224072508
SRD5A3-AS1,-1.083480667791981
NLRP12,-1.0835564645172582
RIOK1,-1.0836467762291724
BTN3A1,-1.083769394388625
LOC100131320,-1.0840717358064744
BTN2A2,-1.0840750639263685
ARHGAP21,-1.0840978690721097
MAEL,-1.0847086143410873
TRAPPC12,-1.084731504776252
ENTPD2,-1.0848227525875667
FDX1,-1.0852066656790822
AP4B1-AS1,-1.0853672194054116
TTC3P1,-1.085529848180173
ZNF101,-1.0859294004041014
LOC644936,-1.0862178577779322
BCL7C,-1.0862734242830516
ZDHHC23,-1.0865675832667423
MMP23A,-1.0867143937133212
ZNF500,-1.0868405307419198
PFDN6,-1.0879227868582535
NME6,-1.0880291731724054
SMEK1,-1.0883758883630228
APEH,-1.0889827974127866
EFEMP2,-1.0896306436217327
ERN2,-1.0896697289603088
ENTPD3,-1.0896783232639384
VAV3,-1.0900006963916538
SLC16A2,-1.0905415033990828
FARSA,-1.0909052520108005
STEAP4,-1.0909387696138384
NR2C2AP,-1.0912909800102335
KCTD7,-1.0913449782162725
TRNAH6,-1.0913482483168349
TRNAH10,-1.0913482483168349
TRNAH7,-1.0913482483168349
TRNAH9,-1.0913482483168349
TRNAH4,-1.0913482483168349
TRNAH2,-1.0913482483168349
TRNAH5,-1.0913482483168349
TRNAH1,-1.0913482483168349
TRNAH3,-1.0913482483168349
UCP3,-1.0913700694333215
RELT,-1.0913780073187183
TNFSF15,-1.091461803583841
SLC38A3,-1.091720013190098
GCK,-1.0921789552329393
SLC9A9,-1.0930521479544786
TMC5,-1.0933301154740633
RECK,-1.0934745509007449
HPS4,-1.0935283978124333
BMP3,-1.0940697150663627
CREB5,-1.0944030015274229
IRF1,-1.0946979164209838
CCDC36,-1.094772294052925
REST,-1.0949573818659881
FMO4,-1.0955093333378951
ZNF665,-1.0965018365145454
ANXA13,-1.0967796750092158
FAM46C,-1.096969744340658
PLK3,-1.0976318971221248
MGC24103,-1.097961869775839
PEX26,-1.098251261473517
EBF4,-1.098510669863524
GIMAP2,-1.0986584227451954
SLC44A4,-1.0993558225548998
ACAD8,-1.0998631836501853
LOC100506748,-1.1006077730754442
CNN3,-1.101049171296206
LOC728323,-1.1012029471822173
MYBPC1,-1.1016478673281598
SPDYE1,-1.1017046805200572
RREB1,-1.101726029081238
ANKHD1-EIF4EBP3,-1.1022829157805487
C8orf49,-1.1027159210866695
DUS3L,-1.1030998842721134
ZNF252P-AS1,-1.1035759374483065
ACSBG1,-1.1042391637244968
AQP6,-1.1055404467371686
GNRHR2,-1.1059493062858659
FAM27C,-1.1061920870809092
LOC391322,-1.1062248473075476
TMEM71,-1.1065439107707566
LOC100506358,-1.1066470664380694
C5orf55,-1.1072536687664023
SLC35B2,-1.1073500819484254
FAM90A1,-1.1074199297456024
TCF7,-1.107476853109566
PYCR2,-1.1075412625013452
GFRA2,-1.1078226227081744
LOC100506113,-1.10792773217088
ZDHHC14,-1.1082377866786426
RP1,-1.1083200917209404
KCNMA1,-1.1087498800910442
BCAM,-1.1087784552441646
HCAR1,-1.1088060034740448
ARHGAP19,-1.1088748296747026
FOXL1,-1.1089686794166245
CDH23,-1.1097281036908284
FRYL,-1.1098532434872375
THRSP,-1.109978567777233
RASSF5,-1.1100091205996712
VDR,-1.1101294437453197
CACNB4,-1.1102063799634085
TNFRSF1B,-1.110330125847676
CDH6,-1.1103672858959721
TRPM1,-1.1106222136507633
F3,-1.1110581624033573
RBM43,-1.111094280760381
C3orf49,-1.1111301322387703
TTN,-1.1112489672184225
SHANK2-AS3,-1.1118026173497708
LOC100506045,-1.1119713324474125
CYP2B7P1,-1.112064467500046
FASTKD5,-1.1120758048832753
UBA52,-1.1121099694279046
LOC100652943,-1.1121661248707737
MSL1,-1.1122728325742606
PLEKHM1P,-1.112417465873907
SLAMF6,-1.1126960699949
PWWP2A,-1.1133708587781759
LOC90834,-1.1135655958359116
C16orf55,-1.1137488894037184
MED16,-1.1139346898107139
CLDN19,-1.1139563881690777
SYNC,-1.1140413581387931
FP6628,-1.11418696740195
TUBGCP5,-1.1154018068043783
PHKB,-1.1154964301052557
LOC100507308,-1.1155196534484062
ELL3,-1.1157863477766847
RALY,-1.1158941769136628
ARMC2,-1.1159802918034034
HTRA1,-1.11630573278947
TMEM74B,-1.1164176222929478
ZBED5,-1.1165582023429017
LOC646471,-1.1169469189283778
C9orf66,-1.1173845830928375
RPH3A,-1.117891377733322
DBH-AS1,-1.1179455289134381
BRI3BP,-1.1180429355684967
WRN,-1.1187687725219941
LOC100128164,-1.1188547318091897
KCNAB3,-1.1195973645148614
LRBA,-1.1200366415342682
GNA15,-1.1201506592638244
IRS2,-1.1204948719927361
C6orf141,-1.1208488747413499
CCDC24,-1.1209696655774855
FEM1C,-1.121022213089116
GRWD1,-1.1212767426676225
SIT1,-1.1215402411557414
LOC100507219,-1.1218254415902613
FLJ33630,-1.122494010200444
ALOX15B,-1.122631188230886
SMAD6,-1.1229206861591596
SYMPK,-1.1229323368298019
RPL13AP3,-1.1229762389681495
ECSIT,-1.1230136832114175
CCNYL1,-1.1230506948013346
LOC400768,-1.1230783882654076
LOC440970,-1.1231118467366163
KDM8,-1.1231885071859384
NLRP8,-1.1234760485986437
CCDC169,-1.123483866223864
FITM1,-1.1241668888692418
TRIO,-1.1243942557947553
AP3D1,-1.1248427376821937
MAN2B1,-1.125132633101403
LOC100652934,-1.125355622798836
C5orf60,-1.125701790605629
GPD2,-1.1261989629894669
ZNHIT1,-1.126616663102367
C17orf89,-1.1268673075683493
IRAK4,-1.127120807353684
NQO2,-1.1271335557121276
VEGFB,-1.1271784327593262
FAM21B,-1.1272988090339648
LGMN,-1.1276127242715532
ANKRD24,-1.1278261536493845
SDHAP3,-1.1282834856183523
LINC00221,-1.1285072498096846
ST6GAL2,-1.1286530849290612
RASD1,-1.129159474474819
PRADC1,-1.1308977921987824
HAUS3,-1.1313494529401584
WDR62,-1.131542389890433
PTGES2,-1.1318394167106314
SLC17A9,-1.1320856224826772
C6orf118,-1.1322985177165856
LRP5,-1.1323435977315526
SNORD63,-1.1323561661370678
DUS1L,-1.1330140615585702
SYNGAP1,-1.1332732561068584
TMEM91,-1.1333591746264942
SLC28A2,-1.1334131506098064
LOC100505933,-1.1335851354551776
CCDC97,-1.1337112712108703
MSANTD2,-1.133984180256524
MYLK3,-1.1339957053936658
C16orf7,-1.134626949436649
LUZP2,-1.1349021347882582
A2ML1,-1.1349531858818638
TTC32,-1.1350020853305067
MYO1C,-1.1350380906659125
SUCLG2,-1.1358056234266072
FGF11,-1.1359241212479527
LOC100652877,-1.1361811899538854
MR1,-1.137355424342965
ISLR2,-1.1375657123214793
NUMBL,-1.1376595051874503
GREB1,-1.1390459288001005
CLIC1,-1.1391273312235672
JRK,-1.1394474281307725
LGALS3,-1.1401906482158193
RPL19P12,-1.1402378979668037
DHX37,-1.1402416020925243
PLXNA1,-1.1405836356642145
LOC100505771,-1.140604450307598
NR2C1,-1.1407546057854003
PDPR,-1.1416805575301752
GBA3,-1.1420127560381477
FKTN,-1.1423621939804955
LOC100652956,-1.1424739774644825
NDUFS7,-1.1424745382008676
LOC100506571,-1.1428637984963699
FAM83H,-1.143440800846404
PRKAR2A-AS1,-1.1434835535452943
LOC100507342,-1.1435167525037044
ZNF362,-1.1438226146225674
ARRDC2,-1.1441602556370833
KIAA0355,-1.1444463558291957
MOGAT3,-1.1450821754293434
MRPL52,-1.145311205140119
PGM5P2,-1.1455881839822597
HAVCR1,-1.145749503276513
LZTS2,-1.1457520744584242
EGOT,-1.1458701470926453
DYDC1,-1.1459325434919543
TRIM14,-1.1465376205918059
NPAS2,-1.146539959770515
C6orf62,-1.1469322951899088
SPG7,-1.147373401571545
DEFB131,-1.147510211933467
LILRB3,-1.147970348790938
RNU11,-1.148083396675783
LOC100506985,-1.1483833520447286
AHI1,-1.148577623644853
XPNPEP3,-1.1489876057378934
CSAG2,-1.1495865691772895
SKAP1,-1.1497048393055556
BTBD8,-1.1498979019585418
LOC100506757,-1.149939003709632
C1orf53,-1.1499729329016375
LOC100506499,-1.15009317191592
LOC100506248,-1.1502844829531143
CXorf69,-1.1503249559525413
LOC100128909,-1.1504448950213417
GCNT7,-1.1504810439501474
ZNF326,-1.1507077660001361
ARHGEF17,-1.1508445390307525
LOC100507563,-1.1509853973736135
GPR52,-1.1513435251469664
HNRNPA1P10,-1.1515773361301445
MXD3,-1.1519210851806756
LOC100128508,-1.1520023043491399
EEF1E1-MUTED,-1.1520205981915852
MS4A10,-1.152224359299542
CD68,-1.1524094570431458
C9orf3,-1.1526255009041457
CYP2U1,-1.1528815578442808
PEX6,-1.1529736523551468
NEK7,-1.152985832235373
DNAJB14,-1.1530092223088593
RNF222,-1.1534886504016737
USP32P1,-1.1535547546856197
LOC439990,-1.1535775768504404
MED25,-1.1539736819854494
ZNF812,-1.1540388515816697
PDZD2,-1.1541780339345074
ZFYVE21,-1.154310916279265
AARS2,-1.1547833624851658
PARP12,-1.1548615298545397
PP12719,-1.1550587646677941
SIRPD,-1.1551255098554487
LOC100190938,-1.1551772984925808
LOC100133039,-1.1551900113184614
TNIP2,-1.1551916587934583
ZBTB47,-1.1554181001099484
TRIP10,-1.1557650687262033
MKNK1,-1.1559363783334922
LOC100507508,-1.155967179597677
ANKRD35,-1.1559689373659572
GALNT14,-1.1561517502908067
KLF7,-1.1567101148805095
PLEKHS1,-1.1568956668414492
LOC100131691,-1.1571039341287472
LANCL3,-1.1571634579531787
GCC2,-1.1572062719053942
CHD6,-1.157756721997939
C8orf48,-1.1579669866371372
RPLP1,-1.1581773282825254
RCOR3,-1.1587061673623973
TLR3,-1.158724983716125
KLF5,-1.1588896378370208
LOC730102,-1.1593376913220557
TTC31,-1.159435557563156
TIMM13,-1.1597552951132262
PPEF2,-1.159887357556594
RPA4,-1.1601133211101156
PRKCDBP,-1.1603383434175543
CD6,-1.1604138267902169
CLASP1,-1.1607466709514789
UTP3,-1.160777769145767
LOC100507507,-1.160839047104186
LOC100506119,-1.1609008352824537
GCSHP3,-1.1609516229446004
LRRIQ3,-1.1617129956588848
ZDHHC15,-1.1619959686585741
LSM7,-1.1622752561873344
MBD6,-1.1627723730258182
DNAJB2,-1.1630186431509981
LRRC17,-1.1640061190414162
APBA3,-1.1642054445868923
IGJ,-1.1648453695709076
IDUA,-1.1649009523456906
TBC1D12,-1.165053453144854
STGC3,-1.1663645984822724
FAM108C1,-1.1670884959410135
RGS10,-1.1678353360926106
LOC145474,-1.1678818254808412
APOL1,-1.1679055576254072
SEC24B,-1.1685793150670263
HEBP2,-1.16880224694115
LARP1B,-1.1688383644691769
DOK3,-1.169585740693851
RBAK,-1.1701094058711878
ZBTB20,-1.1705680135515855
GIMAP5,-1.1707765933662784
CD164,-1.1710556002867258
IL6ST,-1.1715451242842836
LOC100128343,-1.1718338821114722
LRP4-AS1,-1.1718544991195512
PABPC1,-1.1718933210812275
C1orf194,-1.1719743627819112
LOC100505725,-1.1720730507787112
ANKRD16,-1.1722359623636454
FAM168A,-1.1724624476994108
HLA-DMA,-1.172516156133933
GNAS,-1.1727548161422192
LOC100506305,-1.1732928030687069
SP100,-1.1733460998548522
MIR497HG,-1.1734727879959495
EIF5B,-1.1735252998555896
LINC00189,-1.1735388588542135
GPR68,-1.174675968451813
LOC286190,-1.1747692959739646
TMC4,-1.1748958052443204
FGF1,-1.1749844339188549
ARSK,-1.175448256891518
OAS1,-1.1756322838363087
ACER3,-1.1760447757242143
GATA4,-1.1766884496599341
RGL1,-1.176792370906314
ASAP3,-1.1772137552756619
TMEM119,-1.1773874765783736
DBI,-1.1774419844191581
ZNF841,-1.1775146481359449
LOC100652738,-1.1778006537969676
APLNR,-1.1780542418067514
COL23A1,-1.178901935652309
C20orf152,-1.17974072890315
FDPSL2A,-1.180461639659293
ATP6V0D2,-1.1804878034750297
LOC100506076,-1.180572974946225
LPL,-1.18064782323703
TMOD2,-1.1810294635448324
FAM159A,-1.1811585364910393
C6orf132,-1.1812869782157915
LOC100505710,-1.181594930561327
IRF2BPL,-1.1817874417673584
C2orf91,-1.181911250233385
SRGAP1,-1.1823327698746269
G6PC,-1.1825225548694274
AARD,-1.1828531667507336
LINC00402,-1.182939647113552
NMUR1,-1.183306125281916
REEP4,-1.1833087738293622
ARL6IP6,-1.1833926866078042
MLXIPL,-1.1836578741157366
MTRNR2L5,-1.1841800782047593
DDX1,-1.1843426902898275
KIAA1958,-1.1847481848868089
LOC400655,-1.1863926265602511
LOC100128816,-1.1865623964424277
COQ10A,-1.186795921453953
LOC100508736,-1.186876219779076
LGALS1,-1.1878364592318478
LRRC8C,-1.1883835248100936
PITPNM3,-1.1890591712075256
PPIAL4G,-1.1891178224570391
FRMD6,-1.1894111784251888
CTAGE15P,-1.1895383560807307
JOSD2,-1.1895586487322642
KLHL18,-1.1898189416586389
BCO2,-1.1899830030130731
NFKBIB,-1.1901248498708428
LINC00597,-1.1902121379572388
LOC727869,-1.1902859243129231
MIR3655,-1.190537819311247
FOXRED1,-1.1905879849108634
FLJ44342,-1.190779264383421
LOC100216546,-1.1912926369340784
LOC440288,-1.1912979355026796
C1orf130,-1.1913919936510953
TMOD3,-1.1915499656567703
GOLGB1,-1.1921064290517067
CCL17,-1.1922157492846042
SYDE1,-1.1923055859627583
FUT6,-1.1924390809194634
LOC100507537,-1.1928141847189497
SLC25A18,-1.192817376871989
ZNF677,-1.1929148161517176
ZNF688,-1.193046074923367
ZNF343,-1.1937674624102717
PAG1,-1.193906464201893
TMEM191A,-1.1939458205886049
PHF10,-1.1939887149613146
ANKRD26,-1.1941580351842849
CCDC85C,-1.1946864118105975
FAM3A,-1.1946954062431288
MIDN,-1.1947201572538466
ESRRG,-1.194772706234387
RUNDC2A,-1.1952811171450546
RDH11,-1.1953201687188608
B3GNT6,-1.1954013298360733
ZBTB16,-1.19551063897951
ERF,-1.1955675426377073
SPSB3,-1.1955937353629065
ZNF117,-1.1960464810761904
SBNO2,-1.1963308016887209
CRYBG3,-1.1964491386184866
GDF1,-1.1967054349669415
MAGI2-AS3,-1.1968807551581404
LOC100507008,-1.1973989663731703
ELSPBP1,-1.197474882476669
LINC00483,-1.197556457917171
HS3ST5,-1.1979970102145232
CDCA7L,-1.1981192432105086
PPP6R1,-1.198445860801579
LOC100506012,-1.1984983854337814
KLHL9,-1.198531041109264
EPOR,-1.1988039567121325
COX18,-1.1998561421733955
FRMD8,-1.2000121768515424
CDKN2A,-1.2005281344337113
PTAFR,-1.2009266318434406
HTATSF1P2,-1.2011073635063134
LOC100288842,-1.201346252686573
LOC100129518,-1.2014355093624371
LOC285205,-1.2015228029023906
LOC100287803,-1.2017405346214085
BCL2L15,-1.2021603290694358
CCDC73,-1.2024887182970594
MRPS26,-1.2026570424974417
CRISPLD2,-1.2036100029488497
DIRAS2,-1.2037538236641345
CHAC2,-1.2041720456488378
ZNF524,-1.2042189449030345
LOC100506022,-1.2045397731288792
LOC158696,-1.2047186847275457
FBF1,-1.2048491985079308
NCKAP5,-1.2052502283632454
SGK1,-1.2056704769479414
MGC2752,-1.2056732244007544
LOC100652822,-1.2057011676061011
INSC,-1.20578988783833
EVI5L,-1.2064001673263827
KAT2B,-1.2067002207218005
ZNF546,-1.207507759773974
UNC13D,-1.2078011020611925
LOC100507559,-1.2079072837935756
LEPROT,-1.2083795344405714
MLL3,-1.2086458270934042
ZNF443,-1.208918747268653
FBXL8,-1.2090417271875344
SIGLEC8,-1.209209664856609
LOC100289092,-1.209272979735642
HNF1A-AS1,-1.2094629277952473
POLD3,-1.2094764158432283
SHE,-1.209520585783251
IGF1,-1.2095767481708863
SLC25A34,-1.2100257110524173
SPG20OS,-1.2106037643436915
RNU6-21,-1.2106232896860873
DGCR6L,-1.2111339657166267
TLR2,-1.211263145737952
HRASLS5,-1.2118002276334185
RAB1B,-1.2118278271263236
RHBDF2,-1.2122130296431657
C15orf38,-1.2124257679681216
POU2AF1,-1.212678680468482
ARFRP1,-1.2128507624052849
C9orf139,-1.2131029375989664
LOC100287896,-1.2133189215847235
CD55,-1.2134415235408298
SMUG1,-1.2141308471055958
LRRC10,-1.2141327756588731
TPTE2P5,-1.2141401105153236
LOC100506070,-1.2142108503914835
DRAP1,-1.2143050992228646
JUP,-1.2148995776320304
ZNF619,-1.215540242160604
FLJ31104,-1.2155854198510954
CRY1,-1.2158758305613155
SHARPIN,-1.2168393426686228
MPST,-1.2177116375610129
CLEC2B,-1.2180904605174334
DNAJC3-AS1,-1.2181549146628414
PFAS,-1.2185038524238139
KRBA2,-1.2186287278298442
ZNF709,-1.2189269733091002
LOC100506302,-1.219022852702751
LOC100507367,-1.219082051614628
MUC1,-1.21909200079727
FRMPD3,-1.2192668246829572
WDFY4,-1.2192687492398904
CNTN5,-1.2193175286178033
C19orf55,-1.219394376603028
LOC153684,-1.2194603876058974
SIGLEC7,-1.2194854122419954
DENND5A,-1.2196945506750994
HIVEP1,-1.2198264576605775
ZNF266,-1.2200964799841993
TNRC18,-1.2204182832633441
S100A12,-1.220591641510072
TUBB1,-1.2206166604675577
LOC100507669,-1.2207241847208343
LECT1,-1.2209988755191863
PIWIL2,-1.2210438533609511
LOC256374,-1.2210725262242768
SLC4A4,-1.2211822563175452
TPTEP1,-1.2214461319266192
PPP2R3B-AS1,-1.221749618478187
FLJ32790,-1.2225303389753832
NFKB2,-1.2234505039593708
DPP7,-1.2234868355481698
CRIP2,-1.2236583919142794
LINC00485,-1.2237302824931842
DAPP1,-1.224517947409011
SLC24A6,-1.2246560071926873
PGBD4,-1.224797963271373
P2RX5-TAX1BP3,-1.2251505154867246
RABEP2,-1.2252038885417156
ARAP1,-1.225531850504546
LOC100129480,-1.2257026283426609
PSEN1,-1.2259053523907353
PILRB,-1.2259579988070002
CEACAM5,-1.2267949782490233
NOL9,-1.226810695115093
PUS10,-1.2275039997960902
DAND5,-1.2279713423050516
WSB1,-1.2280291912588617
BAHCC1,-1.2288349600859236
LOC648987,-1.229052338611336
STAU2-AS1,-1.229125825397038
WDR83,-1.2295313676239013
SF3A2,-1.2297057140622172
CMKLR1,-1.2297612295982419
SLC52A1,-1.2298030316440531
DIS3L,-1.2298350164998586
AP1B1,-1.229891476520651
ROCK2,-1.2300119389628195
SP1,-1.2308082688441397
LOC100130856,-1.23094960899259
LOC100506583,-1.2309585745465685
RHD,-1.2310741785741601
MLL,-1.2312667912029251
GAS2L1,-1.2315425033978682
TBC1D10C,-1.2331396435137565
NDUFAF4P1,-1.2344772320126047
SCARF1,-1.23468869694909
CNN2,-1.2347274750495196
HP,-1.2348138393556047
XYLT2,-1.2348181884177105
LOC285375,-1.2348206726946045
FAM89B,-1.2348622166504908
LOC100499183,-1.2348918481303628
CSPP1,-1.235227554823559
C1orf167,-1.2353748488942282
NES,-1.2359025149156881
C2orf65,-1.2362443964675938
FER1L4,-1.2362731635221098
SERPINB9,-1.2363070346146066
FAM71F2,-1.2366159242688268
LOC648809,-1.2366481846192987
MZB1,-1.2366791359313307
LOC100131530,-1.2367035971413536
LOC100506496,-1.236797819168023
RBM19,-1.2369186822725662
FAM65B,-1.2370740909351812
CD3EAP,-1.2374465077474621
TGFBR1,-1.2376059783762585
FAM172BP,-1.238545915889973
RBM47,-1.2386091022600065
LOC100507546,-1.2388493351337155
ZNF850,-1.2391062645074973
UPF2,-1.2391273725305205
FOXP4,-1.2392370930132388
F13A1,-1.239390663195277
MEIS1,-1.239857765269982
FAM189B,-1.2405735963948983
GNGT2,-1.241209239456327
LOC100289511,-1.241234645273499
ZNF454,-1.2417789029431077
VIM,-1.2424752031194521
OTOS,-1.2425325528105562
PLA2G4B,-1.2427064463750592
LOC100131096,-1.2427141133736053
ZFP36L1,-1.2428343367167265
FAM78A,-1.2428558413280733
LOC100506860,-1.242967898348042
LINC00330,-1.243205925975226
TLR10,-1.2432914255793717
CDK2AP1,-1.2444218912506442
C9orf100,-1.2447972058354064
LOC730668,-1.2448176375153195
MOB3C,-1.2453785803309765
C17orf59,-1.2458614156119403
IFI35,-1.2459751194135256
ZNF783,-1.246439087960542
SNAPC3,-1.2465718852762342
TRIP11,-1.246614732672073
HIC1,-1.2471727416781142
RRN3P2,-1.2478188642745953
ZNF385D,-1.247904271532418
WAS,-1.2479858484479167
LCP2,-1.2482901550882224
DDR2,-1.248744771387207
LOC100652936,-1.2488429152942764
UBE2Q2P1,-1.2489092711337908
PRSS36,-1.2490803271341682
BROX,-1.2499299740182268
TNFRSF17,-1.2500007372061057
ZNF417,-1.2500037308050604
TMEM213,-1.250432961653307
ZNF865,-1.2504976391970422
DCAF4L1,-1.2507109068823983
CHKB,-1.2508740877648186
DVL1,-1.2510054231319439
GAR1,-1.251243818070195
LOC606724,-1.2513971103493426
LOC388387,-1.2515337678786196
GAPT,-1.251763729068361
SLC37A2,-1.2518447863776774
CECR1,-1.252483237206932
LOC100505870,-1.2525963344091058
PCED1A,-1.2526244720702222
ITPK1-AS1,-1.2529505042827873
RCBTB2,-1.2530530474982249
APOBEC3A,-1.2532761293567116
LOC100506284,-1.2535726316880302
CD3D,-1.2536795055051455
RNY3,-1.2540907551060203
DLEU2,-1.254777665930004
EIF2AK2,-1.254975529297655
TM4SF20,-1.2549901197990594
IGLL3P,-1.255089148388645
RNR1,-1.255188549688919
ZBTB8A,-1.255464629938769
FKBP2,-1.255520728362734
ECHDC3,-1.2556028096249832
OGDH,-1.2557995207907422
NCAPH2,-1.2563586090988303
RAB3IL1,-1.256648380885843
SEPT14,-1.256717661890047
C10orf113,-1.2569690187715206
VENTX,-1.2572106258317504
FAM86EP,-1.2576254373813072
TP53,-1.2577612752919147
STEAP1,-1.2580127132628773
ARHGAP27,-1.2582067480296208
HCG26,-1.2583805034257871
C8orf58,-1.2584657601684426
GMPR,-1.2585233872658672
HTRA4,-1.258537759464313
SPRED1,-1.2586290177585862
TFEB,-1.2588649849434714
C20orf196,-1.259014363279216
PPP2CB,-1.259171011320377
DRAM1,-1.2592154451956294
C22orf23,-1.2607864114658214
LRP10,-1.2610689845819762
STX11,-1.2613170182636544
LOC100507316,-1.2613261231076862
KRT86,-1.261968405606589
ADPRHL2,-1.2621056954964585
CCZ1B,-1.2621977335050696
PTRF,-1.2622028594372916
ADAM20,-1.2622527074362595
ROPN1B,-1.2623947092741914
AHSA2,-1.262690228503143
MLANA,-1.262968318176829
LOC400958,-1.263142051629186
ABCB8,-1.2635623663609508
EML5,-1.2635739851105046
PTPRJ,-1.2636581191126832
PUS7L,-1.2638977412539347
ASIC2,-1.2639777819399234
MAML2,-1.264227447128176
LRMP,-1.2643553291802778
LEF1,-1.2644976591490227
ZC3HAV1L,-1.264717830719858
NR3C2,-1.264777451010713
DICER1-AS1,-1.2649172131877433
TMIE,-1.2652112719170798
LOC100506874,-1.2652150531802833
C1QB,-1.265677972323612
CARS2,-1.2659476492002957
IL1RAP,-1.2662564334967645
OR11A1,-1.2665758248012102
MZT2B,-1.266904793353343
ESR1,-1.2672598443170895
KLHDC1,-1.2675689190250725
TNFAIP8L1,-1.2675986884918469
ATXN7,-1.2680067538115496
CCDC102A,-1.2680630142905636
ARHGAP6,-1.2681597991060065
MDGA1,-1.2687109007877866
LOC147727,-1.268871809895091
XKR9,-1.2694529322933703
MIR551B,-1.270540742242676
FABP5,-1.2705739385727672
ZNF672,-1.270918025465967
LOC100147773,-1.270972269045165
ZNF880,-1.271040471324231
MAFB,-1.271232193983663
COX20,-1.2713988851770677
RAPH1,-1.2715053711739912
ZCCHC8,-1.271519426050249
ZYG11A,-1.272170053816988
FBXO9,-1.2724393840499648
HHIP-AS1,-1.2724440198185023
DIP2A,-1.2725392058207776
ZNF790,-1.2729338331527653
IGLL1,-1.2729970927874248
SLBP,-1.2737162943107105
DOCK2,-1.274147441317655
WDR13,-1.2744879129925548
KIAA1671,-1.2745538411208348
MPP6,-1.2747824051238514
TRIM41,-1.2748483972761082
SCAF1,-1.2752168677532498
ELAVL1,-1.2757990192904978
CDH26,-1.275847627291646
DOCK8,-1.2760379833465039
TMEM25,-1.2761532290240132
SERPING1,-1.2762625371731444
MIR548F2,-1.2764745500890118
C5AR1,-1.2769408623060075
WDR1,-1.277113291512224
TRIM9,-1.2775079716720676
RAB17,-1.2775235942468366
LOC100652744,-1.2783522920170987
TRPV2,-1.2787186756294644
HSD17B3,-1.2788727364636396
LACTB,-1.2788733048844259
EML2,-1.2796717430834548
LINC00342,-1.279809262194868
C20orf195,-1.2802876682294493
HEXIM2,-1.2803745552960393
PROM2,-1.2804211820610145
SOS2,-1.2806059372052776
SSPN,-1.280695821760687
CNTLN,-1.2816036645769469
SNAP23,-1.2819889814668735
MYL9,-1.2822132787657212
LOC100505787,-1.2822770469829792
CYP4V2,-1.2825767541969049
LOC100289561,-1.2827540803159998
LOC100506674,-1.2828632206143766
TSTD1,-1.2829311037204512
LOC100506032,-1.283053305264751
SASH3,-1.2832349513014139
LOC219731,-1.2833071953890551
LOC100128593,-1.2833977986312428
GNPTAB,-1.2841410737895738
C2orf54,-1.284184930952907
TBC1D17,-1.2843170622774476
LOC400891,-1.2843513205425086
DAGLB,-1.2845582947626892
FRRS1,-1.2850066305930898
CCBE1,-1.285064488538106
AKAP5,-1.2851742473933832
LOC100507645,-1.2853986486290858
TRIOBP,-1.2855513430378862
PDE7B,-1.2858971453110155
TAS2R10,-1.2860596128219086
ING5,-1.2864524019255834
C4orf26,-1.287151928808115
FDX1L,-1.2871908204555467
MEF2C,-1.2873287309969892
DAB2,-1.2875870091179102
SNORD116-1,-1.2885252922530948
TST,-1.2885578033328917
PLAC2,-1.2887350086043172
LOC100506486,-1.28921169211837
C10orf55,-1.2894653861279817
RAB3GAP1,-1.2898468834898338
KDM5C,-1.2900228191065444
LOC100507314,-1.2902563443058048
HAMP,-1.2905434810180503
DMP1,-1.290651189838186
SH3GL1,-1.2906761751979465
EPGN,-1.2909634985625056
DGCR8,-1.2914578504504757
HTR1D,-1.2921031772498783
GAS1,-1.2925820528315994
PDGFA,-1.2927821515118465
NLRC3,-1.2940061832457364
ARHGAP9,-1.2948989902653765
SLC35E3,-1.2949165650508618
PRKCD,-1.29542488039229
LOC100128750,-1.2958061133843286
LOC100506651,-1.2959334845431463
GATA6,-1.29600720118309
RPL36,-1.2961979415214087
OAS2,-1.2963495257797415
ESF1,-1.2964689626041552
LOC340515,-1.2968539828678232
CBLN3,-1.297049699613242
PRR12,-1.2977215480836282
PLCB3,-1.2977901008163462
MGC34034,-1.2980695041010135
ONECUT1,-1.2982941950955265
MTRNR2L4,-1.2983096771545974
TAF8,-1.2985475879576616
HSD3B7,-1.2990624114714684
LOC100506694,-1.2990821327178834
CRX,-1.2996658738186826
SPG11,-1.299711622283248
PKNOX1,-1.2997695945467227
FOXN3,-1.3007242875448566
CCDC151,-1.300904458847037
LOC285972,-1.301005202496093
CLDN16,-1.3013932987712662
PCDHB18,-1.3020060416772485
RAB7L1,-1.3022038328449912
GBP7,-1.3024366452439369
MFSD7,-1.3026390152668477
BSN-AS2,-1.3026713670863075
EPG5,-1.3029704346400155
CCL22,-1.3030121313787564
NMT2,-1.3032143437537538
CIITA,-1.3035853652705414
CACHD1,-1.303659467979013
VASP,-1.305575566177372
PDE4C,-1.3061334668710323
LRRC55,-1.3061642391283945
TRPV1,-1.3064815766089144
ROBO2,-1.3072379403952552
CROT,-1.3072798265695056
CHD9,-1.3074408771926689
GMPPA,-1.307442596491589
C21orf128,-1.3077684492031465
FLJ43681,-1.308422345020553
ITPRIPL2,-1.308441463981133
FLJ42875,-1.3085836481429982
UBE2J2,-1.3086313911775334
C12orf26,-1.3089623329337212
DIRAS1,-1.3091395615302721
APOF,-1.3092700001096778
LOC389247,-1.309969784591966
LOC100506504,-1.310220884430269
ARHGEF38,-1.3105241721133463
ZNF439,-1.31091540763965
ZNF749,-1.3109361187406068
ANKRD36C,-1.3110557897450252
PPIG,-1.3113872349732396
EIF4ENIF1,-1.31159912547967
WDFY3,-1.311685004610963
SLC40A1,-1.3121092749724022
SFXN5,-1.3131983877335258
ABCB5,-1.3132034474901209
GSTCD,-1.3134258322273944
LOC728047,-1.3136747222989018
CASP1,-1.3137276594006764
GLTSCR2,-1.313797885532859
ZC3H8,-1.3143277359095462
COX6B2,-1.3143399550027735
WNK4,-1.3145088381242043
ZNF555,-1.3145579828265976
LOC100507079,-1.3147100302130816
RBM25,-1.3147346236243034
ELL,-1.315829072323229
CD44,-1.3160223935181616
MFSD3,-1.316282947051718
LOC645202,-1.3164248140383952
SLC18B1,-1.3169864814780732
NAT8L,-1.3175661348699463
MARCH3,-1.3180872430405333
KLHL17,-1.3182546668565507
FABP5P3,-1.3182785386754268
APC2,-1.3184526849085099
LOC728024,-1.3185172016222007
TTC17,-1.319732672390229
ZER1,-1.3198002395790327
CCDC107,-1.3202067622328513
DHX29,-1.3218115091573197
TMEM173,-1.3220361289693547
ZDHHC24,-1.3221047538220085
NFKBIZ,-1.322445109925155
AIM1,-1.3228714332739229
EMX2,-1.3229982055860794
LOC285501,-1.323115254145065
ACOT1,-1.3233064932988188
CD101,-1.3233800349144325
PRKD2,-1.3235091326755357
PYHIN1,-1.3235425501174078
MFAP5,-1.323603195614527
ZNF641,-1.324141870486282
LMNB2,-1.32428749266242
WWTR1,-1.3243832403160287
ALKBH7,-1.324474563307714
FOSL1,-1.324486572228339
JUN,-1.3245437940452665
CTBP1,-1.3251617849736284
FJX1,-1.3252534990167923
FAM85A,-1.3254875201021414
CROCCP3,-1.3262746764650006
SIGLEC9,-1.326938361322472
NAPEPLD,-1.326987959896949
LOC100505774,-1.3271477697081413
TEX264,-1.3273178050073091
ARRDC5,-1.3274682142348824
LOC100128340,-1.3277015537936727
CLEC2D,-1.3277704759316036
LMOD3,-1.3280219346359587
GPSM3,-1.3280461865794666
LOC100129104,-1.3281056754936804
FLI1,-1.3284144708898387
OTOA,-1.3286042441498742
LOC100289388,-1.3294176625750829
SETX,-1.3302089322170108
ISM1,-1.3309061542694753
FBXL19-AS1,-1.331438488393074
PGAP2,-1.3317249114085348
CD82,-1.3325831261827046
MTTP,-1.3327330848784777
TLE4,-1.3331789346399476
LOC283299,-1.3333271196431713
VSTM1,-1.3334593638411587
PDE4B,-1.3338324417115646
RPS10,-1.3345713888418578
AQPEP,-1.3345793988021428
DGAT2,-1.3347187105113083
LOC100505635,-1.334731859763801
PPIEL,-1.3350288433978905
IFI6,-1.3351470027599297
IGF1R,-1.3353896059647996
GYPB,-1.335465347532935
HOXB2,-1.3360493936143478
RPL23AP64,-1.3366483300208558
LOC154092,-1.3370495131060467
DSG3,-1.337466668708889
FAM13B,-1.3378167978395026
FYB,-1.3380296794201825
ALDH1A3,-1.338685848175526
ADCY10P1,-1.3390918727561192
FSD1,-1.3391715174801995
ZNF512B,-1.339343016276602
TMEM132A,-1.3394432253136204
FOXP1-IT1,-1.3394536663270895
HCLS1,-1.339578707740568
SFT2D3,-1.3396151589264993
CRYM-AS1,-1.34002570249282
ZNF33A,-1.3401039216132888
SH3BP2,-1.3402753563165866
RGPD6,-1.340304987575528
RRH,-1.3405209416895716
LOC100506415,-1.3408104200599356
FAM120A,-1.3411743648600485
TMEM133,-1.341804546171431
ATP13A4,-1.3420419063040772
CLEC4E,-1.342129462115836
MTVR2,-1.3423885154949997
CHAF1A,-1.342399549630567
CNPY3,-1.3428646779827451
SKI,-1.3435813182267153
EYS,-1.3436518538957702
TNFSF8,-1.3440492872536798
HRH1,-1.3449782253878253
LOC100128338,-1.345728920697504
FLJ20021,-1.3457622703978007
MYH9,-1.3460761697174763
S100A8,-1.3464136119266799
IGANRP,-1.3464832771167654
GNG7,-1.346484505844505
AJUBA,-1.3469733974865605
PGPEP1,-1.3474511451896634
VPS11,-1.3479998910842204
PTPRCAP,-1.3483446438234448
SLIT2,-1.348576119478228
LOC100506325,-1.3486728852138485
HERC2P4,-1.348799154357519
STAP2,-1.349150419870127
FLJ42842,-1.349466800560073
CD53,-1.3497251023656178
ZNF264,-1.3502012099562846
PABPC1P2,-1.3504362562267875
TMEM47,-1.3508123632876334
SNHG10,-1.3509825366790247
GPR65,-1.3514640423851105
LOC400499,-1.3516671244281382
ZNF354B,-1.3519611096481365
CSTA,-1.3520354937129497
DOPEY2,-1.35238563992816
KCNMB2,-1.352851695165833
KCNK5,-1.3537404945772995
MILR1,-1.3539681183754746
ARMC4,-1.3544539418852428
ANKDD1A,-1.3545791206204414
FAM212A,-1.3568949421623435
RECQL5,-1.3570526406381829
LOC284865,-1.3581069508760208
NCRUPAR,-1.3581301705072364
BCRP3,-1.3582456673728138
MAML3,-1.3585487840761934
RRP7A,-1.358883574956602
TAGLN,-1.3590988173331986
ETV6,-1.3590991565235107
GPBAR1,-1.3591132444244804
NEMF,-1.3594165568627432
PSMB10,-1.3596561853485765
C18orf21,-1.360610483505361
TOP1P1,-1.3610265956287684
AQP5,-1.3618178766366473
ZKSCAN3,-1.3623512003870573
LFNG,-1.362404861332979
TMEM109,-1.3626422785431023
GUCA1B,-1.3637172119620533
TAF1D,-1.3639931075293554
IL10,-1.3641968951814525
LOC645206,-1.3642778347100954
CALD1,-1.3643442373501415
RHPN2,-1.3643596822140485
KLHL29,-1.3644748727793656
SBDS,-1.3653291535899232
SIGLEC10,-1.3654551368513785
LOC51145,-1.3658411375163144
DDX60L,-1.3660493322565763
ARHGAP18,-1.3665997278161013
FLJ35390,-1.3667503611824081
HLA-DQB2,-1.3668081248568842
ZNF623,-1.3669317187219836
ADIPOQ,-1.3670601541882983
MAMSTR,-1.3671820601915705
ARHGEF10L,-1.3673356713244516
QKI,-1.3675614205858118
LOC100506385,-1.3684159504225877
LOC100507447,-1.3684781377769641
TLR1,-1.368541193099528
C19orf42,-1.3686790984791248
LOC100132272,-1.368936616523942
GMFB,-1.3694416124269893
SESN3,-1.3694721345784757
TRPS1,-1.369580592454203
RFC2,-1.3702462269903777
RPLP2,-1.3703391503853184
NCF1C,-1.3719973453811385
COL9A2,-1.3720484284199868
CTDNEP1,-1.372702702837563
LRRC3,-1.3727763180592427
UBR2,-1.3727787676716634
HP09025,-1.3728521675800147
FAM182B,-1.3737172479520954
FAM177B,-1.3741069663025132
JAZF1,-1.3744358540982484
IKBKB,-1.3750949446334326
TPRG1,-1.375247585452381
WDR73,-1.375467605201113
NAT8B,-1.375585306799343
LOC285463,-1.3760990562137008
ANKRD49,-1.3761687357227623
C3orf62,-1.376174850274155
RFXANK,-1.3762546094338373
CREB1,-1.3763441768617044
RBCK1,-1.3765192388849306
LOC100652967,-1.37691163238724
HAVCR2,-1.3770613932195708
KIAA0240,-1.3779075073457818
CD33,-1.3779226082709515
SPRED2,-1.3780121153822673
TCF3,-1.3785785363696026
MYL10,-1.3788217461370145
TIAF1,-1.3789086546381037
STK10,-1.3789574429353226
LRRC46,-1.3790535336985283
ZNF185,-1.3795025459572845
CTNNA2,-1.3796150640141012
CCAR1,-1.3799008085676
LOC100507172,-1.380006622992306
LOC100287728,-1.380202753583386
DPEP2,-1.3806853173907432
BEAN1,-1.3810921802721192
ZNF347,-1.3813976188270214
IFT27,-1.3818329953694368
SYNE2,-1.3818696741962275
MIR125B1,-1.3818968880776406
OGFOD2,-1.3820031047549262
PLEKHF1,-1.3821412503187074
LOC653160,-1.3825019939782746
ASZ1,-1.3828771600512972
CTAGE5,-1.3828828450355728
KU-MEL-3,-1.3831070355138704
TEAD4,-1.3832641469538665
NAA40,-1.3835815332142212
APOC2,-1.3841038277665865
KIAA0146,-1.3850669177861128
PRAM1,-1.3851502259504134
TNFRSF9,-1.3855810758135871
TBCB,-1.3858243905630612
MCOLN3,-1.3858258678209352
SNORD113-4,-1.386096146805023
FDXACB1,-1.3861362334026108
MAOB,-1.3867388558669782
CENPP,-1.3877597588539077
NAT14,-1.3878495336840608
TGFBR2,-1.3887814850200955
ERVV-1,-1.3889074350563133
SERPINF1,-1.3889194605434634
LOC100652732,-1.3895880839332277
WHAMM,-1.3897327488257973
UBTF,-1.3898117992880055
GP2,-1.3916942076499776
OCIAD2,-1.3919229161952513
POLD4,-1.392248059851294
ZNF366,-1.3924098574181312
H3F3A,-1.3925639596607697
SRSF11,-1.3927738125413116
ZMAT1,-1.3936771655819964
ANKRD65,-1.3939789546997217
POLH,-1.3946798011587669
LOC100335030,-1.3950091131786126
TMCO4,-1.3953994406706967
GPR37,-1.3956141062918823
CLEC4GP1,-1.3961358838331352
MTMR10,-1.3961781204333963
ZNF559-ZNF177,-1.3966307185133653
MAP2K7,-1.3968579830845966
FAM195B,-1.3971121900289403
ANKRD10,-1.3971614566713415
EPSTI1,-1.397312906800474
MAEA,-1.3973426001170306
LOC100128531,-1.3977376295625554
KBTBD12,-1.3978627201431324
LOC643387,-1.3979277811972084
IL21R,-1.3980108775732276
USP3,-1.3983306681650536
GGTA1P,-1.3986123828571382
CFD,-1.3989902937419887
SSNA1,-1.3990566622500247
SYT12,-1.3994579025213882
GJB7,-1.3998928760042146
RPL27A,-1.3999269892340158
DIO2,-1.400151358109022
LRRFIP1,-1.4004222512874474
EIF1AX,-1.4004688893895927
SLX1B,-1.4030080389404234
SLX1A,-1.4030080389404234
LOC100129195,-1.403121179750205
PGBD2,-1.4032048372811572
ZNF763,-1.4040941869664034
MARCH2,-1.404279939174371
MRPS5,-1.4042940574121667
TIMD4,-1.4043454665732724
GOLGA6L3,-1.4043583635899715
TNFSF13B,-1.4044825064398254
LOC100128131,-1.4047027812959363
RSAD2,-1.4054123806593266
AP1S3,-1.405559705202957
C19orf35,-1.406016741371902
PRG4,-1.4076145847760162
THAP4,-1.407687185099795
LIX1,-1.4080829263381762
BOC,-1.4081889425290235
LOC728606,-1.4085683413542598
LHX2,-1.408868126834811
LOC100507228,-1.4089207368266914
RPL12,-1.4092801906282328
LOC100130954,-1.4095543688844643
LTBP4,-1.411473452733603
GATAD2A,-1.4114832658011724
IFRD2,-1.411485226137217
SNORA1,-1.4120945279772288
ZNF517,-1.4122594995105346
LOC654780,-1.412566060081375
MFI2,-1.4126098132128055
HPGDS,-1.4127435575931009
GPR20,-1.4130909869421246
UFSP1,-1.4135262325527163
NEB,-1.4136988025156283
LOC400680,-1.413810679519937
RAB32,-1.4138319716744328
LOC100652769,-1.4140108008751133
RGAG4,-1.4141163059381263
C1GALT1,-1.414533221570628
AGMO,-1.4148866034627767
BEND2,-1.4153588167972302
PTAR1,-1.4157668121570333
IFI44,-1.4157923366843412
AHNAK,-1.4158587313507975
DDX17,-1.4160937159276696
EML3,-1.4161552349268023
LRRC69,-1.416467408622319
PTPRC,-1.416599568640301
CEACAM22P,-1.4167750107385422
RPL32P3,-1.4168578615312837
LOC100506854,-1.417295635553778
LOC100652890,-1.4176107050646627
GOLGA2P5,-1.4179223930749367
GGA1,-1.4180754753002225
PLA2G5,-1.418132079493267
FHOD3,-1.4182355048392996
C14orf182,-1.4182499550564347
NBPF15,-1.418363835489647
MTFMT,-1.4184882408905044
PDCD1LG2,-1.4185441833175594
GSDMB,-1.418691430419228
HRCT1,-1.419121497016671
HERC6,-1.4200888124777744
CASC4,-1.420383980825887
TEX9,-1.4204081928754073
POU5F1,-1.42047575047169
ZNF528,-1.420614908614237
CYP1A2,-1.4208320298656403
MNAT1,-1.421525932859376
LOC642778,-1.4223276070053916
GBP1P1,-1.4227840328499266
DDX60,-1.4235756934719073
VCAN,-1.4236249490947994
RPL18A,-1.4243789883979736
PLEKHJ1,-1.4251597331231232
HSD17B13,-1.4252564852180725
LOC100506312,-1.4253531962316257
ANKRD62,-1.4255679632611291
SLC7A5P2,-1.42563343288956
SPSB2,-1.425633632242019
NCOA6,-1.4260893836117934
SBDSP1,-1.4263683849206212
LOC727805,-1.4280814568005675
UNQ9370,-1.4284541784302198
TRIM16L,-1.429464611111951
FAT4,-1.430937971919531
C1QTNF3,-1.4310015470044446
C19orf25,-1.431235444198317
SPATA2L,-1.431264796769897
ZNF100,-1.4313222385996853
LOC400236,-1.4314216001737807
MAB21L3,-1.4316411729259026
ARL13B,-1.4319351336787958
LOC100506688,-1.4321325119120514
LOC100652766,-1.4323274167451565
SOCS3,-1.4323636149807024
FOS,-1.4325768691093352
PCDH19,-1.4330897138760053
TMEM105,-1.4331790624686376
TAF10,-1.4333416774227314
LOC100506821,-1.43334485811098
ZCCHC3,-1.4333734429393352
PRIMA1,-1.4334050255188409
CLEC17A,-1.4335093805920607
RNF8,-1.4335683600299338
EFNB1,-1.4337934440862286
LEMD1-AS1,-1.4342567760004914
LPCAT3,-1.4347100601554243
LOC283070,-1.4348361892858343
SNORD113-3,-1.4354854604268854
C3orf19,-1.4354952550044862
KLHL6,-1.4357808067727207
ATXN7L1,-1.4358658309855388
ILK,-1.436641225356854
ARRDC1,-1.4372545100046223
CYBASC3,-1.4373530994500785
ZNF426,-1.4374378914439987
TSPO,-1.437623189783259
LOC100652922,-1.438371922142921
FBXW11,-1.4384489506333973
ZNF805,-1.43848530440423
PML,-1.4386032659463535
CHD8,-1.4392751169761342
DNASE1,-1.439803128180391
NOVA2,-1.439941198373675
MTRNR2L9,-1.4401077242443414
PMFBP1,-1.4402493739510376
CX3CR1,-1.4404311224885813
LOC100506295,-1.440583595182152
PLXND1,-1.4406347334191834
LOC729041,-1.440904123609966
SULT2A1,-1.4415335230727444
TAS2R4,-1.441861457968605
A2M,-1.4420713716017874
DPY19L1P1,-1.4421951496126744
DSCR3,-1.442300870479239
ADORA1,-1.4432399855030065
RBPMS,-1.4435296701754887
DDAH1,-1.443779638719636
DDX49,-1.4441261561845191
RNF207,-1.4444875425581947
FLJ37201,-1.444907736855552
PCDHGB7,-1.4457035618390672
TPMT,-1.445783304097304
SNX29P2,-1.446098130870195
C12orf77,-1.4461857827697462
LOC643770,-1.4465670366080396
TUBGCP6,-1.4465932547023017
LOC440910,-1.44667642461816
SYNE3,-1.4468191116544749
CD86,-1.4468793188160667
CCDC61,-1.447100731524382
NANOG,-1.447560343828666
TRIM72,-1.4476804824775573
SLC15A2,-1.4479765017151531
PTRH1,-1.4479988723095556
LOC100507437,-1.4480074606467725
NBL1,-1.4492862747393078
BOP1,-1.449323088555452
NMNAT1,-1.4496903449267236
IRS1,-1.4496925374970893
AKIRIN2,-1.4501669182119095
LOC388692,-1.4504611331821238
KIAA0586,-1.4506415778434587
LOC100505944,-1.451243963771378
LOC100130156,-1.4518604195739444
PDDC1,-1.4519479977568779
HP11026,-1.452083473616974
ZFP36,-1.452091589753076
FAM26F,-1.4524918666710185
MYO9A,-1.452637979183319
GIPC1,-1.4530074414321301
USP6NL,-1.453185800855197
LOC100652903,-1.4532236449004126
LOC100303749,-1.4536856052409617
ZC3H12C,-1.4537251193500933
ADCK5,-1.4543193725592802
ADRA1A,-1.454700680070177
FBXL13,-1.4547021475164996
LOC344967,-1.4551180924034672
AP5M1,-1.4552898785317752
LOC100652727,-1.4558504838208064
PLP2,-1.4558939507611388
ZC3H10,-1.4561614953100035
FBXO30,-1.4566111932429275
ENTPD4,-1.4569286412117666
IER3,-1.4569961021443434
VWA2,-1.45725341587859
LOC100506867,-1.4573303603860255
TM7SF2,-1.457443699965255
CDK10,-1.4592656772168084
ATHL1,-1.4597036288411056
SLFNL1-AS1,-1.460034359313512
PREX1,-1.461035074548547
LINC00338,-1.461085046216798
SHC2,-1.4625940445994396
HTR1F,-1.4626845705646057
ZFHX4-AS1,-1.4627764151562053
ATP8B4,-1.4630778882016842
FAM156B,-1.463480194525458
LOC100507242,-1.4635574078892202
CTTNBP2NL,-1.4639500966416614
PDPN,-1.4647726902644234
C11orf57,-1.4650771581281798
HLA-J,-1.4663057515219982
LOC100507056,-1.4667575668635442
ITIH4,-1.4668930372554398
CITED4,-1.4677883056543826
LOC389641,-1.4680547336916463
ZBED3,-1.4680955186627178
CRNKL1,-1.4685174421715244
AASS,-1.4685765254357255
CD97,-1.468637983433179
LOC100287375,-1.4689374631420213
CELSR1,-1.4700212563046322
LOC100506730,-1.4701857415701187
PER4,-1.4703937984206366
ST20-MTHFS,-1.4704029007866346
CKB,-1.4705355546292196
CDHR3,-1.4711891737996985
PLCG2,-1.4717365074094904
KRTDAP,-1.471811201689583
LOC100127909,-1.4719191178446256
TFAMP1,-1.4721054098547308
PCDHGA1,-1.4724045893096238
LIMCH1,-1.4725255127707528
ADAMTS9-AS1,-1.4727522424791504
CDH2,-1.4729253440129482
SYDE2,-1.4732082285513646
SGK223,-1.4735387666068438
KCNJ11,-1.4740731064149544
LILRB2,-1.4745837195618057
INTS5,-1.475099901296459
BST2,-1.4752126179531264
USP32P2,-1.4754472149009572
ZNF404,-1.4755460173071517
FCGR3A,-1.4759075914052533
PCDHB19P,-1.476082377721719
DHDH,-1.4761599611651512
MEST,-1.476287671906791
RPL13AP5,-1.4763034749619055
GOLGA8E,-1.4763390320942573
HNRNPUL2,-1.4765729942949035
LRRCC1,-1.4765766567885594
RALGDS,-1.4768436889825098
PLEKHO1,-1.4771834021306252
LOC100506503,-1.477331580050542
LIPT2,-1.4775709841415252
HRAS,-1.4784527089148105
CDC37,-1.4786577639283425
RPLP0P2,-1.4790416913753672
LOC100509105,-1.479222351291162
SACS,-1.4794963638805558
SATB2,-1.4797639625050205
LOC729444,-1.4802526750112515
ACAP1,-1.4806023201425755
C14orf105,-1.4809831858109161
FUT2,-1.481041915460293
LOC100128054,-1.4820181485628716
USP44,-1.4838614820038474
CSMD1,-1.484340267217491
LOC727924,-1.4845182625818742
FTX,-1.4848863337972422
LINC00574,-1.48493405167252
ENHO,-1.4849725785113208
RNPEPL1,-1.485140207497426
KCNJ5,-1.485556602539116
PTCHD1,-1.4864164419264043
LOC345051,-1.4865139266381675
ARSJ,-1.4865267129290756
DOK5,-1.486642442190806
LTBP3,-1.4867088088113563
LINC00314,-1.4867606634530093
SLTM,-1.4867968117970436
GPR82,-1.4870908781168055
SNORA45,-1.4875499283235596
MAP4K4,-1.4876074255699006
GADD45A,-1.487793616354519
LOC100509213,-1.4879004718417446
MIR3652,-1.4880533066699986
BNIPL,-1.4882939623915998
ZDHHC8,-1.4885292682794997
TRIM58,-1.4888542340042896
DNMT1,-1.4897136879250983
FLJ14186,-1.4897971408870214
FAM3D,-1.4899813391582601
FLJ27243,-1.4899868672040522
LOC201651,-1.4899933190817654
PTPN14,-1.4909163896323567
ZNF37A,-1.491237704679465
FOXH1,-1.491543213138064
KCNQ1OT1,-1.491645488271962
MIR205HG,-1.491898618061321
GALNTL1,-1.4923230923547366
MAP4K3,-1.4926741815817308
NAGA,-1.4929147926658113
PLEKHG7,-1.4933281596624368
RNF24,-1.4934619126958153
LRRC36,-1.4938672780548956
SAMD4A,-1.493910791276481
FLJ44511,-1.4942130225189896
DIRC1,-1.4944403408061446
TIGD4,-1.4945267493790095
SLC16A4,-1.4950799452525607
LOC100009676,-1.4953507329710272
WFDC10B,-1.4954452972740264
SMAD7,-1.4955639228298667
FAM228A,-1.4955827478885513
UGT2B15,-1.4958616293326539
LPIN3,-1.4963272456687249
FOXJ1,-1.4965277038518934
PRKAR2A,-1.4976208696531588
HEXDC-IT1,-1.4980752846399592
ZNF529,-1.498322163890352
KIAA0825,-1.4984447804519654
TMEM184A,-1.498547978517519
GIMAP4,-1.49862892170586
PIK3CD,-1.4989842283634194
GAL3ST4,-1.4996385011201998
MCC,-1.4997185268261295
ASGR2,-1.4998829705073746
LOC100505650,-1.4999612391580697
RILP,-1.5000520507844364
LOC100130691,-1.500104606009122
C19orf57,-1.500202856784331
LINC00032,-1.5006437012840084
SLC35E1,-1.5011260817596905
FAM74A1,-1.5018291407461994
TUSC1,-1.5020374657595004
CCDC142,-1.5026824431182009
DTWD2,-1.5037380459759093
GCOM1,-1.50379171865477
UBR7,-1.504248032770071
ZP3,-1.5053360370907607
ZNF491,-1.505739383228823
GCFC1-AS1,-1.5061464227777697
LOC100130894,-1.50627172317263
SLC50A1,-1.5063069746558444
ZNF527,-1.5066933785336034
PLEC,-1.5067730098894243
RTEL1,-1.506807443272012
C1orf27,-1.507455376579351
RASGRP4,-1.5075490876434425
LINC00458,-1.508120451670489
DYNC1I2,-1.5081636131173566
TRNA,-1.5091235362322513
SPTLC2,-1.5102580449693035
HELB,-1.5103642227692604
DCXR,-1.510746647176521
C1QC,-1.5117889908393118
LOC100507131,-1.5120512231750858
CASP8AP2,-1.5124981620833573
CASS4,-1.5129859300636548
UPF3A,-1.5131087254899558
DAPK3,-1.513511348234374
SLPI,-1.5144978338954098
C6orf25,-1.51472501107493
MAP3K11,-1.51476904783748
SEC14L4,-1.5149652883185922
KLHL30,-1.5150975552628336
LEFTY1,-1.5151361698811072
LINC00514,-1.5154413505178048
HPS5,-1.5155102316230693
TMEM176B,-1.5161845772703644
METTL21A,-1.5170244859804145
SOBP,-1.5172969109878454
RCAN3,-1.5182801890049986
LOC286177,-1.518383549240761
ERLIN2,-1.5185377153600164
SUCNR1,-1.5201761284851052
KANK2,-1.520504637619889
ZFP42,-1.5210046973257947
MFSD12,-1.5210402377648002
PRR7-AS1,-1.5214794359661177
ZNF114,-1.5217435610782755
VCL,-1.5222921630568924
USP6,-1.5228533402723456
LOC339902,-1.5233552585880734
SLC27A1,-1.5250844008359705
HHIPL1,-1.5253839839386054
LOC145820,-1.5258486966078444
GSG2,-1.526244218542321
ASPRV1,-1.5264859830866793
PLBD1,-1.5272254905453309
ADPGK-AS1,-1.5281792682090183
SIPA1,-1.5296587978012919
LOC100652984,-1.530042656512498
LINC00337,-1.5305079546889722
RHOB,-1.5307673085187823
SH2B1,-1.531489282715097
ACSS3,-1.5316598760727043
EVC,-1.5317757216258827
DOT1L,-1.5317781957798415
IL7,-1.5324326445358074
IRF3,-1.5326835668301937
VN1R1,-1.5345682553129276
LOC100129726,-1.5347762531818165
SLA,-1.5348935741932703
GLIPR1L2,-1.5353733936503684
NR4A3,-1.5357355938012118
RNF41,-1.5367889670953865
PSMD5,-1.5371214229085854
LINC00028,-1.537180589832635
PTGIR,-1.537380108978131
LOC100128398,-1.5376527384660574
SPRR3,-1.5384753479621263
TCL1B,-1.53852307810848
TONSL,-1.5385816191378017
TLE3,-1.538591462279188
GNPTG,-1.5392043813935476
MGC16142,-1.5392951977398568
CSF3R,-1.5393000584013279
TLE6,-1.5394810471178833
C20orf166-AS1,-1.539781916720348
AP2A2,-1.5403912715147818
GPR125,-1.540415476520187
FAM184B,-1.5405455887806625
FLJ44635,-1.5406818188690468
RBL1,-1.540747457435296
SYCE3,-1.5411737688340224
HHEX,-1.5418219367690644
CACNA2D4,-1.5420188660681045
CMTM3,-1.542330037310865
AGMAT,-1.5426544644050453
ZNF710,-1.5427163021532295
KHNYN,-1.543505476633986
FXYD1,-1.5438322691626953
RUNX1,-1.5440259401594687
MAP2K2,-1.5452638924621842
FLJ45831,-1.545295778069035
NAIP,-1.5461974611909939
LITAF,-1.547082050193069
LOC100287314,-1.54815157909113
SIAE,-1.5481720765247757
CSRP2,-1.5481883380306438
SYNJ2BP,-1.5493928159805928
SLC25A27,-1.5493989573007658
FAM82B,-1.5494759146819481
MIR1973,-1.5495185085359848
SNORD90,-1.5495577553888198
MIR302A,-1.5495577553888207
MIR9-2,-1.5495577553888207
VARS2,-1.5498489325792606
DNAJB7,-1.5506736452496908
C13orf44-AS1,-1.55102956805578
BREA2,-1.5510529177292585
LILRB1,-1.5513086436243324
STYX,-1.5513689627955378
LOC100506474,-1.5514637151646147
CLEC7A,-1.551493866779473
FFAR2,-1.5522113345451447
BRDT,-1.5523059583111027
TRNS2,-1.5523375836456021
CCL25,-1.5531181768132059
ZCCHC9,-1.5538076170517303
NME8,-1.5542552341140798
DFFB,-1.5542833914841254
CCR6,-1.5544826777094007
NCKAP1L,-1.556183246090152
LOC100507672,-1.5564201116104217
RNR2,-1.556641786472815
FAH,-1.5570516111892108
C19orf6,-1.5570542640972147
LOC284950,-1.5576494048740834
RAB43,-1.5578690345531825
LOC100507500,-1.5582786698603774
LOC100507319,-1.558450930736367
ALAD,-1.5585036939296082
LOC282980,-1.5586192841340007
ASB11,-1.5590507806245466
KCNA7,-1.5608916341016545
ZNF526,-1.5610806225272154
A2LD1,-1.5613867951020295
BABAM1,-1.561754393297475
C11orf68,-1.5617873327123517
ZNF333,-1.5618484418953074
SLC15A1,-1.563334255343611
PTGR2,-1.5636207376202267
LOC100506810,-1.5637521868517394
CARD16,-1.5645763251090143
LOC100507630,-1.5653672600723978
CST3,-1.5663827285842495
ACY3,-1.5664144725785396
DUSP1,-1.5666683547115419
LINC00578,-1.5671112194929435
KTN1-AS1,-1.567382864616719
PLEKHF2,-1.5678093722145094
ZNF205,-1.568189294677621
GRK5,-1.5682700580523892
MAP3K6,-1.5691313055862695
LOC100507164,-1.5694485976108905
KIAA1009,-1.5695710290137377
PAPL,-1.5697860451004735
OXTR,-1.5699309678085553
ZNF626,-1.570232929032698
LMNA,-1.5707272198072706
CACFD1,-1.571004087903889
RASA4,-1.571464774952888
HPSE,-1.5717683078373543
PLA2G4E,-1.5718193413338957
TGFBR3,-1.5719020526529406
GRIK1,-1.5720256522402558
LOC100652894,-1.5720509834391119
FLJ43879,-1.5721296976820407
PLXNB2,-1.5732390912765
FADS6,-1.5733070490851588
RASA4CP,-1.5737101956518986
MEOX2,-1.5739154550786698
RPSAP52,-1.5750589757045703
AXL,-1.5761317925709355
RP11-165H20.1,-1.5774756771004337
NUAK2,-1.5775401217186469
C14orf159,-1.5780660464671936
ECM2,-1.5783726103596025
CXorf41,-1.5786514371183877
SNORD116-26,-1.5787907824619454
KLHL22,-1.5788967536922074
LOC100507311,-1.5795737841935151
PIK3R1,-1.5798494305305222
PCED1B-AS1,-1.57997945801569
NACC1,-1.5800690921006093
CHODL,-1.58015706138928
GNG12-AS1,-1.5807576387993518
FRMD6-AS1,-1.5808503549245199
LOC100129935,-1.5812124941397752
LOC100507333,-1.5820583986708954
IDO1,-1.5824315370701252
VWA5A,-1.5830543307219762
PLCXD1,-1.583174986626544
SPATA1,-1.5832699417361233
SLC9A7P1,-1.58344189418664
LOC100505736,-1.5834807838797191
LOC100506974,-1.5846158977007248
L1TD1,-1.5847170446760215
CCDC146,-1.584923297613398
PDE8A,-1.5850789881009315
LOC284379,-1.5852239994699011
ADAMTS12,-1.5852369408802964
LOC727896,-1.5853475081118915
ZFAND3,-1.5856328295997846
C17orf62,-1.5857633391037531
LOC152742,-1.5859307380332563
NRF1,-1.5860024637226724
SHOX,-1.586060353570105
RGS14,-1.5862660586611033
LOC100507153,-1.5862957589336133
B4GALNT4,-1.5869279743126736
FMNL3,-1.587408985275004
STX7,-1.587673374051903
MTR,-1.5879864913992077
LRG1,-1.5887023156203857
HSP90B3P,-1.588781541312126
CCDC144C,-1.5894007819143299
GPR34,-1.590316104725348
TARBP1,-1.5916132749692258
LYN,-1.5916650515452369
ZNF503,-1.5925106661429262
CSNK1G2,-1.592678561705422
ZIC3,-1.592687615655661
TBCK,-1.5928778548008833
TMEM156,-1.593240198230482
ATP5S,-1.5933878117631353
CNO,-1.5935902657623058
C19orf66,-1.5937863426590988
NCF2,-1.594062442935841
NSL1,-1.5949673905846702
KCNN2,-1.5970075340436447
ST5,-1.597313706698269
C14orf178,-1.5974290060771754
STX16,-1.5976157831998772
WASH3P,-1.5976376572015463
HDAC7,-1.5981710760773327
IFT43,-1.5992211019827363
KIAA1751,-1.5994193810845123
TADA2B,-1.59979751879576
MED26,-1.6001705220214828
HSP90AA1,-1.6005560398885454
LY6G5C,-1.6005896828109194
SULT1C2P1,-1.6014906250434728
DENND3,-1.601502230009848
LOC100505703,-1.6023722737124817
NUDT22,-1.6028182141929659
TNFSF14,-1.6032810640128417
LOC440600,-1.6033238408117192
MUM1,-1.6034241785097123
LINC00341,-1.6038808310906618
KRT7,-1.604035497202719
CD180,-1.604050328201233
RAB23,-1.6044612696166145
C19orf12,-1.6049707278778713
SPTBN1,-1.6051719160349407
ANP32A-IT1,-1.606587896264944
CENPB,-1.607254674792154
QARS,-1.6073884918575512
FLJ31356,-1.6075365900264593
SERPINB1,-1.6078662177360292
TRIM34,-1.6084880298423292
BRD4,-1.6085352980445318
HHLA2,-1.60864964012503
SPATS2L,-1.6098457119042602
PUM1,-1.6103605548208766
LOC100506881,-1.6105187813840263
LOC100507654,-1.6105737830125566
TOR1AIP1,-1.611704474324085
FLJ23865,-1.611835985630013
ZNF846,-1.6118561894502057
SEC24B-AS1,-1.612240945767018
TLR6,-1.6131843362758629
DHX16,-1.613655263489641
LOC100506679,-1.6138449908711783
PDE4A,-1.614252372810449
RPPH1,-1.6146478005672755
ALG1,-1.6162792021711205
ZNF345,-1.617101543744015
COG5,-1.6173617249086107
RIN1,-1.6175851123428944
FAM176C,-1.6187044430751247
C16orf53,-1.6187214565613994
SLC36A2,-1.6192409046026341
LRIG1,-1.619279027799769
MSS51,-1.6193251853730837
WDR70,-1.6195995276550648
ROMO1,-1.6202752203115156
CYR61,-1.6208424973485884
LOC100506328,-1.6209551431365354
ADAM28,-1.6215551184276205
MOB1B,-1.6217959580392192
NDUFA13,-1.6218533127199495
C9orf114,-1.6222493237392845
PLIN3,-1.622262189936128
POLRMT,-1.6226334939628626
BARD1,-1.622823051063148
FAM153B,-1.6228943081236717
SLC12A4,-1.622958648140493
PHKG1,-1.6230707149537402
ZNF397,-1.623132649984673
ZNF292,-1.6236813664171077
PARVA,-1.6237003054369137
USP46-AS1,-1.6240124111948457
SP110,-1.624148151167184
EXD1,-1.624391052308821
LINS,-1.6251662250090446
MITD1,-1.625354883795462
SCRIB,-1.6253938012326408
SPATA6,-1.6256183453022797
ANKRD52,-1.6258450502929018
ARHGAP5,-1.6259316762483724
NACC2,-1.626860548398373
VSIG1,-1.6275425780473625
LOC100506195,-1.6277321828382358
CENPBD1,-1.6277727941400075
CNNM3,-1.6285443119733296
ZNF566,-1.6287099307132158
LOC157273,-1.6287439398918964
C14orf176,-1.6287901255720252
MRPL19,-1.6288542275871256
PAX8,-1.6289581817529202
LOC100652768,-1.6292067067718696
NEXN-AS1,-1.6294628660031962
LOC100287792,-1.6295033504255494
WIPF1,-1.6300468989375885
PTPN18,-1.630150909630824
PLCE1,-1.6301902954114968
TTC23,-1.6301977744265896
RPSAP58,-1.6302816484166587
C6orf170,-1.6302839807877132
USF2,-1.6303787216035892
LOC100289019,-1.6305204151667159
LOC100506241,-1.6316644686308777
MTRNR2L1,-1.6317205561132415
LYPD6,-1.6322732833433269
PHLDA3,-1.6323162106460922
PPAP2B,-1.632553181413549
FP2234,-1.632994847373513
LOC100506549,-1.6332862839132558
AHDC1,-1.6333515603317856
TM6SF2,-1.6335425326709245
TRAPPC2,-1.6337006026336713
FAM161A,-1.633823085113915
IRGQ,-1.6339573598295296
FGR,-1.6340474061073642
APOBEC3D,-1.6341458015815515
CALR,-1.634650014806674
C1orf173,-1.6348891528007583
MAP3K3,-1.6350770182976477
HLA-DRB6,-1.6365662917211767
PAPSS1,-1.6370017249765356
FOXK1,-1.63834703335813
SALL4,-1.6386960701072895
LOC100507006,-1.6387296873472648
HIATL1,-1.63874803719284
CHST10,-1.639176615225999
NFATC2IP,-1.6411640417242923
PRDM16,-1.6412952152490445
GPR123,-1.6412987489473312
SGSH,-1.641363280902318
CDK14,-1.6416385836261278
PCDHB12,-1.6416888292637422
LOC100131910,-1.6422284051972877
ARID5A,-1.6424675645909736
ALS2CR8,-1.6427585415038322
TUBGCP3,-1.6428949538548792
POFUT1,-1.6431397591751302
FAM134A,-1.6432856261310347
RNF20,-1.6434876638349667
ZNF341,-1.6441255901302112
NUGGC,-1.6443014957749598
GNRH1,-1.644557014280612
CTSZ,-1.644598487292706
ITGA2,-1.6449631460339924
CARD10,-1.6450841712602433
ZNF323,-1.6457843472188334
SPINT1,-1.6459357630739542
ARHGEF40,-1.6460824347155776
SNX8,-1.6484747617617612
ZBTB26,-1.6495119406698713
PHACTR4,-1.6496081713826745
SH3RF3,-1.649802794498488
TMC8,-1.649959056958592
FAM126A,-1.6502541404799838
ZNF506,-1.6504426635352805
LINC00596,-1.6508233556752057
FCGR2B,-1.6514107022511828
GLI4,-1.6514361643564044
SULT1E1,-1.6520847338088627
BANP,-1.6523975912754152
SNRNP200,-1.6531090764692271
ZNF318,-1.653703872794337
CD2AP,-1.653814551900045
LOC100289341,-1.6541022938441134
BLOC1S1-RDH5,-1.6544815278551528
ZEB1,-1.6548628940918617
CCDC141,-1.6550243634840511
TMEM38A,-1.6552383502746764
LZTS1,-1.655559568122781
EEF2,-1.6556425765316467
MYO7A,-1.6557886081972442
OAS3,-1.6564007976784902
GBP1,-1.6564347004480942
LOC646851,-1.6566671680663265
CCDC144A,-1.6570359842489124
EPHB4,-1.6577074786127854
DPYD,-1.6587934889859128
LOC728558,-1.6588818423806002
BMS1P6,-1.6592004223182244
FBLN5,-1.659672871831793
CLEC12A,-1.6599376589622006
ISPD,-1.6603432567763956
HEPACAM,-1.6603805480271654
KANSL1L,-1.6620637662397013
ACBD5,-1.6626719105383374
FGFRL1,-1.6631426748249558
LILRA1,-1.6634471261117914
NBN,-1.6635665196760245
BCMO1,-1.6635857945846377
WFDC8,-1.663774860328504
SNTA1,-1.664038054264367
LINC00092,-1.6651322093946792
LOC100507661,-1.6658570633726064
ZMYND15,-1.6673473084771566
INGX,-1.667745291205698
STMN3,-1.6681503290438982
STAC,-1.6683511394932315
SOCS4,-1.6686846377264082
REL,-1.6687073226032711
LAPTM5,-1.668879893092772
SOCS1,-1.6689539786605883
C4A,-1.6692285562355373
GTPBP5,-1.6694737342121861
ASXL1,-1.6698311506865815
TNFAIP8L2,-1.6702588775648612
APOBR,-1.6703995087707768
LOC441454,-1.6707658934930594
TLCD2,-1.671385784136553
TECPR2,-1.6715137834407512
PODNL1,-1.6716147467035625
ZFYVE28,-1.6716834534249918
ARHGAP30,-1.6717250964277015
MAP1S,-1.6721285132325692
NAPSB,-1.673280401251739
MGC13053,-1.6732971399906356
USP38,-1.6733557321846935
ANKS1A,-1.6733868805681844
FHOD1,-1.6737582616061695
SERAC1,-1.6738957828262744
PARVG,-1.6741624295444142
S100A4,-1.6747335740805198
TYROBP,-1.6749177769288404
CCR1,-1.6759824116933746
LOC100506972,-1.676863375091483
CASZ1,-1.6770161270390043
LOC100128292,-1.6774712726658099
VAV2,-1.6775792365615267
LOC100506394,-1.6777547407240203
TFEC,-1.6784168392936742
LAIR1,-1.6785012695879191
RIN3,-1.6800910268115778
LOC100507175,-1.6805745232241958
ICAM4,-1.6807297683443776
GPR55,-1.6807303920894008
LOC440173,-1.6809297516253758
LRTOMT,-1.68114000301075
AP4S1,-1.6812309015408982
ARHGAP15,-1.6818626093505231
DOCK4,-1.6819308305473222
OTUD6A,-1.6819431413758859
BATF2,-1.682064377196334
GSG1L,-1.684412477533143
AGBL2,-1.6847022642347504
LOC284600,-1.6857023728142924
TMED1,-1.68614857319959
RNF213,-1.686271073442471
LOC100130231,-1.6864127509581583
OR4N3P,-1.686454173438746
ALPK1,-1.6870470976324976
MSR1,-1.6874677406240797
RNASE2,-1.6877213646730993
DNAJC27-AS1,-1.6883923721634746
PLAC8,-1.6884074455619207
DSE,-1.6892940870880977
NOTCH4,-1.6897840955223138
GYPC,-1.6924994574576337
FLJ40448,-1.6925654395436762
MAK,-1.6938073858080656
SEPT8,-1.6940409140701571
CCDC88B,-1.6945395178969502
PIGR,-1.6960969426447412
MTBP,-1.696235143893763
C17orf77,-1.6962986128282762
SON,-1.6976420576967044
ZSCAN22,-1.6978620771784387
TP53BP2,-1.6992739038865479
CTNND1,-1.7003184294405584
UNC5C,-1.7004903200254475
PLAG1,-1.7009289164512105
FLJ38717,-1.7012138127726073
TCEA2,-1.7013199343272913
ADAM9,-1.7029743639406476
DMKN,-1.703399191866701
C6orf1,-1.7036995170991898
ZBTB1,-1.7038703525149297
NTN1,-1.7040385589542208
OR7E5P,-1.7040842841629003
XIAP,-1.7042289543793856
ARNT2,-1.704652927548656
AGPAT2,-1.7049440403876956
FLJ13197,-1.7059776515518814
RPH3AL,-1.7070477038263356
SLC14A2,-1.7071813762751675
FXYD2,-1.707404177484418
TMEM50A,-1.7075604579444426
DDX21,-1.7076405328752344
SUSD3,-1.7079120136498402
LOC100505989,-1.709422391909359
TRNV,-1.7101282116854777
DDX53,-1.7107833738799667
TTC7A,-1.7111610067815057
BDKRB1,-1.7114074584395216
LRCH1,-1.7114401522766136
LOC100505799,-1.7124966911725146
ELMOD3,-1.7126563732851756
TMSB4X,-1.7127045608594573
LOC100506190,-1.7132320520920516
CA5B,-1.713848461464184
GAB1,-1.7139833223294598
PLEKHA2,-1.7144235337885625
DPH3P1,-1.7147280651797234
FAM111A,-1.7147724806999216
JPX,-1.71515990188692
EPHA10,-1.715417607483081
NCF1,-1.7155796616299799
SIPA1L1,-1.7161685427742959
TRNN,-1.7163456597453228
SPI1,-1.716541062666379
SLC14A1,-1.7172539406923828
FKBP3,-1.718142441298543
WDSUB1,-1.7181469837652348
ALDH1L1,-1.7183936863428821
CCBP2,-1.7188103277238687
SPPL2B,-1.7190129531227094
LHFPL2,-1.7190282251358
HLA-DMB,-1.7203044525762377
FLJ35776,-1.7216073622998775
TRAF3IP1,-1.7216339786851431
LOC145694,-1.724365332889472
SLC6A14,-1.724603769544226
ZNF518A,-1.7252970207015361
SYT15,-1.7256386474135041
KIF16B,-1.726384911086608
GIMAP1,-1.7266011611826741
DNAL1,-1.7270368581253213
GAS6-AS1,-1.727310341984821
ALKBH4,-1.7274025392595544
LOC100129233,-1.7275716308454934
FAM203B,-1.7278241080179155
FLJ30403,-1.727952544235488
ANKRD44,-1.728099414491206
FRY-AS1,-1.7281312016352433
SNORD13,-1.7284361666873775
EHBP1,-1.7291512370317705
LOC100506948,-1.729677486459365
CFB,-1.7299091583022175
LOC100506518,-1.730857480216575
MBOAT1,-1.7309143736910488
EYA2,-1.7321599028881358
MMP24,-1.7324345139327908
ARGFX,-1.7330115010617917
MPND,-1.7332126914286312
RFX1,-1.7332185160577798
SMC5,-1.7337390800433987
TMEM51,-1.734026026979357
IL28RA,-1.7340272550753428
FAM100B,-1.7347353961050547
GPR110,-1.7357112963446548
RASA3,-1.7357274993285552
LOC100505976,-1.736067650375647
CHL1,-1.7361867279588168
CD3E,-1.7362419116432628
ZNF383,-1.7364414553633434
SLC20A2,-1.737034070313899
LOC151475,-1.7373276197631364
C1orf63,-1.7373596793330168
NAPRT1,-1.7380377024032445
ZRSR2,-1.7381870139024314
ZNF628,-1.7382483762465335
RNF170,-1.7394659799267675
TLR7,-1.7398611971439286
TNFRSF1A,-1.7406532435038127
APOBEC3F,-1.7408039011269352
LOC100652797,-1.7413518064381004
ITGAM,-1.7414454148656264
TBXA2R,-1.742669275540182
RAB42,-1.744107479998618
SPDYE6,-1.744404498065737
LOC100506536,-1.7445136710283646
TNS4,-1.7449211474720405
APOC4,-1.7451157196034799
CELF2,-1.7458757819761068
RAB6C,-1.7463950954887346
ARID4A,-1.7464942600019704
C8orf86,-1.746851750307655
RARRES2,-1.7471018547125186
LOC339166,-1.747611758983631
LOC100188947,-1.748190588641963
LOC100130581,-1.7510217319890784
IL12RB1,-1.7511414897907536
RNF180,-1.7511745330748159
CYP2S1,-1.7512842830703514
LOC100507486,-1.7527242452633744
MPP5,-1.7528293222463538
MRI1,-1.7535682127631016
PACSIN3,-1.7537583323366166
CRYBB2,-1.7540335007621175
TAL1,-1.7543469171090804
SLC5A5,-1.7544137700478906
RFX4,-1.7545226462095354
MEFV,-1.754888293448549
FGFR3,-1.7550478729817554
FAM20C,-1.7558730396325735
LOC100131679,-1.7559723270635879
LRWD1,-1.757375494627121
TLN2,-1.758751718516547
PHF19,-1.7590058078662056
IL31RA,-1.759162313669049
GPR98,-1.7593940105669654
GFER,-1.7610377442294751
LOC100505685,-1.7614940284068743
LOC100506085,-1.7619598233229292
LOC400706,-1.7619952016395717
FGF5,-1.7623141428808446
EPM2A,-1.762491296372445
PDCD11,-1.7625532041630851
LOC647946,-1.7629251383654783
NLRC5,-1.7630770025951112
DDR1,-1.7635431188256894
TGM5,-1.7637827170621918
PCDHGA7,-1.7641169831694223
CARD8,-1.7642193220316016
INPP5D,-1.766935148919906
QPCTL,-1.7670242537546246
FMO2,-1.7679059521592018
CD5,-1.7693143706393155
USP29,-1.769462417961679
C10orf54,-1.769483898678966
LOC648691,-1.7695838344274493
COL8A1,-1.7703531596111601
SLC12A9,-1.7704991416080442
MRPL42P5,-1.7711581134295264
PCDHA8,-1.7711583272092868
OSTBETA,-1.771687663928118
IRF5,-1.772683191633132
LOC100128420,-1.7738616119108261
IL16,-1.7747730661820291
CLN6,-1.774849954899127
WIPF3,-1.7750514216297963
STEAP2,-1.7766236030906757
EMX2OS,-1.7775443976382355
ZBTB7A,-1.7775719864848405
LBP,-1.778038155817341
CAMK1D,-1.7789124516151944
LOC100507209,-1.7795702916530316
HES1,-1.779758397178746
CLEC5A,-1.7808090525940257
MARK2P9,-1.7814412451606079
IFNGR2,-1.7816507386432012
TMPRSS11F,-1.7817513882373595
PCDHGA3,-1.7829738763745886
ATP1B4,-1.783591126535223
ZFP106,-1.7840152753161564
LOC645722,-1.7844457722062634
CDK3,-1.7854958747196108
ZNF746,-1.7856108021889994
ADAMTS3,-1.7867244699555853
CTDSPL,-1.78694827096824
BTNL9,-1.78746705228539
RAB13,-1.788384231330238
OCEL1,-1.788741567618493
TMEM223,-1.7890010975853254
LOC282997,-1.7892265035361048
RNF125,-1.789342509724832
TEP1,-1.7907057207748
C12orf59,-1.7910394915450105
CCSAP,-1.7912995791572084
ARL11,-1.7924210760652293
TBC1D14,-1.7931196578321362
GGT6,-1.7938845419382914
TBX1,-1.795342356170731
FAM92A1P2,-1.7963467314626311
CAMK2D,-1.7965610863669896
GRIN3A,-1.7970315017291134
ANKRD19P,-1.797958228261628
NLRC4,-1.7980103395402498
PNPT1,-1.7983384859294038
ALDH3B1,-1.7986359739022388
RNF138P1,-1.7999361161106415
LY86,-1.80007924214167
AGPAT5,-1.800786635433587
SLC25A30,-1.8013187313027972
KIAA0664L3,-1.8017656170085599
TMEM86A,-1.8018011003545356
RAB11FIP3,-1.8020164539722023
TRMT61A,-1.802026917962061
RNPC3,-1.8023633303141768
SNORD58C,-1.8024596072318415
TYK2,-1.8026724392193467
LINC00167,-1.8040099220950006
FLJ31813,-1.8044611167819542
DNAJC28,-1.8053536499573866
SLC25A35,-1.8061114437303913
P2RX4,-1.8062208810037592
ABCC6P2,-1.806755464938565
ITGB4,-1.8070082044396998
LOC100507449,-1.8072848357302629
C4orf47,-1.8073665296067516
PLSCR4,-1.8078952995111126
LOC728537,-1.80797297235359
IYD,-1.8082295194800289
LOC728875,-1.8086456617115518
RNASEH2C,-1.808987702784354
LAT2,-1.8090878228547105
TMEM106A,-1.8092145159022892
PTPN6,-1.8093488713260444
RNASET2,-1.8093607443299857
LOC644961,-1.8096193946408954
MS4A4E,-1.8096996103641048
RPS2P32,-1.8104039681554471
CDAN1,-1.8106244886401746
PSORS1C1,-1.811100916116054
PRR23A,-1.8117913936672558
OSBPL3,-1.811984913350444
BLNK,-1.812138965083365
MAST4,-1.8126701290906055
GEMIN8,-1.8127736698985601
SWAP70,-1.8128723326564626
C1orf87,-1.8132768316225814
DTX3L,-1.8133695463862876
ARHGAP42,-1.815668688991437
ZSCAN30,-1.8157612865459407
RGS20,-1.8162107291761367
MT1IP,-1.8167923830597346
LOC100130899,-1.8172802530051582
TBXAS1,-1.817509907590808
PRRT4,-1.8175380066831859
LOC643355,-1.8177363149231411
SARDH,-1.8180383261526942
FBXL14,-1.8180539486021767
RAD9A,-1.8182346910454996
HSPA7,-1.8183466797861483
SLC25A37,-1.8187527295956023
SIRPB2,-1.818790776296191
SLC7A11-AS1,-1.8193189419659679
LOC100506321,-1.8202642838393779
C6orf123,-1.8210651453792288
LOC641367,-1.8213887658937744
ELF2,-1.8216477664316033
GADD45B,-1.821703903777688
TMC6,-1.8223690566867747
KIAA0247,-1.8224232486336767
ZNF793,-1.8247245448644285
PGM5,-1.824790437888879
PTK6,-1.824802815558662
ULK3,-1.825316326899313
LOC646813,-1.8253739185880369
CEBPB,-1.8260258608410231
NPHS1,-1.8280359171639349
TBC1D4,-1.82813053496008
TSTD2,-1.8299311834861467
SLC25A19,-1.8308928731753913
ZNF461,-1.831627782740733
BMF,-1.8325495431461012
CD48,-1.8325798180628634
ITGB2,-1.832610048208331
PIK3AP1,-1.832957152256085
LOC100506561,-1.8338090077384461
IL21R-AS1,-1.83412213415394
C3orf72,-1.8343595529913754
LOC149837,-1.8348371546241422
GVINP1,-1.834861849815037
PRRX1,-1.8349942131449415
PTCD1,-1.835106742328343
FAM184A,-1.8351594682241334
MAN1A1,-1.8356473517595533
LOC100287166,-1.836117792727675
SAMSN1,-1.837227442903504
TMEM102,-1.837257374764583
ZNF534,-1.8377770792097392
PRKCA,-1.8388744507491401
LINC00294,-1.839869502596254
WDFY3-AS2,-1.8404018786012626
ZNF271,-1.8408065669509706
CDKAL1,-1.842410237003553
CYBRD1,-1.844527244010775
ZNF14,-1.8453247895095501
LTBP2,-1.8454637604257116
FLG2,-1.8457824266453908
NLN,-1.846635516834673
LOC100505963,-1.8467801198025244
KYNU,-1.8470929937162281
KCTD3,-1.84730949198827
KDM4A-AS1,-1.8477253548408386
THSD1,-1.8493870526273213
FIGN,-1.8503771671460492
DNMBP-AS1,-1.8505719105577603
POLM,-1.8506021669326458
JUNB,-1.85132634295367
SH3GL1P1,-1.8513802233485563
SIPA1L3,-1.8522348053910254
BMS1P1,-1.8526773254991897
PRPF19,-1.853698873906851
P2RY11,-1.853855501756003
ACIN1,-1.8540319886222947
ANKS4B,-1.8547321867968036
ABI3,-1.8558476672712725
SLAMF7,-1.8561034811995776
ZNF700,-1.8568248655249224
KLF6,-1.8578481930879438
ATXN3,-1.8581796814915057
DHRS7,-1.858433848784881
GDF5OS,-1.860129229584082
BTBD7,-1.860173606390798
SSBP4,-1.8609607043809069
LOC100507501,-1.8620998729889637
LOC100631378,-1.8623045359560386
PCED1B,-1.8631069857671676
NDUFA7,-1.8632357671118998
CHCHD7,-1.8633344932422329
MTMR3,-1.8637317179059232
NAT10,-1.8638254604948763
CEBPD,-1.8639455193773484
MSX1,-1.8639595600591963
PIGG,-1.8642093325196316
CCDC94,-1.864352966721827
C14orf79,-1.8643671775914528
LOC100127891,-1.8647589774933446
WASH5P,-1.8661327154907013
P2RY13,-1.8663031453143892
CHMP1A,-1.866479281771809
SMAD3,-1.8665549892720417
CYTH4,-1.8675038841874496
CEP164,-1.8687524097464696
LOC652276,-1.8689865011888545
FTSJD2,-1.869121522561426
FARP1,-1.8705528323796052
AIF1,-1.871695802091413
ACHE,-1.8718149854092443
SLC44A3,-1.8718358962558648
MGA,-1.8723019999132864
MRC2,-1.873064563184751
NUP43,-1.8731417837099813
KREMEN1,-1.873454883956112
UPK3BL,-1.8739692608437788
SNRNP48,-1.874416834900197
DYX1C1,-1.874472401670398
TRNQ,-1.8745309046465104
CCND1,-1.8747674622149844
CYBB,-1.8762512278096954
OTX2-AS1,-1.8764859041906288
SAMHD1,-1.8766101944098466
EEF1G,-1.8769180899217854
RABGAP1L,-1.8775319832113824
LOC100506705,-1.877545837051871
FAM74A2,-1.8783779723044798
HAUS4,-1.878516170331423
EDNRB,-1.8793656598031476
NANOS3,-1.8793662649077554
PAPLN,-1.8799609470066483
FZR1,-1.8801342038547169
ZNF490,-1.8803094117160346
ATL3,-1.8804157055377133
CORIN,-1.8804574825531606
SETBP1,-1.8808135914759128
IL4R,-1.8847267107472414
LOC401134,-1.8852714155207266
PURA,-1.8853447326633268
LOC100288198,-1.8861409764965615
LIPC,-1.887041819680794
ST14,-1.8870431847353502
CD84,-1.8870819111501445
XDH,-1.8870931643534998
RN7SL1,-1.8872690878083112
HMHA1,-1.8872769665171523
SDCCAG3,-1.8875583896993176
TNXA,-1.8879977625249122
LOC100506167,-1.8880847372289642
STEAP3,-1.888134763570199
E2F8,-1.8888931077741544
TPGS1,-1.8891768417565673
BTBD3,-1.889193784385293
NCK2,-1.8901764735870934
DYNC2H1,-1.8903999086464989
CDC34,-1.8904549150765024
DDAH2,-1.8920819262988686
HIST1H4J,-1.892348425854187
SPDYE3,-1.8925315964433793
FAM106A,-1.8926557279540925
TICAM1,-1.8926632920039201
OR7D2,-1.894291698237026
CCDC74B-AS1,-1.8946018130983124
PALLD,-1.8948185129698494
SPN,-1.8949496898252949
MAPKAPK3,-1.895213655181806
PALM3,-1.8962902791428387
SETD3,-1.8964288696286196
LOC399744,-1.8964876052802415
C16orf74,-1.8967058935165046
INPPL1,-1.8977615048611387
ITPR2,-1.8985093984657815
ARHGEF6,-1.8993997526830935
DMC1,-1.8996983021449736
LOC100507106,-1.9000362510302498
NOD1,-1.9010177832250879
NFKBIA,-1.9020143494384343
LOC100506255,-1.9021536965817212
LOC100652973,-1.9026378230798207
CALM1,-1.902880332124872
TRAPPC3,-1.9029986912197139
ZNF431,-1.9034451065586506
UBXN6,-1.9036409381594068
ERAP1,-1.9052639191728917
SP140L,-1.9056843028292614
C3,-1.907185884642551
SERPINF2,-1.9086879090423128
SNORD104,-1.9089088273012356
DSC1,-1.909263107897143
PLS3,-1.910133127654812
SYPL2,-1.910426402791001
FGL2,-1.9104646969949355
CNTNAP3B,-1.911488301938559
MAP3K8,-1.912213882674478
SLC1A2,-1.9123055918546765
RHOJ,-1.9129905387880954
FLJ46361,-1.9132952863571977
O3FAR1,-1.9136648349702972
DHX58,-1.9137377064652068
C21orf62,-1.9149679906897945
FAM179B,-1.915011714367605
LOC100507403,-1.9156477321424166
LSM14B,-1.9162509885176096
NR2F6,-1.9167214357525582
DEF6,-1.9169461581828469
LOC100130890,-1.917585604015493
TJP1,-1.9181295795889577
C17orf90,-1.9195217555476085
ARRB2,-1.9197106813007097
ANXA2R,-1.920181414937086
ARVCF,-1.921176666848906
LOC338739,-1.9214290718681502
AIMP1,-1.9224826077254409
C11orf84,-1.9259456207621457
ZFX,-1.9264556406689899
PMEPA1,-1.9265281068873819
ACOT12,-1.9287477293152977
RBM42,-1.9292732998459794
CREM,-1.929463734125145
CPT1A,-1.9308927839935537
DPY19L1,-1.9310813263077615
SECTM1,-1.9317854761612816
BMPR1B,-1.9322424921176797
MYO9B,-1.9328013540972
KIAA1875,-1.9328034419043711
CACTIN,-1.9336198018666546
GALNT5,-1.9342920007416007
EXOC3L2,-1.9346220062978816
MAP3K5,-1.9348283766271
ARHGEF10,-1.9364758414431027
LPAL2,-1.9365074139476928
LTBP1,-1.9366099854600878
LOC100505863,-1.9367032469829997
ZBTB3,-1.937167774803054
CHRNA6,-1.937513729744171
TCIRG1,-1.9382036707048864
FOCAD,-1.9414707302823933
ZC3H12D,-1.9423928392215235
PSTPIP1,-1.942600253775635
SFMBT2,-1.9439226295274548
CALCR,-1.9440987877268836
POC1B-GALNT4,-1.9443164037219103
PTPRA,-1.945577340079921
LOC729603,-1.945752533231336
DUSP22,-1.9467314440044723
KIAA1274,-1.9477491330555046
LOC100506700,-1.9479572676135364
TRIM6,-1.9480613107297393
LOC284551,-1.9482172999109948
LZTR1,-1.9499306096679463
LOC147646,-1.9509514743478542
PLEKHA7,-1.9511256877098593
IL15,-1.9512769646734667
TRPM7,-1.9515961914202973
GSDMD,-1.9522384210546362
PHLDA2,-1.9529948925431704
SCYL1,-1.9545537869155793
FAM181B,-1.9557250489298672
POU2F2,-1.9559880236230236
SLCO2B1,-1.9563296131374113
STAT5A,-1.9577956749509924
KPTN,-1.958515932763628
HP07349,-1.9585412851480766
CCDC41,-1.9588847026982255
ZNF788,-1.9590022951132162
TRABD,-1.9590421785312453
LOC389602,-1.9595633670325892
LOC100652987,-1.9595715270386505
STAB1,-1.9600908454596435
CDRT4,-1.9615575235642349
ILF3,-1.9620281786025464
LMBRD1,-1.9625619075604614
PAFAH2,-1.9628242324438
ZCWPW1,-1.9629561402151918
SAV1,-1.9641771946414408
ZXDC,-1.964225838033312
DKFZP434L187,-1.9654174515104246
ST3GAL6,-1.9655732408495492
SNORD113-5,-1.9658211458705521
C11orf91,-1.9666200804626726
SETP20,-1.9668151725904677
CTBP2,-1.966877504217264
TRNS1,-1.9674819641198535
HSD17B12,-1.9695209506646296
ABI1,-1.969698765104816
DAPK1,-1.969903853449812
LOC100287846,-1.9701803309292887
LOC100507004,-1.9709188737947783
LOC100190940,-1.9710767057103369
KLF8,-1.9712324041782439
LOC100128253,-1.971669920590017
C14orf102,-1.9716991737869027
RPL31P11,-1.9717221998448897
FLJ39739,-1.9727274603804434
LLGL1,-1.9744466134513916
UVSSA,-1.974537609230145
LOC100132077,-1.976019219853382
MNDA,-1.9760581137062265
UBA7,-1.976261411644001
VTRNA1-1,-1.9764941042241848
DPPA4,-1.9766892654606365
ABCC3,-1.9772461705212714
SYK,-1.9773612797675606
WDR55,-1.9778100803877046
ERICH1,-1.978116916026796
CORO1B,-1.9786825831177075
LOC100133207,-1.9791939307729445
PNN,-1.9799527870953597
SPPL2A,-1.9799781830657388
CD3G,-1.9804431878021564
ITGB8,-1.9811116931951849
GIPC3,-1.9816590186268157
MSRB1,-1.982359558688341
MEX3D,-1.982607054123788
ENTPD1,-1.9828459596283985
LOC100505658,-1.983513381335216
EGFR,-1.9841961324796977
RGL3,-1.9867253538085932
CCDC114,-1.988010238303619
PPARA,-1.9887230267601024
C1QA,-1.9893175837758332
LOC100287541,-1.9903316646800921
PYCARD,-1.990435907024467
C1orf131,-1.9912229675769368
LRIG3,-1.9916947843300612
DMGDH,-1.9919043910855965
IRAK3,-1.9919874934877797
PMP2,-1.9921904733609417
SAP130,-1.9924542566043282
RFTN1,-1.9926635303595501
RETSAT,-1.993586705794728
GTF2H1,-1.99636728527441
ZNF781,-1.9991988939943308
CTSF,-2.001029375717534
GOLGA8B,-2.001169386245848
SHROOM1,-2.0012627776516534
PHLDB1,-2.001535987597956
SLC15A3,-2.0016869045892287
RPSAP9,-2.001938118406692
PCDHB11,-2.0022523629796187
ZGLP1,-2.0025717466828863
PCDHGA6,-2.0033463364976574
ANO8,-2.0041044268502124
PNMA2,-2.005992690388435
ABCC9,-2.0069448416973055
LOC100128130,-2.0073201613451253
ALKBH6,-2.0076514269628833
IPW,-2.0081512396107732
MAB21L2,-2.009780804983762
PRPF38B,-2.009959732210974
WHAMMP1,-2.0123842724725214
ADAMTS13,-2.0124385209599116
SOX9,-2.0127264988490157
C14orf93,-2.0148971741735044
PTCH1,-2.017757666014195
SLC11A1,-2.018416215587656
VTI1A,-2.0197568675339137
AP5S1,-2.021130880126483
C19orf53,-2.0214924652421904
BOD1L1,-2.0223594518275227
PCDHB17,-2.0223978928372017
PIPOX,-2.0225207721568883
ALDH8A1,-2.0231264091678414
OTUD7B,-2.024827748484973
PLEK,-2.027944100781295
PCDHB15,-2.0286096472064408
MTRNR2L3,-2.03071263699764
BCL2L2-PABPN1,-2.031201348369096
GMIP,-2.0313199077346873
LOC100506620,-2.0327748601968865
SMARCAL1,-2.034878377001244
HRC,-2.0363176020410583
SOWAHC,-2.036629756078907
LRRK1,-2.0378975422746244
TTC12,-2.0379181388841547
LIX1L,-2.038263118268539
LOC100289290,-2.0385455607256144
HS6ST1,-2.0386364094571054
LOC644172,-2.04059448953246
CISH,-2.0413977719437306
SLC25A41,-2.043475330875769
PYCRL,-2.0445294749845906
OSBPL5,-2.048909869161633
GUSBP4,-2.0495812422226813
RGS19,-2.050871225778803
CSF2RA,-2.0512716730122222
LINC00605,-2.0549307652583533
LOC100653008,-2.055772124041416
C1QTNF9,-2.056534760077477
TRPM2,-2.058840913966131
CDH4,-2.0588768508751607
CCDC88C,-2.061464809912487
LOC100132356,-2.0617666888561224
ASAP2,-2.0625644481101277
HSP90AA4P,-2.062812743290377
PSMG4,-2.0633545240034747
SDCCAG8,-2.0638504987162873
C2orf49,-2.064022235804675
BMS1P5,-2.06457331215057
MYO5C,-2.065649073968075
ADRB1,-2.0662449331742128
DCAF5,-2.0665387500298786
WDR34,-2.0692702717693825
ACCS,-2.0696129250542667
RPS26P11,-2.0706878886274125
STS,-2.0708875303770893
LOC100288273,-2.0718921765907328
SLC7A7,-2.072503689227495
LOC100505573,-2.073323040542188
ZNF24,-2.0739469782049986
ALS2CR12,-2.0740715015101743
APOL4,-2.0745272463651614
EMID1,-2.0753553182095508
ADAMTSL5,-2.077229328604052
GPR132,-2.0775433417639166
MMAA,-2.0775684869668303
ASB14,-2.0783836903706328
LMX1B,-2.0802575266502425
RDH5,-2.0803569152871284
CASP14,-2.0811904423506915
LRFN4,-2.0819038297758135
SFRP4,-2.082013298789439
LOC100288428,-2.082095839188937
S100A13,-2.0822287125111045
DICER1,-2.084212475759422
LRRN4CL,-2.08431768071071
SLCO1C1,-2.0845539061802096
IFI27L2,-2.084886910897601
RAMP1,-2.0849131624697477
ADCY6,-2.0867780728123186
SORBS1,-2.089762991222843
CD2,-2.090096781680178
RPS15AP10,-2.0917486065767257
PLEKHO2,-2.093924446345203
CFL1P1,-2.094929919279226
LOC389705,-2.095773872678054
LEF1-AS1,-2.0961744279960812
RAB27A,-2.096199906483837
ITPK1,-2.096224802960957
DLC1,-2.0979845379469007
TOR4A,-2.098841024779891
LOC100507303,-2.0991960239912837
TYRO3,-2.099484943783809
LOC100130301,-2.0998254660775526
PET117,-2.1006608463729743
RPL34-AS1,-2.100963121212742
LOC100505829,-2.1010728889155748
LOC100652755,-2.1019643819154057
CLEC9A,-2.10200657336954
SLC44A2,-2.104582633804865
TRAPPC5,-2.104987058306772
ARMC6,-2.1063345895826693
BRD7,-2.10668251275976
BTK,-2.1075380913056576
YY1,-2.10760903799898
ZNF708,-2.107679083894359
CHKA,-2.1092527951729725
LOC100507510,-2.1098853503316874
ALOX5,-2.1107041044488866
NCF1B,-2.1112757789565637
AICDA,-2.1112822280171843
YTHDF1,-2.113252170262652
LOC100506421,-2.113464189960646
TMPRSS11B,-2.113474172034796
KIAA0754,-2.116221630288524
ZNF507,-2.117480457580957
RXRB,-2.117645591002408
LIN28A,-2.117861464023588
IL6R,-2.1182238296601636
DNM2,-2.118950863835824
CWF19L2,-2.120277981099111
LOC100288102,-2.121045642401307
KRI1,-2.1212491911811475
TMEM65,-2.1214822140988
IKZF2,-2.1244627973352372
COLEC12,-2.125384004848302
XAF1,-2.126353227079682
POMT2,-2.1266406732439083
ZNF277,-2.1275730559200423
PSTPIP2,-2.128406514147642
LOC387723,-2.1291919862847184
POU3F2,-2.130715707382912
SERF2,-2.131312679124853
CGNL1,-2.1340062222483374
ZNF77,-2.134963618761392
LOC100507295,-2.135275535387403
SGMS2,-2.1375446958275295
BLOC1S1,-2.1387620852115607
ADAMTS5,-2.139525737302176
ZNF558,-2.1415772418122354
TRIM66,-2.1416559253632697
APCDD1L,-2.1426276559752213
SAC3D1,-2.142777363757237
ANGPT1,-2.143945905774089
FLJ36777,-2.144097611939305
PRDM5,-2.144516912242223
ZNF511,-2.1451364819988017
COQ2,-2.1455795741972303
IGLL5,-2.146360565715834
NCF4,-2.1484103528997123
ANO6,-2.149290048620909
LNPEP,-2.150456896707069
CCR5,-2.151468824150635
PRRX2,-2.151582921028298
XKR6,-2.1523864259738357
LOC100652869,-2.153481517193879
C10orf68,-2.153694588759163
ZFP36L2,-2.155220740131686
TMEM41B,-2.1552228402015303
TMEM176A,-2.1568483098331908
GRM6,-2.158297193122816
PLCB2,-2.159014664933697
FPGT,-2.1596798917944136
C1orf227,-2.160132606085831
LOC100506083,-2.1601686402326528
GALM,-2.160210658229538
LPCAT2,-2.162126662125827
RASSF2,-2.1621541240806614
SNAPC2,-2.1638281158269943
ADI1,-2.164373142628556
FAM40B,-2.1649614177470697
TDGF1P3,-2.1653054120767536
MS4A7,-2.1656144957253
NEK6,-2.166199573876409
SREK1IP1,-2.166377793014695
SPRY3,-2.167299095964391
SNX5,-2.1674518245072476
IQGAP2,-2.1681585695553967
RASSF6,-2.169552848660063
SIRT6,-2.1717321401141247
HRH2,-2.173650827434096
CYP4F11,-2.174247793741529
SLITRK3,-2.174323167223845
PLEKHA4,-2.1751234305482976
KCNQ1,-2.1775337652339104
BCKDHB,-2.1782192047600932
PHACTR2,-2.1799508046617504
SRRM2-AS1,-2.1807512407148506
PXMP4,-2.181420881182461
LOC440028,-2.18142286734177
ZFAT,-2.181931261714135
C16orf48,-2.182794919621467
LOC100505957,-2.183748700824819
SLC10A4,-2.184375190213872
GOLGA8DP,-2.1845036114432754
PRRG4,-2.1861649503566096
ZC3H14,-2.186369377625106
LCP1,-2.187720411894717
SNX21,-2.1880828928306473
IRF2,-2.1886395310464146
FLJ45872,-2.189759099246793
IKZF1,-2.1908881367017887
MGAT4A,-2.19276172685282
LOC100288778,-2.1931491751798204
LOC80054,-2.1933261393887125
COQ6,-2.1942616313894607
VASN,-2.1958018585553707
ADAP2,-2.1959846679392503
IFNGR1,-2.1961380041785077
LOC100652739,-2.1983928267589365
MBD3,-2.199145794838047
ZFYVE26,-2.201153380251039
INPP4B,-2.202357387607776
TNFAIP8L2-SCNM1,-2.204339374690654
MAP1LC3C,-2.2054457912064542
VWA3B,-2.2060064172694505
ZNF714,-2.2075230279272606
TMEM240,-2.2113956905272705
FAM46B,-2.2124382441232555
FARP2,-2.2145456584004126
DHRS4L2,-2.2151623442678288
FCGBP,-2.216874372364718
ACTN1,-2.2178598010557162
WSCD1,-2.2193197054772265
LOC100507244,-2.222303790700678
STOML1,-2.2223501952863374
C3AR1,-2.22487145323241
APBB1IP,-2.2260440279670566
PLEKHH2,-2.2262994012336743
ARMC5,-2.2275473272307638
DPM3,-2.231223054759791
UEVLD,-2.231925696949537
PRDM1,-2.2329322747748774
TNPO2,-2.2346525959932095
AHNAK2,-2.234879675428932
PTTG1IP,-2.235192093832026
FAM105A,-2.235904999511988
CHSY3,-2.236353250232582
TSIX,-2.2365938834678154
CHST9-AS1,-2.2367257115738184
CYB561D1,-2.237117698196748
CHDH,-2.238571775480344
DEPTOR,-2.2399768706734773
LOC100288637,-2.242348827474903
GPR183,-2.2424431501263875
CTDSP1,-2.246155115213046
SWSAP1,-2.2468050325081106
AVIL,-2.247392717886569
PARD3B,-2.247453071379377
RING1,-2.248477084275642
KCNF1,-2.249970623683227
HPS6,-2.25007731455557
ST6GALNAC2,-2.250151513083367
DNAJC22,-2.251102264437157
ZC3HAV1,-2.252463735288744
LOC100506746,-2.2524746548784833
ZNF561,-2.253160057363538
TMEM87B,-2.2557288902339585
TSPAN12,-2.2570572561196487
ARHGAP12,-2.258010754738963
FGF20,-2.2584896362558244
ACYP2,-2.2604978810317613
SEC14L1P1,-2.2607313087309215
LRRC19,-2.261622473263154
DIRAS3,-2.2626436153675806
SLC25A5-AS1,-2.2630975488562686
TM6SF1,-2.263762702552323
FAM59A,-2.2640436732306495
SEPT2,-2.2652012732047084
KIAA1328,-2.265749902781967
PIK3C2A,-2.2666254201526876
DHRS4,-2.2674444214957967
ODZ4,-2.267566780594244
TRIM52,-2.2687799271362223
TAS2R13,-2.270521794692805
ENTPD5,-2.2723822917947043
SLFN13,-2.2737066330227402
ZNF737,-2.27385213239988
FLJ41941,-2.2748274052149933
ARHGEF18,-2.2756902444618077
MUS81,-2.2758700978664974
MORC1,-2.2764226217118604
GSTTP2,-2.277637616317636
KCNK7,-2.27811591132266
LOC149773,-2.2781542191090107
LOC646278,-2.2794372870496105
COL5A3,-2.2795379833134923
POM121L10P,-2.280214313229704
BBS5,-2.2808340953106216
PPFIA1,-2.2817012257443694
FAM135A,-2.283275342420946
IGIP,-2.2847289346167687
NTRK3,-2.2870998526853956
MYO1F,-2.2877743034573164
ASB16,-2.289470391167834
TMED10P1,-2.2917515313371934
CD96,-2.292668804823594
KEAP1,-2.294230809114477
RGS12,-2.2944570299474174
SLC10A7,-2.2968430666715243
ANKRD22,-2.2975869736139876
LOC100507117,-2.298127478584696
IGSF6,-2.299361919936792
ACADL,-2.3004665097899055
ATG16L2,-2.3016467552651116
FGD3,-2.302592968690291
LOC100507591,-2.302941237488885
ARHGEF26-AS1,-2.303736277699961
COL8A2,-2.3056028780386395
LRRC16A,-2.3065596569059394
NUDT3,-2.306859119004148
SDSL,-2.3072308006073072
CEACAM1,-2.307536320642452
KGFLP2,-2.3077669144598345
LST1,-2.3079800007121554
LOC100132781,-2.3080191635722436
KIF13B,-2.3114001866098675
TRIM22,-2.3120917525583367
GTPBP3,-2.3140719840995114
SSFA2,-2.3154230052331988
GRIA1,-2.3157769479558055
AGAP10,-2.3165837467160593
CASP6,-2.318284840234607
LOC100652940,-2.3183864918489663
PTPRU,-2.318851192574949
C14orf101,-2.318908400115239
TRIP6,-2.318911231234239
TAF4,-2.3203273541405554
ARSI,-2.3209283646613934
HGF,-2.322454980839711
APOPT1,-2.3227826098732907
AES,-2.3230043639654063
FGF2,-2.32398348215363
FCGR1B,-2.325338025250905
DPP9,-2.3271110174946656
CAAP1,-2.3284066580035256
LOC100507452,-2.3305589733006826
RASGRP1,-2.3306273665103765
SGK3,-2.3332240920857537
OTX1,-2.335754217882444
GNLY,-2.338305934435283
CYHR1,-2.3388739382803365
TMEM185B,-2.3412054718693787
DAAM1,-2.3427195196451693
OFD1,-2.3438055420633166
IFI44L,-2.344651572653846
PLGLB2,-2.345180847682822
LPP-AS2,-2.3469649613696144
IL17RA,-2.3469894135771385
CPED1,-2.350706092652434
LOC100507299,-2.3507286823154434
OLFM2,-2.350914254822959
TEAD1,-2.351439215940519
NEK9,-2.351458896359594
UNC93B1,-2.352676515633866
C10orf114,-2.35498610845615
FZD10,-2.355314539394195
COL6A6,-2.3564361664889595
ZNF430,-2.3567921172011226
AHCYL1,-2.3577854943692245
KLF15,-2.3581450443540164
C20orf20,-2.361200694020978
TRNC,-2.361711451262459
CDCA4,-2.361912250627995
TSPAN3,-2.363326395655507
NUDT17,-2.365171112331565
C1orf168,-2.3653711240767192
HOMEZ,-2.365587613612354
MS4A6A,-2.367293790451962
BIN2,-2.3676191008467145
MRPL54,-2.372153968510699
LOC100134868,-2.3726185416687193
IQGAP1,-2.375738142496892
SOCS2,-2.3798605219963505
HOMER3,-2.3808294305204654
TMEM132E,-2.3809592026873965
LPAR5,-2.3828144256317874
DYX1C1-CCPG1,-2.384999238233981
LOC152225,-2.3886110655119155
SELPLG,-2.3888610922262687
BDNF,-2.389463158644103
NFE2L2,-2.3917114874051997
GPX1,-2.392803931482167
LOC100507663,-2.3952204251938474
FLOT1,-2.3961761557895467
GRTP1,-2.396562830174261
CXCR2,-2.3985817480180067
ATP5D,-2.401345678125775
PCDHGB3,-2.4019750888252913
KLF16,-2.4027233300646484
TNFRSF14,-2.404877832636147
ECI1,-2.4050634223457577
ATP11A,-2.4056676715466163
SLC38A6,-2.4064862560023026
GBP4,-2.407090899405928
HDHD1,-2.410743456453241
SLC25A28,-2.410952176391541
TLE2,-2.4110653915997973
TNNI2,-2.412465720598535
RPS6KA1,-2.4125935196996693
SEPT11,-2.4134900526909804
FCGR2C,-2.4145469304237284
TNFRSF11B,-2.415707381250834
FCGR1A,-2.416082781536259
CPEB2,-2.4176904478868027
DZANK1,-2.4222894358525235
LOC644554,-2.4227046023967076
MRPL34,-2.4254009445611526
TRNT,-2.4261436757736363
APC,-2.4327161621837496
PCDHB2,-2.432806974233519
PITX2,-2.4337974077492586
SUGP2,-2.433829970710549
IGDCC4,-2.435393845613683
HEATR8-TTC4,-2.4364648744322537
BNC2,-2.438702671362173
SHROOM3,-2.4421679077139737
C19orf24,-2.4431026865109096
USP53,-2.4444189678545643
AHCYL2,-2.4449720698732236
LRFN3,-2.4465746931296923
FRG2,-2.446593608311869
SOX21,-2.4470512429010634
TRNY,-2.4485320397937547
CEBPA,-2.4485738337161296
PCDHB10,-2.4526454661165764
GSTT1,-2.4536312886761595
HS3ST3B1,-2.4551692954212707
FCF1,-2.4552984852058914
SMYD4,-2.455610847708347
ART3,-2.4578369352279847
SEPHS1P1,-2.4578879302680305
WASF2,-2.4579685865700154
PIRT,-2.4584372724786197
ZNF493,-2.4589191501765577
ADCY7,-2.463565374607264
POLR1A,-2.4659612403617923
LOC100131372,-2.467008689102117
HOXB5,-2.467808818206304
LOC100506751,-2.4694574442272335
RAB11B-AS1,-2.473336846037253
SIGLEC11,-2.473923784706225
GBP6,-2.474532707644982
MS4A14,-2.4746381285019723
RAC2,-2.4747049731308755
RBMS3,-2.4804474131642666
UNC45A,-2.4835282950853506
GOLGA6C,-2.48576276719527
HSD17B8,-2.489041250200258
STK11,-2.491419105681008
ARSF,-2.498825620955702
DPF3,-2.499935433027084
NWD1,-2.502496375149159
TREM2,-2.503316016204863
FOXO3,-2.5042941304856763
DNLZ,-2.508029160354057
RNU6-1,-2.511992727465079
KXD1,-2.517222943543192
NLRP3,-2.5187453471020285
CMYA5,-2.519226290723715
LOC100505904,-2.5202590587980875
HAUS2,-2.522242801119229
DHX35,-2.5222597735992056
EML6,-2.5223265031677164
PCDHB7,-2.522582626575161
TSLP,-2.5237993611574137
AOAH,-2.525727634008553
CRYBB2P1,-2.528326671362518
NAP1L4,-2.5310151266034944
NEDD9,-2.53643612971545
CDC14B,-2.5384769337141124
SYCP2L,-2.541589293430767
C1orf35,-2.5431612180607366
KCTD12,-2.5435300202810036
MAFG-AS1,-2.5445317534325675
CYP3A4,-2.5467449135056763
PTGS1,-2.5502917245387646
LRP4,-2.5515967976853373
ADRA1D,-2.5524152942700877
ZIC5,-2.553288748235759
ZNF321P,-2.555725443328572
DPY19L4,-2.558174567410315
WHAMMP2,-2.563783603234747
DPYSL3,-2.5672107183903177
HCG22,-2.5717136770071596
PCDHGB6,-2.576678498034305
C19orf43,-2.5776298357622265
LOC283856,-2.5807196353201034
WWC1,-2.583696472536027
C6orf108,-2.5851748633190508
PDLIM4,-2.585782583490948
FAM65C,-2.585816376469859
PPP1R13L,-2.586755692734654
RNASE3,-2.5887163682466117
CAPG,-2.5907420680156377
MYO6,-2.591470779546109
DAPK1-IT1,-2.5925218246641686
SMAD1,-2.594078338231338
FAM209A,-2.5941453439471602
IQUB,-2.5947189298514695
SERPINA10,-2.602506573434478
MSRB3,-2.603683001038911
SLC2A4RG,-2.604351093475988
UTRN,-2.611659518422732
POM121L9P,-2.6120286926378866
GPANK1,-2.614398865614506
ILVBL,-2.615565701444682
SBF2,-2.6195820771284364
C19orf44,-2.6203413722949715
HERC2P2,-2.622453626481239
ACOT2,-2.6261981513763093
BTBD6,-2.630354234763063
NEXN,-2.632249546454385
LOC100507115,-2.6337799116260494
ZFHX3,-2.637840477761967
LOC100507639,-2.6405564714603544
MFSD8,-2.6423597266175793
CARD6,-2.6454180286906004
PLEKHG1,-2.646014177937866
RAB3GAP2,-2.647691471358596
METTL8,-2.6490150274386495
TRAF3IP2,-2.6545168650315736
FAM160A2,-2.6566176660747347
NUP160,-2.664089770678712
STAG2,-2.6649334636863817
LOC100128542,-2.665241574077777
PHYHD1,-2.6655688285900045
RPL13AP20,-2.6662941437613914
HOXB6,-2.667746308453874
GADD45GIP1,-2.6688730743727858
SYCP3,-2.67135929767205
UCK1,-2.682408441629511
PCDHB16,-2.6826545744159227
LOC285758,-2.683239739574541
MAU2,-2.6856423519150407
S100PBP,-2.686172474172942
FPGS,-2.6887388964968504
RELA,-2.6922762332076977
FLJ32955,-2.6928688256301303
C2orf72,-2.700304215867339
HNF4G,-2.7014053396215645
PCBD2,-2.7074595108514137
PPM1N,-2.7085472744501797
ZNF33B,-2.714149088503402
PEPD,-2.7161218920210843
CTAG2,-2.7162388029587903
USE1,-2.7200180663783793
PRMT2,-2.7221269639083956
PABPC1L,-2.722370803232851
NR2E1,-2.7237573640458552
FBXO32,-2.7246266936274086
LOC100652912,-2.7314479452217473
MGC16275,-2.731470944891324
KAT2A,-2.7321711692702975
LSMD1,-2.7342278718669615
ARNTL,-2.7351571558270136
LHFPL4,-2.736686780667287
CHRNB1,-2.7409081569673686
ANXA5,-2.745454277984821
DNAJB1,-2.749838806445651
MOXD1,-2.750110586567627
PGLS,-2.7509752129205327
SNTB2,-2.751652279626168
DMD,-2.7540144738091206
TLR8,-2.7540943318873556
EMB,-2.756803470110121
KL,-2.7607295914289174
SLC8A1-AS1,-2.7630034561469174
HOXB-AS3,-2.763972359222907
LAMA1,-2.7682106808140565
CYFIP1,-2.768657697971451
NENF,-2.769148945494033
ERBB2,-2.7716914572875475
ARAP2,-2.772407207113396
IL17RB,-2.774349961058993
LOC100288152,-2.7792799155244845
AHCY,-2.7799054787361186
CYP20A1,-2.781463516462258
NLGN4X,-2.7831525900492626
PLSCR1,-2.7842410055408564
TRMT1,-2.7940991342446946
CBR3,-2.7950288592937316
LOC100505834,-2.797863329632501
SCNN1D,-2.8022506989786073
PTPN22,-2.802936540842195
AGAP4,-2.805430362288257
SLC16A11,-2.805959328850214
NRG2,-2.8073044253403956
IFT74,-2.8089494074580936
FMN2,-2.8124817206462205
KLF17,-2.8136237827180133
FAU,-2.817945045919401
NFIA,-2.819455057171152
RDX,-2.8269927055507154
PCDHB6,-2.829061478747835
CCDC7,-2.832890491744295
NDUFB7,-2.8360356143956036
MAMDC2,-2.8361836041445647
STIM2,-2.8422974984988874
RPS6KA4,-2.8472533222770666
LOC100129502,-2.853578252854288
TAAR3,-2.855224952800063
LOC100507535,-2.8580925303433893
CXCL11,-2.8629136179306998
MOK,-2.8655396243665616
CCDC109B,-2.883856972966325
PCDHB9,-2.8852164512621226
RBM20,-2.8884908841997565
HOXB3,-2.898268727273024
EPS8L2,-2.9011502978046746
KIRREL2,-2.9022072404371566
PET100,-2.9043698074336386
ARRDC4,-2.905941768344576
CIAO1,-2.9076307589322896
IL18,-2.9113329392800695
S100Z,-2.9165899081158813
GLI2,-2.9189007068448207
ST8SIA4,-2.9191209761499035
LOC100131496,-2.930543270434084
SRGAP2,-2.9342124519809993
NUMB,-2.936470572205493
MSL3P1,-2.9374584171183438
FLJ31306,-2.938284183728876
HOXB4,-2.9386906583014403
LOC100507515,-2.9389303532300066
GATM,-2.9487814280732425
FAM129A,-2.955055527276275
COL28A1,-2.957825377956296
SULT2B1,-2.962234263926291
EPHX3,-2.962576196971051
RGS1,-2.9647880753410654
FERMT2,-2.968494808657892
UBL5,-2.9763483738600525
HEATR5A,-2.986437005309594
GPX8,-2.992548347529283
LOC374443,-2.995587575968861
CCS,-3.0064450336090514
ZNF440,-3.015823592214846
C4B,-3.0162069529685556
ELOVL2,-3.018417589271115
ELOVL2-AS1,-3.026334774786842
KIAA1383,-3.0266136857356254
ABCC6,-3.027234958636776
RBM39,-3.052611475888331
DCAF4,-3.052936322750094
RYR3,-3.05462526981174
C20orf94,-3.0613669029929333
DBX2,-3.065125105827347
LPAR6,-3.066820116298088
PTBP1,-3.0707944337477504
ABCC10,-3.0779861828053217
FAM84A,-3.0803989616338194
CRISPLD1,-3.0847595753363812
RPS15,-3.0914969550227753
GOLGA8A,-3.0941747819464287
PCSK5,-3.111474512861471
PAX6,-3.114083337219425
LOC653061,-3.121779094972082
ZNF69,-3.1252422907051067
ARHGEF26,-3.130495903048681
WHAMMP3,-3.1370921246329795
TMEM220,-3.1443824219834933
FZD8,-3.148745673439492
ZNF564,-3.1614100916383845
ABHD12,-3.1696229745099216
FAF1,-3.179138173681487
DMRTA2,-3.18099205329988
ABCC6P1,-3.1828052914047
SLC8A1,-3.1876876737369293
GAB3,-3.1913785985875993
FLT3LG,-3.2021183950785437
MANEAL,-3.203258290047299
C14orf149,-3.2045960812489116
CNGA3,-3.2046773089347296
PKIB,-3.206861876242898
NPAS3,-3.2137556522875133
LOC100506585,-3.215205718305992
LYL1,-3.2164714512498507
ERBB2IP,-3.2205986047029156
KLF2,-3.222650992160983
TMEM221,-3.2264915744497302
TSPAN5,-3.240807015654652
LOC100652991,-3.255308815237836
ZNF217,-3.271830058260816
ZIC2,-3.2750175138858273
PCDHB13,-3.2813842473741492
KIF6,-3.2881320121068263
ZFHX4,-3.2891951635599246
ZHX1,-3.295965835013224
DTNA,-3.3249883432347285
PAR-SN,-3.352495098991763
INMT,-3.361777157783158
YAP1,-3.3632614088425794
ANKRD42,-3.3781440823068625
CUL9,-3.3887285305049577
PITX1,-3.401449747273735
HOXB7,-3.4575411877871773
FRMD3,-3.491998979314533
PLAGL1,-3.505142168281898
STON2,-3.5313945182761195
GJA1,-3.536889149977092
PCDHB8,-3.5675671318347617
FAM161B,-3.5891022100386216
FAM63B,-3.6532643398691156
XIST,-3.6548965654824697
WWC2,-3.719665854097199
ERMAP,-3.811220945259813
LOC100505518,-3.8390432310922207
CDKN2C,-3.920598669772916
SEPT10,-3.9564013726250313
NPNT,-3.9574446827671603
NME3,-4.013125795822787
ARX,-4.0177369041939395
CHERP,-4.063113425238621
LMO3,-4.06366269726993
ZNF257,-4.331742497577775
LOC253039,-5.192734557976964
